solid exported
	facet normal 1 0 0
		outer loop
			vertex -1.4599999964237214 2.1900000035762788 3.5999999046325684
			vertex -1.4599999964237214 2.0099999964237214 3.5999999046325684
			vertex -1.4599999964237214 2.1900000035762788 -3.5999999046325684
		endloop
	endfacet
	facet normal 1 0 0
		outer loop
			vertex -1.4599999964237214 2.0099999964237214 3.5999999046325684
			vertex -1.4599999964237214 2.0099999964237214 -3.5999999046325684
			vertex -1.4599999964237214 2.1900000035762788 -3.5999999046325684
		endloop
	endfacet
	facet normal -1 0 0
		outer loop
			vertex -1.6400000035762787 2.1900000035762788 -3.5999999046325684
			vertex -1.6400000035762787 2.0099999964237214 -3.5999999046325684
			vertex -1.6400000035762787 2.1900000035762788 3.5999999046325684
		endloop
	endfacet
	facet normal -1 0 0
		outer loop
			vertex -1.6400000035762787 2.0099999964237214 -3.5999999046325684
			vertex -1.6400000035762787 2.0099999964237214 3.5999999046325684
			vertex -1.6400000035762787 2.1900000035762788 3.5999999046325684
		endloop
	endfacet
	facet normal 0 1 0
		outer loop
			vertex -1.6400000035762787 2.1900000035762788 -3.5999999046325684
			vertex -1.6400000035762787 2.1900000035762788 3.5999999046325684
			vertex -1.4599999964237214 2.1900000035762788 -3.5999999046325684
		endloop
	endfacet
	facet normal 0 1 0
		outer loop
			vertex -1.6400000035762787 2.1900000035762788 3.5999999046325684
			vertex -1.4599999964237214 2.1900000035762788 3.5999999046325684
			vertex -1.4599999964237214 2.1900000035762788 -3.5999999046325684
		endloop
	endfacet
	facet normal 0 -1 0
		outer loop
			vertex -1.6400000035762787 2.0099999964237214 3.5999999046325684
			vertex -1.6400000035762787 2.0099999964237214 -3.5999999046325684
			vertex -1.4599999964237214 2.0099999964237214 3.5999999046325684
		endloop
	endfacet
	facet normal 0 -1 0
		outer loop
			vertex -1.6400000035762787 2.0099999964237214 -3.5999999046325684
			vertex -1.4599999964237214 2.0099999964237214 -3.5999999046325684
			vertex -1.4599999964237214 2.0099999964237214 3.5999999046325684
		endloop
	endfacet
	facet normal 0 0 1
		outer loop
			vertex -1.6400000035762787 2.1900000035762788 3.5999999046325684
			vertex -1.6400000035762787 2.0099999964237214 3.5999999046325684
			vertex -1.4599999964237214 2.1900000035762788 3.5999999046325684
		endloop
	endfacet
	facet normal 0 0 1
		outer loop
			vertex -1.6400000035762787 2.0099999964237214 3.5999999046325684
			vertex -1.4599999964237214 2.0099999964237214 3.5999999046325684
			vertex -1.4599999964237214 2.1900000035762788 3.5999999046325684
		endloop
	endfacet
	facet normal 0 0 -1
		outer loop
			vertex -1.4599999964237214 2.1900000035762788 -3.5999999046325684
			vertex -1.4599999964237214 2.0099999964237214 -3.5999999046325684
			vertex -1.6400000035762787 2.1900000035762788 -3.5999999046325684
		endloop
	endfacet
	facet normal 0 0 -1
		outer loop
			vertex -1.4599999964237214 2.0099999964237214 -3.5999999046325684
			vertex -1.6400000035762787 2.0099999964237214 -3.5999999046325684
			vertex -1.6400000035762787 2.1900000035762788 -3.5999999046325684
		endloop
	endfacet
	facet normal 1 0 0
		outer loop
			vertex 1.6400000035762787 2.1900000035762788 3.5999999046325684
			vertex 1.6400000035762787 2.0099999964237214 3.5999999046325684
			vertex 1.6400000035762787 2.1900000035762788 -3.5999999046325684
		endloop
	endfacet
	facet normal 1 0 0
		outer loop
			vertex 1.6400000035762787 2.0099999964237214 3.5999999046325684
			vertex 1.6400000035762787 2.0099999964237214 -3.5999999046325684
			vertex 1.6400000035762787 2.1900000035762788 -3.5999999046325684
		endloop
	endfacet
	facet normal -1 0 0
		outer loop
			vertex 1.4599999964237214 2.1900000035762788 -3.5999999046325684
			vertex 1.4599999964237214 2.0099999964237214 -3.5999999046325684
			vertex 1.4599999964237214 2.1900000035762788 3.5999999046325684
		endloop
	endfacet
	facet normal -1 0 0
		outer loop
			vertex 1.4599999964237214 2.0099999964237214 -3.5999999046325684
			vertex 1.4599999964237214 2.0099999964237214 3.5999999046325684
			vertex 1.4599999964237214 2.1900000035762788 3.5999999046325684
		endloop
	endfacet
	facet normal 0 1 0
		outer loop
			vertex 1.4599999964237214 2.1900000035762788 -3.5999999046325684
			vertex 1.4599999964237214 2.1900000035762788 3.5999999046325684
			vertex 1.6400000035762787 2.1900000035762788 -3.5999999046325684
		endloop
	endfacet
	facet normal 0 1 0
		outer loop
			vertex 1.4599999964237214 2.1900000035762788 3.5999999046325684
			vertex 1.6400000035762787 2.1900000035762788 3.5999999046325684
			vertex 1.6400000035762787 2.1900000035762788 -3.5999999046325684
		endloop
	endfacet
	facet normal 0 -1 0
		outer loop
			vertex 1.4599999964237214 2.0099999964237214 3.5999999046325684
			vertex 1.4599999964237214 2.0099999964237214 -3.5999999046325684
			vertex 1.6400000035762787 2.0099999964237214 3.5999999046325684
		endloop
	endfacet
	facet normal 0 -1 0
		outer loop
			vertex 1.4599999964237214 2.0099999964237214 -3.5999999046325684
			vertex 1.6400000035762787 2.0099999964237214 -3.5999999046325684
			vertex 1.6400000035762787 2.0099999964237214 3.5999999046325684
		endloop
	endfacet
	facet normal 0 0 1
		outer loop
			vertex 1.4599999964237214 2.1900000035762788 3.5999999046325684
			vertex 1.4599999964237214 2.0099999964237214 3.5999999046325684
			vertex 1.6400000035762787 2.1900000035762788 3.5999999046325684
		endloop
	endfacet
	facet normal 0 0 1
		outer loop
			vertex 1.4599999964237214 2.0099999964237214 3.5999999046325684
			vertex 1.6400000035762787 2.0099999964237214 3.5999999046325684
			vertex 1.6400000035762787 2.1900000035762788 3.5999999046325684
		endloop
	endfacet
	facet normal 0 0 -1
		outer loop
			vertex 1.6400000035762787 2.1900000035762788 -3.5999999046325684
			vertex 1.6400000035762787 2.0099999964237214 -3.5999999046325684
			vertex 1.4599999964237214 2.1900000035762788 -3.5999999046325684
		endloop
	endfacet
	facet normal 0 0 -1
		outer loop
			vertex 1.6400000035762787 2.0099999964237214 -3.5999999046325684
			vertex 1.4599999964237214 2.0099999964237214 -3.5999999046325684
			vertex 1.4599999964237214 2.1900000035762788 -3.5999999046325684
		endloop
	endfacet
	facet normal 1 0 0
		outer loop
			vertex 1.6749999523162842 1.0149999976158142 -2.9200000017881393
			vertex 1.6749999523162842 0.8850000023841857 -2.9200000017881393
			vertex 1.6749999523162842 1.0149999976158142 -3.0799999982118607
		endloop
	endfacet
	facet normal 1 0 0
		outer loop
			vertex 1.6749999523162842 0.8850000023841857 -2.9200000017881393
			vertex 1.6749999523162842 0.8850000023841857 -3.0799999982118607
			vertex 1.6749999523162842 1.0149999976158142 -3.0799999982118607
		endloop
	endfacet
	facet normal -1 0 0
		outer loop
			vertex -1.6749999523162842 1.0149999976158142 -3.0799999982118607
			vertex -1.6749999523162842 0.8850000023841857 -3.0799999982118607
			vertex -1.6749999523162842 1.0149999976158142 -2.9200000017881393
		endloop
	endfacet
	facet normal -1 0 0
		outer loop
			vertex -1.6749999523162842 0.8850000023841857 -3.0799999982118607
			vertex -1.6749999523162842 0.8850000023841857 -2.9200000017881393
			vertex -1.6749999523162842 1.0149999976158142 -2.9200000017881393
		endloop
	endfacet
	facet normal 0 1 0
		outer loop
			vertex -1.6749999523162842 1.0149999976158142 -3.0799999982118607
			vertex -1.6749999523162842 1.0149999976158142 -2.9200000017881393
			vertex 1.6749999523162842 1.0149999976158142 -3.0799999982118607
		endloop
	endfacet
	facet normal 0 1 0
		outer loop
			vertex -1.6749999523162842 1.0149999976158142 -2.9200000017881393
			vertex 1.6749999523162842 1.0149999976158142 -2.9200000017881393
			vertex 1.6749999523162842 1.0149999976158142 -3.0799999982118607
		endloop
	endfacet
	facet normal 0 -1 0
		outer loop
			vertex -1.6749999523162842 0.8850000023841857 -2.9200000017881393
			vertex -1.6749999523162842 0.8850000023841857 -3.0799999982118607
			vertex 1.6749999523162842 0.8850000023841857 -2.9200000017881393
		endloop
	endfacet
	facet normal 0 -1 0
		outer loop
			vertex -1.6749999523162842 0.8850000023841857 -3.0799999982118607
			vertex 1.6749999523162842 0.8850000023841857 -3.0799999982118607
			vertex 1.6749999523162842 0.8850000023841857 -2.9200000017881393
		endloop
	endfacet
	facet normal 0 0 1
		outer loop
			vertex -1.6749999523162842 1.0149999976158142 -2.9200000017881393
			vertex -1.6749999523162842 0.8850000023841857 -2.9200000017881393
			vertex 1.6749999523162842 1.0149999976158142 -2.9200000017881393
		endloop
	endfacet
	facet normal 0 0 1
		outer loop
			vertex -1.6749999523162842 0.8850000023841857 -2.9200000017881393
			vertex 1.6749999523162842 0.8850000023841857 -2.9200000017881393
			vertex 1.6749999523162842 1.0149999976158142 -2.9200000017881393
		endloop
	endfacet
	facet normal 0 0 -1
		outer loop
			vertex 1.6749999523162842 1.0149999976158142 -3.0799999982118607
			vertex 1.6749999523162842 0.8850000023841857 -3.0799999982118607
			vertex -1.6749999523162842 1.0149999976158142 -3.0799999982118607
		endloop
	endfacet
	facet normal 0 0 -1
		outer loop
			vertex 1.6749999523162842 0.8850000023841857 -3.0799999982118607
			vertex -1.6749999523162842 0.8850000023841857 -3.0799999982118607
			vertex -1.6749999523162842 1.0149999976158142 -3.0799999982118607
		endloop
	endfacet
	facet normal 0.9208759616676092 0.08056620998474222 0.38144009887720354
		outer loop
			vertex 1.1489949226379395 1.67 -2.9010050520300865
			vertex 1.190000057220459 1.67 -3
			vertex 1.1315391063690186 1.8695208859443664 -2.9010050520300865
		endloop
	endfacet
	facet normal 0.92087604491655 0.08056634862557174 0.3814398686136459
		outer loop
			vertex 1.190000057220459 1.67 -3
			vertex 1.1719212532043457 1.8766413313150405 -3
			vertex 1.1315391063690186 1.8695208859443664 -2.9010050520300865
		endloop
	endfacet
	facet normal 0.8928956807768337 0.23925081741320411 0.38143983748055044
		outer loop
			vertex 1.1315391063690186 1.8695208859443664 -2.9010050520300865
			vertex 1.1719212532043457 1.8766413313150405 -3
			vertex 1.0797020196914673 2.0629794132709502 -2.9010050520300865
		endloop
	endfacet
	facet normal 0.8928955624497305 0.23925050889252683 0.38144030798048445
		outer loop
			vertex 1.1719212532043457 1.8766413313150405 -3
			vertex 1.1182342767715454 2.0770039689540862 -3
			vertex 1.0797020196914673 2.0629794132709502 -2.9010050520300865
		endloop
	endfacet
	facet normal 0.8377851413405386 0.39066530070983163 0.3814402702525136
		outer loop
			vertex 1.0797020196914673 2.0629794132709502 -2.9010050520300865
			vertex 1.1182342767715454 2.0770039689540862 -3
			vertex 0.9950588345527649 2.2444974613189697 -2.9010050520300865
		endloop
	endfacet
	facet normal 0.8377852165653551 0.3906656883094385 0.38143970805653393
		outer loop
			vertex 1.1182342767715454 2.0770039689540862 -3
			vertex 1.0305702686309814 2.2650000286102294 -3
			vertex 0.9950588345527649 2.2444974613189697 -2.9010050520300865
		endloop
	endfacet
	facet normal 0.757218973816169 0.5302104746464662 0.3814397439543462
		outer loop
			vertex 0.9950588345527649 2.2444974613189697 -2.9010050520300865
			vertex 1.0305702686309814 2.2650000286102294 -3
			vertex 0.8801811933517456 2.4085597229003906 -2.9010050520300865
		endloop
	endfacet
	facet normal 0.7572189766226678 0.5302106381601174 0.38143951109495805
		outer loop
			vertex 1.0305702686309814 2.2650000286102294 -3
			vertex 0.9115929007530212 2.434917254447937 -3
			vertex 0.8801811933517456 2.4085597229003906 -2.9010050520300865
		endloop
	endfacet
	facet normal 0.6536451330744031 0.6536451330744031 0.3814394840814093
		outer loop
			vertex 0.8801811933517456 2.4085597229003906 -2.9010050520300865
			vertex 0.9115929007530212 2.434917254447937 -3
			vertex 0.7385597229003906 2.5501811933517455 -2.9010050520300865
		endloop
	endfacet
	facet normal 0.6536451330744031 0.6536451330744031 0.3814394840814093
		outer loop
			vertex 0.9115929007530212 2.434917254447937 -3
			vertex 0.764917254447937 2.581592900753021 -3
			vertex 0.7385597229003906 2.5501811933517455 -2.9010050520300865
		endloop
	endfacet
	facet normal 0.5302105307256281 0.757219053905506 0.381439507012709
		outer loop
			vertex 0.7385597229003906 2.5501811933517455 -2.9010050520300865
			vertex 0.764917254447937 2.581592900753021 -3
			vertex 0.5744974613189697 2.665058834552765 -2.9010050520300865
		endloop
	endfacet
	facet normal 0.5302105840133114 0.7572188992930443 0.3814397398720983
		outer loop
			vertex 0.764917254447937 2.581592900753021 -3
			vertex 0.5950000286102295 2.7005702686309814 -3
			vertex 0.5744974613189697 2.665058834552765 -2.9010050520300865
		endloop
	endfacet
	facet normal 0.39066540046897963 0.8377853552749008 0.3814396982005412
		outer loop
			vertex 0.5744974613189697 2.665058834552765 -2.9010050520300865
			vertex 0.5950000286102295 2.7005702686309814 -3
			vertex 0.3929794132709503 2.749702019691467 -2.9010050520300865
		endloop
	endfacet
	facet normal 0.39066559198775835 0.8377850100028592 0.38144026039651846
		outer loop
			vertex 0.5950000286102295 2.7005702686309814 -3
			vertex 0.4070039689540863 2.7882342767715453 -3
			vertex 0.3929794132709503 2.749702019691467 -2.9010050520300865
		endloop
	endfacet
	facet normal 0.2392507662835264 0.892895489958391 0.3814403162287789
		outer loop
			vertex 0.3929794132709503 2.749702019691467 -2.9010050520300865
			vertex 0.4070039689540863 2.7882342767715453 -3
			vertex 0.19952088594436646 2.8015391063690185 -2.9010050520300865
		endloop
	endfacet
	facet normal 0.23925055826032493 0.8928957466929659 0.3814398457289614
		outer loop
			vertex 0.4070039689540863 2.7882342767715453 -3
			vertex 0.2066413313150406 2.8419212532043456 -3
			vertex 0.19952088594436646 2.8015391063690185 -2.9010050520300865
		endloop
	endfacet
	facet normal 0.08056621841106627 0.9208760579809301 0.3814398645768989
		outer loop
			vertex 0.19952088594436646 2.8015391063690185 -2.9010050520300865
			vertex 0.2066413313150406 2.8419212532043456 -3
			vertex 7.035564847735076e-17 2.8189949226379394 -2.9010050520300865
		endloop
	endfacet
	facet normal 0.08056634048958887 0.9208759519219948 0.38144009484042946
		outer loop
			vertex 0.2066413313150406 2.8419212532043456 -3
			vertex 7.286648574358402e-17 2.860000057220459 -3
			vertex 7.035564847735076e-17 2.8189949226379394 -2.9010050520300865
		endloop
	endfacet
	facet normal -0.08056620998474218 0.9208759616676092 0.3814400988772035
		outer loop
			vertex 7.035564847735076e-17 2.8189949226379394 -2.9010050520300865
			vertex 7.286648574358402e-17 2.860000057220459 -3
			vertex -0.19952088594436646 2.8015391063690185 -2.9010050520300865
		endloop
	endfacet
	facet normal -0.08056634862557173 0.92087604491655 0.3814398686136459
		outer loop
			vertex 7.286648574358402e-17 2.860000057220459 -3
			vertex -0.2066413313150406 2.8419212532043456 -3
			vertex -0.19952088594436646 2.8015391063690185 -2.9010050520300865
		endloop
	endfacet
	facet normal -0.23925081741320411 0.8928956807768337 0.38143983748055044
		outer loop
			vertex -0.19952088594436646 2.8015391063690185 -2.9010050520300865
			vertex -0.2066413313150406 2.8419212532043456 -3
			vertex -0.3929794132709503 2.749702019691467 -2.9010050520300865
		endloop
	endfacet
	facet normal -0.23925050889252683 0.8928955624497305 0.38144030798048445
		outer loop
			vertex -0.2066413313150406 2.8419212532043456 -3
			vertex -0.4070039689540863 2.7882342767715453 -3
			vertex -0.3929794132709503 2.749702019691467 -2.9010050520300865
		endloop
	endfacet
	facet normal -0.39066530070983163 0.8377851413405386 0.3814402702525136
		outer loop
			vertex -0.3929794132709503 2.749702019691467 -2.9010050520300865
			vertex -0.4070039689540863 2.7882342767715453 -3
			vertex -0.5744974613189697 2.665058834552765 -2.9010050520300865
		endloop
	endfacet
	facet normal -0.3906656883094385 0.8377852165653551 0.38143970805653393
		outer loop
			vertex -0.4070039689540863 2.7882342767715453 -3
			vertex -0.5950000286102295 2.7005702686309814 -3
			vertex -0.5744974613189697 2.665058834552765 -2.9010050520300865
		endloop
	endfacet
	facet normal -0.5302104746464662 0.757218973816169 0.3814397439543462
		outer loop
			vertex -0.5744974613189697 2.665058834552765 -2.9010050520300865
			vertex -0.5950000286102295 2.7005702686309814 -3
			vertex -0.7385597229003906 2.5501811933517455 -2.9010050520300865
		endloop
	endfacet
	facet normal -0.5302106381601174 0.7572189766226678 0.38143951109495805
		outer loop
			vertex -0.5950000286102295 2.7005702686309814 -3
			vertex -0.764917254447937 2.581592900753021 -3
			vertex -0.7385597229003906 2.5501811933517455 -2.9010050520300865
		endloop
	endfacet
	facet normal -0.6536451330744031 0.6536451330744031 0.3814394840814093
		outer loop
			vertex -0.7385597229003906 2.5501811933517455 -2.9010050520300865
			vertex -0.764917254447937 2.581592900753021 -3
			vertex -0.8801811933517456 2.4085597229003906 -2.9010050520300865
		endloop
	endfacet
	facet normal -0.6536451330744031 0.6536451330744031 0.3814394840814093
		outer loop
			vertex -0.764917254447937 2.581592900753021 -3
			vertex -0.9115929007530212 2.434917254447937 -3
			vertex -0.8801811933517456 2.4085597229003906 -2.9010050520300865
		endloop
	endfacet
	facet normal -0.757219053905506 0.5302105307256281 0.381439507012709
		outer loop
			vertex -0.8801811933517456 2.4085597229003906 -2.9010050520300865
			vertex -0.9115929007530212 2.434917254447937 -3
			vertex -0.9950588345527649 2.2444974613189697 -2.9010050520300865
		endloop
	endfacet
	facet normal -0.7572188992930443 0.5302105840133114 0.3814397398720983
		outer loop
			vertex -0.9115929007530212 2.434917254447937 -3
			vertex -1.0305702686309814 2.2650000286102294 -3
			vertex -0.9950588345527649 2.2444974613189697 -2.9010050520300865
		endloop
	endfacet
	facet normal -0.8377853552749008 0.39066540046897963 0.3814396982005412
		outer loop
			vertex -0.9950588345527649 2.2444974613189697 -2.9010050520300865
			vertex -1.0305702686309814 2.2650000286102294 -3
			vertex -1.0797020196914673 2.0629794132709502 -2.9010050520300865
		endloop
	endfacet
	facet normal -0.8377850100028592 0.39066559198775835 0.38144026039651846
		outer loop
			vertex -1.0305702686309814 2.2650000286102294 -3
			vertex -1.1182342767715454 2.0770039689540862 -3
			vertex -1.0797020196914673 2.0629794132709502 -2.9010050520300865
		endloop
	endfacet
	facet normal -0.892895489958391 0.2392507662835264 0.3814403162287789
		outer loop
			vertex -1.0797020196914673 2.0629794132709502 -2.9010050520300865
			vertex -1.1182342767715454 2.0770039689540862 -3
			vertex -1.1315391063690186 1.8695208859443664 -2.9010050520300865
		endloop
	endfacet
	facet normal -0.8928957466929659 0.23925055826032493 0.3814398457289614
		outer loop
			vertex -1.1182342767715454 2.0770039689540862 -3
			vertex -1.1719212532043457 1.8766413313150405 -3
			vertex -1.1315391063690186 1.8695208859443664 -2.9010050520300865
		endloop
	endfacet
	facet normal -0.9208760579809302 0.08056621841106633 0.38143986457689893
		outer loop
			vertex -1.1315391063690186 1.8695208859443664 -2.9010050520300865
			vertex -1.1719212532043457 1.8766413313150405 -3
			vertex -1.1489949226379395 1.6700000000000002 -2.9010050520300865
		endloop
	endfacet
	facet normal -0.9208759519219947 0.08056634048958893 0.3814400948404294
		outer loop
			vertex -1.1719212532043457 1.8766413313150405 -3
			vertex -1.190000057220459 1.6700000000000002 -3
			vertex -1.1489949226379395 1.6700000000000002 -2.9010050520300865
		endloop
	endfacet
	facet normal -0.9208759616676092 -0.08056620998474213 0.38144009887720354
		outer loop
			vertex -1.1489949226379395 1.6700000000000002 -2.9010050520300865
			vertex -1.190000057220459 1.6700000000000002 -3
			vertex -1.1315391063690186 1.4704791140556335 -2.9010050520300865
		endloop
	endfacet
	facet normal -0.9208760449165498 -0.08056634862557166 0.38143986861364587
		outer loop
			vertex -1.190000057220459 1.6700000000000002 -3
			vertex -1.1719212532043457 1.4633586686849593 -3
			vertex -1.1315391063690186 1.4704791140556335 -2.9010050520300865
		endloop
	endfacet
	facet normal -0.8928956807768337 -0.23925081741320411 0.38143983748055044
		outer loop
			vertex -1.1315391063690186 1.4704791140556335 -2.9010050520300865
			vertex -1.1719212532043457 1.4633586686849593 -3
			vertex -1.0797020196914673 1.2770205867290496 -2.9010050520300865
		endloop
	endfacet
	facet normal -0.8928955624497305 -0.23925050889252683 0.38144030798048445
		outer loop
			vertex -1.1719212532043457 1.4633586686849593 -3
			vertex -1.1182342767715454 1.2629960310459136 -3
			vertex -1.0797020196914673 1.2770205867290496 -2.9010050520300865
		endloop
	endfacet
	facet normal -0.8377851413405386 -0.39066530070983163 0.3814402702525136
		outer loop
			vertex -1.0797020196914673 1.2770205867290496 -2.9010050520300865
			vertex -1.1182342767715454 1.2629960310459136 -3
			vertex -0.9950588345527649 1.0955025386810302 -2.9010050520300865
		endloop
	endfacet
	facet normal -0.8377852165653551 -0.3906656883094385 0.38143970805653393
		outer loop
			vertex -1.1182342767715454 1.2629960310459136 -3
			vertex -1.0305702686309814 1.0749999713897704 -3
			vertex -0.9950588345527649 1.0955025386810302 -2.9010050520300865
		endloop
	endfacet
	facet normal -0.757218973816169 -0.5302104746464662 0.3814397439543462
		outer loop
			vertex -0.9950588345527649 1.0955025386810302 -2.9010050520300865
			vertex -1.0305702686309814 1.0749999713897704 -3
			vertex -0.8801811933517456 0.9314402770996093 -2.9010050520300865
		endloop
	endfacet
	facet normal -0.7572189766226678 -0.5302106381601174 0.38143951109495805
		outer loop
			vertex -1.0305702686309814 1.0749999713897704 -3
			vertex -0.9115929007530212 0.9050827455520629 -3
			vertex -0.8801811933517456 0.9314402770996093 -2.9010050520300865
		endloop
	endfacet
	facet normal -0.6536451330744031 -0.6536451330744031 0.3814394840814093
		outer loop
			vertex -0.8801811933517456 0.9314402770996093 -2.9010050520300865
			vertex -0.9115929007530212 0.9050827455520629 -3
			vertex -0.7385597229003906 0.7898188066482543 -2.9010050520300865
		endloop
	endfacet
	facet normal -0.6536451330744031 -0.6536451330744031 0.3814394840814093
		outer loop
			vertex -0.9115929007530212 0.9050827455520629 -3
			vertex -0.764917254447937 0.7584070992469787 -3
			vertex -0.7385597229003906 0.7898188066482543 -2.9010050520300865
		endloop
	endfacet
	facet normal -0.5302105307256281 -0.757219053905506 0.381439507012709
		outer loop
			vertex -0.7385597229003906 0.7898188066482543 -2.9010050520300865
			vertex -0.764917254447937 0.7584070992469787 -3
			vertex -0.5744974613189697 0.674941165447235 -2.9010050520300865
		endloop
	endfacet
	facet normal -0.5302105840133114 -0.7572188992930443 0.3814397398720983
		outer loop
			vertex -0.764917254447937 0.7584070992469787 -3
			vertex -0.5950000286102295 0.6394297313690185 -3
			vertex -0.5744974613189697 0.674941165447235 -2.9010050520300865
		endloop
	endfacet
	facet normal -0.39066540046897963 -0.8377853552749008 0.3814396982005412
		outer loop
			vertex -0.5744974613189697 0.674941165447235 -2.9010050520300865
			vertex -0.5950000286102295 0.6394297313690185 -3
			vertex -0.3929794132709503 0.5902979803085326 -2.9010050520300865
		endloop
	endfacet
	facet normal -0.39066559198775835 -0.8377850100028592 0.38144026039651846
		outer loop
			vertex -0.5950000286102295 0.6394297313690185 -3
			vertex -0.4070039689540863 0.5517657232284545 -3
			vertex -0.3929794132709503 0.5902979803085326 -2.9010050520300865
		endloop
	endfacet
	facet normal -0.2392507662835264 -0.892895489958391 0.3814403162287789
		outer loop
			vertex -0.3929794132709503 0.5902979803085326 -2.9010050520300865
			vertex -0.4070039689540863 0.5517657232284545 -3
			vertex -0.19952088594436646 0.5384608936309814 -2.9010050520300865
		endloop
	endfacet
	facet normal -0.23925055826032493 -0.8928957466929659 0.3814398457289614
		outer loop
			vertex -0.4070039689540863 0.5517657232284545 -3
			vertex -0.2066413313150406 0.4980787467956542 -3
			vertex -0.19952088594436646 0.5384608936309814 -2.9010050520300865
		endloop
	endfacet
	facet normal -0.08056621841106633 -0.9208760579809302 0.38143986457689893
		outer loop
			vertex -0.19952088594436646 0.5384608936309814 -2.9010050520300865
			vertex -0.2066413313150406 0.4980787467956542 -3
			vertex -2.1106695204949717e-16 0.5210050773620605 -2.9010050520300865
		endloop
	endfacet
	facet normal -0.08056634048958893 -0.9208759519219947 0.3814400948404294
		outer loop
			vertex -0.2066413313150406 0.4980787467956542 -3
			vertex -2.1859945723075205e-16 0.47999994277954094 -3
			vertex -2.1106695204949717e-16 0.5210050773620605 -2.9010050520300865
		endloop
	endfacet
	facet normal 0.08056620998474213 -0.9208759616676092 0.38144009887720354
		outer loop
			vertex -2.1106695204949717e-16 0.5210050773620605 -2.9010050520300865
			vertex -2.1859945723075205e-16 0.47999994277954094 -3
			vertex 0.19952088594436646 0.5384608936309814 -2.9010050520300865
		endloop
	endfacet
	facet normal 0.08056634862557166 -0.9208760449165498 0.38143986861364587
		outer loop
			vertex -2.1859945723075205e-16 0.47999994277954094 -3
			vertex 0.2066413313150406 0.4980787467956542 -3
			vertex 0.19952088594436646 0.5384608936309814 -2.9010050520300865
		endloop
	endfacet
	facet normal 0.23925081741320411 -0.8928956807768337 0.38143983748055044
		outer loop
			vertex 0.19952088594436646 0.5384608936309814 -2.9010050520300865
			vertex 0.2066413313150406 0.4980787467956542 -3
			vertex 0.3929794132709503 0.5902979803085326 -2.9010050520300865
		endloop
	endfacet
	facet normal 0.23925050889252683 -0.8928955624497305 0.38144030798048445
		outer loop
			vertex 0.2066413313150406 0.4980787467956542 -3
			vertex 0.4070039689540863 0.5517657232284545 -3
			vertex 0.3929794132709503 0.5902979803085326 -2.9010050520300865
		endloop
	endfacet
	facet normal 0.39066530070983163 -0.8377851413405386 0.3814402702525136
		outer loop
			vertex 0.3929794132709503 0.5902979803085326 -2.9010050520300865
			vertex 0.4070039689540863 0.5517657232284545 -3
			vertex 0.5744974613189697 0.674941165447235 -2.9010050520300865
		endloop
	endfacet
	facet normal 0.3906656883094385 -0.8377852165653551 0.38143970805653393
		outer loop
			vertex 0.4070039689540863 0.5517657232284545 -3
			vertex 0.5950000286102295 0.6394297313690185 -3
			vertex 0.5744974613189697 0.674941165447235 -2.9010050520300865
		endloop
	endfacet
	facet normal 0.5302104746464662 -0.757218973816169 0.3814397439543462
		outer loop
			vertex 0.5744974613189697 0.674941165447235 -2.9010050520300865
			vertex 0.5950000286102295 0.6394297313690185 -3
			vertex 0.7385597229003906 0.7898188066482543 -2.9010050520300865
		endloop
	endfacet
	facet normal 0.5302106381601174 -0.7572189766226678 0.38143951109495805
		outer loop
			vertex 0.5950000286102295 0.6394297313690185 -3
			vertex 0.764917254447937 0.7584070992469787 -3
			vertex 0.7385597229003906 0.7898188066482543 -2.9010050520300865
		endloop
	endfacet
	facet normal 0.6536451330744031 -0.6536451330744031 0.3814394840814093
		outer loop
			vertex 0.7385597229003906 0.7898188066482543 -2.9010050520300865
			vertex 0.764917254447937 0.7584070992469787 -3
			vertex 0.8801811933517456 0.9314402770996093 -2.9010050520300865
		endloop
	endfacet
	facet normal 0.6536451330744031 -0.6536451330744031 0.3814394840814093
		outer loop
			vertex 0.764917254447937 0.7584070992469787 -3
			vertex 0.9115929007530212 0.9050827455520629 -3
			vertex 0.8801811933517456 0.9314402770996093 -2.9010050520300865
		endloop
	endfacet
	facet normal 0.757219053905506 -0.5302105307256281 0.381439507012709
		outer loop
			vertex 0.8801811933517456 0.9314402770996093 -2.9010050520300865
			vertex 0.9115929007530212 0.9050827455520629 -3
			vertex 0.9950588345527649 1.0955025386810302 -2.9010050520300865
		endloop
	endfacet
	facet normal 0.7572188992930443 -0.5302105840133114 0.3814397398720983
		outer loop
			vertex 0.9115929007530212 0.9050827455520629 -3
			vertex 1.0305702686309814 1.0749999713897704 -3
			vertex 0.9950588345527649 1.0955025386810302 -2.9010050520300865
		endloop
	endfacet
	facet normal 0.8377853552749008 -0.39066540046897963 0.3814396982005412
		outer loop
			vertex 0.9950588345527649 1.0955025386810302 -2.9010050520300865
			vertex 1.0305702686309814 1.0749999713897704 -3
			vertex 1.0797020196914673 1.2770205867290496 -2.9010050520300865
		endloop
	endfacet
	facet normal 0.8377850100028592 -0.39066559198775835 0.38144026039651846
		outer loop
			vertex 1.0305702686309814 1.0749999713897704 -3
			vertex 1.1182342767715454 1.2629960310459136 -3
			vertex 1.0797020196914673 1.2770205867290496 -2.9010050520300865
		endloop
	endfacet
	facet normal 0.892895489958391 -0.2392507662835264 0.3814403162287789
		outer loop
			vertex 1.0797020196914673 1.2770205867290496 -2.9010050520300865
			vertex 1.1182342767715454 1.2629960310459136 -3
			vertex 1.1315391063690186 1.4704791140556335 -2.9010050520300865
		endloop
	endfacet
	facet normal 0.8928957466929659 -0.23925055826032493 0.3814398457289614
		outer loop
			vertex 1.1182342767715454 1.2629960310459136 -3
			vertex 1.1719212532043457 1.4633586686849593 -3
			vertex 1.1315391063690186 1.4704791140556335 -2.9010050520300865
		endloop
	endfacet
	facet normal 0.9208760579809302 -0.08056621841106633 0.38143986457689893
		outer loop
			vertex 1.1315391063690186 1.4704791140556335 -2.9010050520300865
			vertex 1.1719212532043457 1.4633586686849593 -3
			vertex 1.1489949226379395 1.6699999999999997 -2.9010050520300865
		endloop
	endfacet
	facet normal 0.9208759519219947 -0.08056634048958893 0.3814400948404294
		outer loop
			vertex 1.1719212532043457 1.4633586686849593 -3
			vertex 1.190000057220459 1.6699999999999997 -3
			vertex 1.1489949226379395 1.6699999999999997 -2.9010050520300865
		endloop
	endfacet
	facet normal 0.38246907936947655 0.033461483556948814 0.9233621892001171
		outer loop
			vertex 1.0499999523162842 1.67 -2.8599999994039536
			vertex 1.1489949226379395 1.67 -2.9010050520300865
			vertex 1.0340481996536255 1.8523305934667587 -2.8599999994039536
		endloop
	endfacet
	facet normal 0.38246943169959724 0.033461740592352594 0.923362033945471
		outer loop
			vertex 1.1489949226379395 1.67 -2.9010050520300865
			vertex 1.1315391063690186 1.8695208859443664 -2.9010050520300865
			vertex 1.0340481996536255 1.8523305934667587 -2.8599999994039536
		endloop
	endfacet
	facet normal 0.3708482511595067 0.09936866782609903 0.9233620321771965
		outer loop
			vertex 1.0340481996536255 1.8523305934667587 -2.8599999994039536
			vertex 1.1315391063690186 1.8695208859443664 -2.9010050520300865
			vertex 0.9866772294044495 2.0291211438179015 -2.8599999994039536
		endloop
	endfacet
	facet normal 0.37084809574334054 0.09936850625767571 0.923362111984056
		outer loop
			vertex 1.1315391063690186 1.8695208859443664 -2.9010050520300865
			vertex 1.0797020196914673 2.0629794132709502 -2.9010050520300865
			vertex 0.9866772294044495 2.0291211438179015 -2.8599999994039536
		endloop
	endfacet
	facet normal 0.3479589490523064 0.16225589540612054 0.9233621143302191
		outer loop
			vertex 0.9866772294044495 2.0291211438179015 -2.8599999994039536
			vertex 1.0797020196914673 2.0629794132709502 -2.9010050520300865
			vertex 0.9093266725540161 2.194999976158142 -2.8599999994039536
		endloop
	endfacet
	facet normal 0.3479588430580158 0.16225573759925455 0.9233621820032749
		outer loop
			vertex 1.0797020196914673 2.0629794132709502 -2.9010050520300865
			vertex 0.9950588345527649 2.2444974613189697 -2.9010050520300865
			vertex 0.9093266725540161 2.194999976158142 -2.8599999994039536
		endloop
	endfacet
	facet normal 0.3144971090946992 0.22021316740179295 0.9233621874833012
		outer loop
			vertex 0.9093266725540161 2.194999976158142 -2.8599999994039536
			vertex 0.9950588345527649 2.2444974613189697 -2.9010050520300865
			vertex 0.8043466806411743 2.344926996231079 -2.8599999994039536
		endloop
	endfacet
	facet normal 0.3144971708553603 0.22021330685075172 0.9233621331903485
		outer loop
			vertex 0.9950588345527649 2.2444974613189697 -2.9010050520300865
			vertex 0.8801811933517456 2.4085597229003906 -2.9010050520300865
			vertex 0.8043466806411743 2.344926996231079 -2.8599999994039536
		endloop
	endfacet
	facet normal 0.2714796186440662 0.2714796186440662 0.9233621355252472
		outer loop
			vertex 0.8043466806411743 2.344926996231079 -2.8599999994039536
			vertex 0.8801811933517456 2.4085597229003906 -2.9010050520300865
			vertex 0.6749269962310791 2.4743466806411742 -2.8599999994039536
		endloop
	endfacet
	facet normal 0.2714796186440662 0.2714796186440662 0.9233621355252473
		outer loop
			vertex 0.8801811933517456 2.4085597229003906 -2.9010050520300865
			vertex 0.7385597229003906 2.5501811933517455 -2.9010050520300865
			vertex 0.6749269962310791 2.4743466806411742 -2.8599999994039536
		endloop
	endfacet
	facet normal 0.2202132456687579 0.3144972208715494 0.9233621307461679
		outer loop
			vertex 0.6749269962310791 2.4743466806411742 -2.8599999994039536
			vertex 0.7385597229003906 2.5501811933517455 -2.9010050520300865
			vertex 0.5249999761581421 2.579326672554016 -2.8599999994039536
		endloop
	endfacet
	facet normal 0.22021323532708462 0.3144970687089855 0.9233621850391285
		outer loop
			vertex 0.7385597229003906 2.5501811933517455 -2.9010050520300865
			vertex 0.5744974613189697 2.665058834552765 -2.9010050520300865
			vertex 0.5249999761581421 2.579326672554016 -2.8599999994039536
		endloop
	endfacet
	facet normal 0.16225582352616744 0.34795879490522363 0.9233621850498048
		outer loop
			vertex 0.5249999761581421 2.579326672554016 -2.8599999994039536
			vertex 0.5744974613189697 2.665058834552765 -2.9010050520300865
			vertex 0.3591211438179016 2.6566772294044494 -2.8599999994039536
		endloop
	endfacet
	facet normal 0.1622558032861529 0.34795898392414165 0.9233621173767333
		outer loop
			vertex 0.5744974613189697 2.665058834552765 -2.9010050520300865
			vertex 0.3929794132709503 2.749702019691467 -2.9010050520300865
			vertex 0.3591211438179016 2.6566772294044494 -2.8599999994039536
		endloop
	endfacet
	facet normal 0.09936861591255906 0.3708480574158859 0.9233621155768122
		outer loop
			vertex 0.3591211438179016 2.6566772294044494 -2.8599999994039536
			vertex 0.3929794132709503 2.749702019691467 -2.9010050520300865
			vertex 0.18233059346675873 2.7040481996536254 -2.8599999994039536
		endloop
	endfacet
	facet normal 0.09936855369840543 0.37084827279445 0.9233620357699683
		outer loop
			vertex 0.3929794132709503 2.749702019691467 -2.9010050520300865
			vertex 0.19952088594436646 2.8015391063690185 -2.9010050520300865
			vertex 0.18233059346675873 2.7040481996536254 -2.8599999994039536
		endloop
	endfacet
	facet normal 0.0334615175649772 0.38246946808563387 0.9233620269561345
		outer loop
			vertex 0.18233059346675873 2.7040481996536254 -2.8599999994039536
			vertex 0.19952088594436646 2.8015391063690185 -2.9010050520300865
			vertex 6.429395645199886e-17 2.719999952316284 -2.8599999994039536
		endloop
	endfacet
	facet normal 0.03346170951417627 0.3824690764744286 0.923362182210852
		outer loop
			vertex 0.19952088594436646 2.8015391063690185 -2.9010050520300865
			vertex 7.035564847735076e-17 2.8189949226379394 -2.9010050520300865
			vertex 6.429395645199886e-17 2.719999952316284 -2.8599999994039536
		endloop
	endfacet
	facet normal -0.033461483556948814 0.3824690793694767 0.9233621892001174
		outer loop
			vertex 6.429395645199886e-17 2.719999952316284 -2.8599999994039536
			vertex 7.035564847735076e-17 2.8189949226379394 -2.9010050520300865
			vertex -0.18233059346675873 2.7040481996536254 -2.8599999994039536
		endloop
	endfacet
	facet normal -0.03346174059235259 0.3824694316995973 0.9233620339454711
		outer loop
			vertex 7.035564847735076e-17 2.8189949226379394 -2.9010050520300865
			vertex -0.19952088594436646 2.8015391063690185 -2.9010050520300865
			vertex -0.18233059346675873 2.7040481996536254 -2.8599999994039536
		endloop
	endfacet
	facet normal -0.09936866782609903 0.3708482511595067 0.9233620321771965
		outer loop
			vertex -0.18233059346675873 2.7040481996536254 -2.8599999994039536
			vertex -0.19952088594436646 2.8015391063690185 -2.9010050520300865
			vertex -0.3591211438179016 2.6566772294044494 -2.8599999994039536
		endloop
	endfacet
	facet normal -0.09936850625767571 0.37084809574334054 0.923362111984056
		outer loop
			vertex -0.19952088594436646 2.8015391063690185 -2.9010050520300865
			vertex -0.3929794132709503 2.749702019691467 -2.9010050520300865
			vertex -0.3591211438179016 2.6566772294044494 -2.8599999994039536
		endloop
	endfacet
	facet normal -0.16225589540612054 0.3479589490523064 0.9233621143302191
		outer loop
			vertex -0.3591211438179016 2.6566772294044494 -2.8599999994039536
			vertex -0.3929794132709503 2.749702019691467 -2.9010050520300865
			vertex -0.5249999761581421 2.579326672554016 -2.8599999994039536
		endloop
	endfacet
	facet normal -0.16225573759925455 0.3479588430580158 0.9233621820032749
		outer loop
			vertex -0.3929794132709503 2.749702019691467 -2.9010050520300865
			vertex -0.5744974613189697 2.665058834552765 -2.9010050520300865
			vertex -0.5249999761581421 2.579326672554016 -2.8599999994039536
		endloop
	endfacet
	facet normal -0.22021316740179295 0.3144971090946992 0.9233621874833012
		outer loop
			vertex -0.5249999761581421 2.579326672554016 -2.8599999994039536
			vertex -0.5744974613189697 2.665058834552765 -2.9010050520300865
			vertex -0.6749269962310791 2.4743466806411742 -2.8599999994039536
		endloop
	endfacet
	facet normal -0.22021330685075172 0.3144971708553603 0.9233621331903485
		outer loop
			vertex -0.5744974613189697 2.665058834552765 -2.9010050520300865
			vertex -0.7385597229003906 2.5501811933517455 -2.9010050520300865
			vertex -0.6749269962310791 2.4743466806411742 -2.8599999994039536
		endloop
	endfacet
	facet normal -0.2714796186440662 0.2714796186440662 0.9233621355252472
		outer loop
			vertex -0.6749269962310791 2.4743466806411742 -2.8599999994039536
			vertex -0.7385597229003906 2.5501811933517455 -2.9010050520300865
			vertex -0.8043466806411743 2.344926996231079 -2.8599999994039536
		endloop
	endfacet
	facet normal -0.2714796186440662 0.2714796186440662 0.9233621355252473
		outer loop
			vertex -0.7385597229003906 2.5501811933517455 -2.9010050520300865
			vertex -0.8801811933517456 2.4085597229003906 -2.9010050520300865
			vertex -0.8043466806411743 2.344926996231079 -2.8599999994039536
		endloop
	endfacet
	facet normal -0.3144972208715494 0.2202132456687579 0.9233621307461679
		outer loop
			vertex -0.8043466806411743 2.344926996231079 -2.8599999994039536
			vertex -0.8801811933517456 2.4085597229003906 -2.9010050520300865
			vertex -0.9093266725540161 2.194999976158142 -2.8599999994039536
		endloop
	endfacet
	facet normal -0.3144970687089855 0.22021323532708462 0.9233621850391285
		outer loop
			vertex -0.8801811933517456 2.4085597229003906 -2.9010050520300865
			vertex -0.9950588345527649 2.2444974613189697 -2.9010050520300865
			vertex -0.9093266725540161 2.194999976158142 -2.8599999994039536
		endloop
	endfacet
	facet normal -0.34795879490522363 0.16225582352616744 0.9233621850498048
		outer loop
			vertex -0.9093266725540161 2.194999976158142 -2.8599999994039536
			vertex -0.9950588345527649 2.2444974613189697 -2.9010050520300865
			vertex -0.9866772294044495 2.0291211438179015 -2.8599999994039536
		endloop
	endfacet
	facet normal -0.34795898392414165 0.1622558032861529 0.9233621173767333
		outer loop
			vertex -0.9950588345527649 2.2444974613189697 -2.9010050520300865
			vertex -1.0797020196914673 2.0629794132709502 -2.9010050520300865
			vertex -0.9866772294044495 2.0291211438179015 -2.8599999994039536
		endloop
	endfacet
	facet normal -0.3708480574158859 0.09936861591255906 0.9233621155768122
		outer loop
			vertex -0.9866772294044495 2.0291211438179015 -2.8599999994039536
			vertex -1.0797020196914673 2.0629794132709502 -2.9010050520300865
			vertex -1.0340481996536255 1.8523305934667587 -2.8599999994039536
		endloop
	endfacet
	facet normal -0.37084827279445 0.09936855369840543 0.9233620357699683
		outer loop
			vertex -1.0797020196914673 2.0629794132709502 -2.9010050520300865
			vertex -1.1315391063690186 1.8695208859443664 -2.9010050520300865
			vertex -1.0340481996536255 1.8523305934667587 -2.8599999994039536
		endloop
	endfacet
	facet normal -0.3824694680856338 0.03346151756497723 0.9233620269561345
		outer loop
			vertex -1.0340481996536255 1.8523305934667587 -2.8599999994039536
			vertex -1.1315391063690186 1.8695208859443664 -2.9010050520300865
			vertex -1.0499999523162842 1.6700000000000002 -2.8599999994039536
		endloop
	endfacet
	facet normal -0.38246907647442857 0.03346170951417629 0.923362182210852
		outer loop
			vertex -1.1315391063690186 1.8695208859443664 -2.9010050520300865
			vertex -1.1489949226379395 1.6700000000000002 -2.9010050520300865
			vertex -1.0499999523162842 1.6700000000000002 -2.8599999994039536
		endloop
	endfacet
	facet normal -0.3824690793694766 -0.03346148355694878 0.9233621892001173
		outer loop
			vertex -1.0499999523162842 1.6700000000000002 -2.8599999994039536
			vertex -1.1489949226379395 1.6700000000000002 -2.9010050520300865
			vertex -1.0340481996536255 1.4876694065332412 -2.8599999994039536
		endloop
	endfacet
	facet normal -0.38246943169959724 -0.03346174059235256 0.923362033945471
		outer loop
			vertex -1.1489949226379395 1.6700000000000002 -2.9010050520300865
			vertex -1.1315391063690186 1.4704791140556335 -2.9010050520300865
			vertex -1.0340481996536255 1.4876694065332412 -2.8599999994039536
		endloop
	endfacet
	facet normal -0.3708482511595067 -0.09936866782609903 0.9233620321771965
		outer loop
			vertex -1.0340481996536255 1.4876694065332412 -2.8599999994039536
			vertex -1.1315391063690186 1.4704791140556335 -2.9010050520300865
			vertex -0.9866772294044495 1.3108788561820983 -2.8599999994039536
		endloop
	endfacet
	facet normal -0.37084809574334054 -0.09936850625767571 0.923362111984056
		outer loop
			vertex -1.1315391063690186 1.4704791140556335 -2.9010050520300865
			vertex -1.0797020196914673 1.2770205867290496 -2.9010050520300865
			vertex -0.9866772294044495 1.3108788561820983 -2.8599999994039536
		endloop
	endfacet
	facet normal -0.3479589490523064 -0.16225589540612054 0.9233621143302191
		outer loop
			vertex -0.9866772294044495 1.3108788561820983 -2.8599999994039536
			vertex -1.0797020196914673 1.2770205867290496 -2.9010050520300865
			vertex -0.9093266725540161 1.1450000238418578 -2.8599999994039536
		endloop
	endfacet
	facet normal -0.3479588430580158 -0.16225573759925455 0.9233621820032749
		outer loop
			vertex -1.0797020196914673 1.2770205867290496 -2.9010050520300865
			vertex -0.9950588345527649 1.0955025386810302 -2.9010050520300865
			vertex -0.9093266725540161 1.1450000238418578 -2.8599999994039536
		endloop
	endfacet
	facet normal -0.3144971090946992 -0.22021316740179295 0.9233621874833012
		outer loop
			vertex -0.9093266725540161 1.1450000238418578 -2.8599999994039536
			vertex -0.9950588345527649 1.0955025386810302 -2.9010050520300865
			vertex -0.8043466806411743 0.9950730037689208 -2.8599999994039536
		endloop
	endfacet
	facet normal -0.3144971708553603 -0.22021330685075172 0.9233621331903485
		outer loop
			vertex -0.9950588345527649 1.0955025386810302 -2.9010050520300865
			vertex -0.8801811933517456 0.9314402770996093 -2.9010050520300865
			vertex -0.8043466806411743 0.9950730037689208 -2.8599999994039536
		endloop
	endfacet
	facet normal -0.2714796186440662 -0.2714796186440662 0.9233621355252472
		outer loop
			vertex -0.8043466806411743 0.9950730037689208 -2.8599999994039536
			vertex -0.8801811933517456 0.9314402770996093 -2.9010050520300865
			vertex -0.6749269962310791 0.8656533193588256 -2.8599999994039536
		endloop
	endfacet
	facet normal -0.2714796186440662 -0.2714796186440662 0.9233621355252473
		outer loop
			vertex -0.8801811933517456 0.9314402770996093 -2.9010050520300865
			vertex -0.7385597229003906 0.7898188066482543 -2.9010050520300865
			vertex -0.6749269962310791 0.8656533193588256 -2.8599999994039536
		endloop
	endfacet
	facet normal -0.2202132456687579 -0.3144972208715494 0.9233621307461679
		outer loop
			vertex -0.6749269962310791 0.8656533193588256 -2.8599999994039536
			vertex -0.7385597229003906 0.7898188066482543 -2.9010050520300865
			vertex -0.5249999761581421 0.7606733274459838 -2.8599999994039536
		endloop
	endfacet
	facet normal -0.22021323532708462 -0.3144970687089855 0.9233621850391285
		outer loop
			vertex -0.7385597229003906 0.7898188066482543 -2.9010050520300865
			vertex -0.5744974613189697 0.674941165447235 -2.9010050520300865
			vertex -0.5249999761581421 0.7606733274459838 -2.8599999994039536
		endloop
	endfacet
	facet normal -0.16225582352616744 -0.34795879490522363 0.9233621850498048
		outer loop
			vertex -0.5249999761581421 0.7606733274459838 -2.8599999994039536
			vertex -0.5744974613189697 0.674941165447235 -2.9010050520300865
			vertex -0.3591211438179016 0.6833227705955505 -2.8599999994039536
		endloop
	endfacet
	facet normal -0.1622558032861529 -0.34795898392414165 0.9233621173767333
		outer loop
			vertex -0.5744974613189697 0.674941165447235 -2.9010050520300865
			vertex -0.3929794132709503 0.5902979803085326 -2.9010050520300865
			vertex -0.3591211438179016 0.6833227705955505 -2.8599999994039536
		endloop
	endfacet
	facet normal -0.09936861591255906 -0.3708480574158859 0.9233621155768122
		outer loop
			vertex -0.3591211438179016 0.6833227705955505 -2.8599999994039536
			vertex -0.3929794132709503 0.5902979803085326 -2.9010050520300865
			vertex -0.18233059346675873 0.6359518003463744 -2.8599999994039536
		endloop
	endfacet
	facet normal -0.09936855369840543 -0.37084827279445 0.9233620357699683
		outer loop
			vertex -0.3929794132709503 0.5902979803085326 -2.9010050520300865
			vertex -0.19952088594436646 0.5384608936309814 -2.9010050520300865
			vertex -0.18233059346675873 0.6359518003463744 -2.8599999994039536
		endloop
	endfacet
	facet normal -0.03346151756497723 -0.3824694680856338 0.9233620269561346
		outer loop
			vertex -0.18233059346675873 0.6359518003463744 -2.8599999994039536
			vertex -0.19952088594436646 0.5384608936309814 -2.9010050520300865
			vertex -1.9288186935599659e-16 0.6200000476837157 -2.8599999994039536
		endloop
	endfacet
	facet normal -0.03346170951417629 -0.38246907647442857 0.923362182210852
		outer loop
			vertex -0.19952088594436646 0.5384608936309814 -2.9010050520300865
			vertex -2.1106695204949717e-16 0.5210050773620605 -2.9010050520300865
			vertex -1.9288186935599659e-16 0.6200000476837157 -2.8599999994039536
		endloop
	endfacet
	facet normal 0.033461483556948786 -0.3824690793694766 0.9233621892001173
		outer loop
			vertex -1.9288186935599659e-16 0.6200000476837157 -2.8599999994039536
			vertex -2.1106695204949717e-16 0.5210050773620605 -2.9010050520300865
			vertex 0.18233059346675873 0.6359518003463744 -2.8599999994039536
		endloop
	endfacet
	facet normal 0.03346174059235256 -0.38246943169959724 0.923362033945471
		outer loop
			vertex -2.1106695204949717e-16 0.5210050773620605 -2.9010050520300865
			vertex 0.19952088594436646 0.5384608936309814 -2.9010050520300865
			vertex 0.18233059346675873 0.6359518003463744 -2.8599999994039536
		endloop
	endfacet
	facet normal 0.09936866782609903 -0.3708482511595067 0.9233620321771965
		outer loop
			vertex 0.18233059346675873 0.6359518003463744 -2.8599999994039536
			vertex 0.19952088594436646 0.5384608936309814 -2.9010050520300865
			vertex 0.3591211438179016 0.6833227705955505 -2.8599999994039536
		endloop
	endfacet
	facet normal 0.09936850625767571 -0.37084809574334054 0.923362111984056
		outer loop
			vertex 0.19952088594436646 0.5384608936309814 -2.9010050520300865
			vertex 0.3929794132709503 0.5902979803085326 -2.9010050520300865
			vertex 0.3591211438179016 0.6833227705955505 -2.8599999994039536
		endloop
	endfacet
	facet normal 0.16225589540612054 -0.3479589490523064 0.9233621143302191
		outer loop
			vertex 0.3591211438179016 0.6833227705955505 -2.8599999994039536
			vertex 0.3929794132709503 0.5902979803085326 -2.9010050520300865
			vertex 0.5249999761581421 0.7606733274459838 -2.8599999994039536
		endloop
	endfacet
	facet normal 0.16225573759925455 -0.3479588430580158 0.9233621820032749
		outer loop
			vertex 0.3929794132709503 0.5902979803085326 -2.9010050520300865
			vertex 0.5744974613189697 0.674941165447235 -2.9010050520300865
			vertex 0.5249999761581421 0.7606733274459838 -2.8599999994039536
		endloop
	endfacet
	facet normal 0.22021316740179295 -0.3144971090946992 0.9233621874833012
		outer loop
			vertex 0.5249999761581421 0.7606733274459838 -2.8599999994039536
			vertex 0.5744974613189697 0.674941165447235 -2.9010050520300865
			vertex 0.6749269962310791 0.8656533193588256 -2.8599999994039536
		endloop
	endfacet
	facet normal 0.22021330685075172 -0.3144971708553603 0.9233621331903485
		outer loop
			vertex 0.5744974613189697 0.674941165447235 -2.9010050520300865
			vertex 0.7385597229003906 0.7898188066482543 -2.9010050520300865
			vertex 0.6749269962310791 0.8656533193588256 -2.8599999994039536
		endloop
	endfacet
	facet normal 0.2714796186440662 -0.2714796186440662 0.9233621355252472
		outer loop
			vertex 0.6749269962310791 0.8656533193588256 -2.8599999994039536
			vertex 0.7385597229003906 0.7898188066482543 -2.9010050520300865
			vertex 0.8043466806411743 0.9950730037689208 -2.8599999994039536
		endloop
	endfacet
	facet normal 0.2714796186440662 -0.2714796186440662 0.9233621355252473
		outer loop
			vertex 0.7385597229003906 0.7898188066482543 -2.9010050520300865
			vertex 0.8801811933517456 0.9314402770996093 -2.9010050520300865
			vertex 0.8043466806411743 0.9950730037689208 -2.8599999994039536
		endloop
	endfacet
	facet normal 0.3144972208715494 -0.2202132456687579 0.9233621307461679
		outer loop
			vertex 0.8043466806411743 0.9950730037689208 -2.8599999994039536
			vertex 0.8801811933517456 0.9314402770996093 -2.9010050520300865
			vertex 0.9093266725540161 1.1450000238418578 -2.8599999994039536
		endloop
	endfacet
	facet normal 0.3144970687089855 -0.22021323532708462 0.9233621850391285
		outer loop
			vertex 0.8801811933517456 0.9314402770996093 -2.9010050520300865
			vertex 0.9950588345527649 1.0955025386810302 -2.9010050520300865
			vertex 0.9093266725540161 1.1450000238418578 -2.8599999994039536
		endloop
	endfacet
	facet normal 0.34795879490522363 -0.16225582352616744 0.9233621850498048
		outer loop
			vertex 0.9093266725540161 1.1450000238418578 -2.8599999994039536
			vertex 0.9950588345527649 1.0955025386810302 -2.9010050520300865
			vertex 0.9866772294044495 1.3108788561820983 -2.8599999994039536
		endloop
	endfacet
	facet normal 0.34795898392414165 -0.1622558032861529 0.9233621173767333
		outer loop
			vertex 0.9950588345527649 1.0955025386810302 -2.9010050520300865
			vertex 1.0797020196914673 1.2770205867290496 -2.9010050520300865
			vertex 0.9866772294044495 1.3108788561820983 -2.8599999994039536
		endloop
	endfacet
	facet normal 0.3708480574158859 -0.09936861591255906 0.9233621155768122
		outer loop
			vertex 0.9866772294044495 1.3108788561820983 -2.8599999994039536
			vertex 1.0797020196914673 1.2770205867290496 -2.9010050520300865
			vertex 1.0340481996536255 1.4876694065332412 -2.8599999994039536
		endloop
	endfacet
	facet normal 0.37084827279445 -0.09936855369840543 0.9233620357699683
		outer loop
			vertex 1.0797020196914673 1.2770205867290496 -2.9010050520300865
			vertex 1.1315391063690186 1.4704791140556335 -2.9010050520300865
			vertex 1.0340481996536255 1.4876694065332412 -2.8599999994039536
		endloop
	endfacet
	facet normal 0.3824694680856338 -0.03346151756497723 0.9233620269561345
		outer loop
			vertex 1.0340481996536255 1.4876694065332412 -2.8599999994039536
			vertex 1.1315391063690186 1.4704791140556335 -2.9010050520300865
			vertex 1.0499999523162842 1.6699999999999997 -2.8599999994039536
		endloop
	endfacet
	facet normal 0.38246907647442857 -0.03346170951417629 0.923362182210852
		outer loop
			vertex 1.1315391063690186 1.4704791140556335 -2.9010050520300865
			vertex 1.1489949226379395 1.6699999999999997 -2.9010050520300865
			vertex 1.0499999523162842 1.6699999999999997 -2.8599999994039536
		endloop
	endfacet
	facet normal -0.38246927390660185 -0.03346164140894337 0.9233621028998191
		outer loop
			vertex 0.9510050415992737 1.67 -2.9010050520300865
			vertex 1.0499999523162842 1.67 -2.8599999994039536
			vertex 0.9365571737289429 1.835140300989151 -2.9010050520300865
		endloop
	endfacet
	facet normal -0.38246907540645614 -0.03346148321023179 0.9233621908542183
		outer loop
			vertex 1.0499999523162842 1.67 -2.8599999994039536
			vertex 1.0340481996536255 1.8523305934667587 -2.8599999994039536
			vertex 0.9365571737289429 1.835140300989151 -2.9010050520300865
		endloop
	endfacet
	facet normal -0.37084790564965875 -0.09936844404692681 0.9233621950258495
		outer loop
			vertex 0.9365571737289429 1.835140300989151 -2.9010050520300865
			vertex 1.0340481996536255 1.8523305934667587 -2.8599999994039536
			vertex 0.8936524391174316 1.9952628743648528 -2.9010050520300865
		endloop
	endfacet
	facet normal -0.3708480574158859 -0.09936861591255906 0.9233621155768122
		outer loop
			vertex 1.0340481996536255 1.8523305934667587 -2.8599999994039536
			vertex 0.9866772294044495 2.0291211438179015 -2.8599999994039536
			vertex 0.8936524391174316 1.9952628743648528 -2.9010050520300865
		endloop
	endfacet
	facet normal -0.34795891727640493 -0.16225597934763586 0.9233621115541679
		outer loop
			vertex 0.8936524391174316 1.9952628743648528 -2.9010050520300865
			vertex 0.9866772294044495 2.0291211438179015 -2.8599999994039536
			vertex 0.8235945105552673 2.1455025207996368 -2.9010050520300865
		endloop
	endfacet
	facet normal -0.34795883279420875 -0.16225584119408842 0.9233621676671027
		outer loop
			vertex 0.9866772294044495 2.0291211438179015 -2.8599999994039536
			vertex 0.9093266725540161 2.194999976158142 -2.8599999994039536
			vertex 0.8235945105552673 2.1455025207996368 -2.9010050520300865
		endloop
	endfacet
	facet normal -0.3144971261264547 -0.22021324947143348 0.9233621621094472
		outer loop
			vertex 0.8235945105552673 2.1455025207996368 -2.9010050520300865
			vertex 0.9093266725540161 2.194999976158142 -2.8599999994039536
			vertex 0.7285121083259583 2.2812942695617675 -2.9010050520300865
		endloop
	endfacet
	facet normal -0.31449708811735666 -0.2202131527133048 0.9233621981312481
		outer loop
			vertex 0.9093266725540161 2.194999976158142 -2.8599999994039536
			vertex 0.8043466806411743 2.344926996231079 -2.8599999994039536
			vertex 0.7285121083259583 2.2812942695617675 -2.9010050520300865
		endloop
	endfacet
	facet normal -0.2714795197229272 -0.2714795197229272 0.9233621936932536
		outer loop
			vertex 0.7285121083259583 2.2812942695617675 -2.9010050520300865
			vertex 0.8043466806411743 2.344926996231079 -2.8599999994039536
			vertex 0.6112942695617676 2.398512108325958 -2.9010050520300865
		endloop
	endfacet
	facet normal -0.2714795197229272 -0.2714795197229272 0.9233621936932536
		outer loop
			vertex 0.8043466806411743 2.344926996231079 -2.8599999994039536
			vertex 0.6749269962310791 2.4743466806411742 -2.8599999994039536
			vertex 0.6112942695617676 2.398512108325958 -2.9010050520300865
		endloop
	endfacet
	facet normal -0.2202131973222211 -0.31449705164965797 0.9233621999133369
		outer loop
			vertex 0.6112942695617676 2.398512108325958 -2.9010050520300865
			vertex 0.6749269962310791 2.4743466806411742 -2.8599999994039536
			vertex 0.47550252079963684 2.4935945105552673 -2.9010050520300865
		endloop
	endfacet
	facet normal -0.22021319994583152 -0.31449715557241975 0.923362163891544
		outer loop
			vertex 0.6749269962310791 2.4743466806411742 -2.8599999994039536
			vertex 0.5249999761581421 2.579326672554016 -2.8599999994039536
			vertex 0.47550252079963684 2.4935945105552673 -2.9010050520300865
		endloop
	endfacet
	facet normal -0.1622559194923825 -0.3479587889164564 0.9233621704431444
		outer loop
			vertex 0.47550252079963684 2.4935945105552673 -2.9010050520300865
			vertex 0.5249999761581421 2.579326672554016 -2.8599999994039536
			vertex 0.3252628743648529 2.5636524391174316 -2.9010050520300865
		endloop
	endfacet
	facet normal -0.16225589540612054 -0.3479589490523064 0.9233621143302191
		outer loop
			vertex 0.5249999761581421 2.579326672554016 -2.8599999994039536
			vertex 0.3591211438179016 2.6566772294044494 -2.8599999994039536
			vertex 0.3252628743648529 2.5636524391174316 -2.9010050520300865
		endloop
	endfacet
	facet normal -0.09936849594796374 -0.3708480993468735 0.9233621116462659
		outer loop
			vertex 0.3252628743648529 2.5636524391174316 -2.9010050520300865
			vertex 0.3591211438179016 2.6566772294044494 -2.8599999994039536
			vertex 0.165140300989151 2.606557173728943 -2.9010050520300865
		endloop
	endfacet
	facet normal -0.09936856890474625 -0.3708478819806551 0.9233621910952846
		outer loop
			vertex 0.3591211438179016 2.6566772294044494 -2.8599999994039536
			vertex 0.18233059346675873 2.7040481996536254 -2.8599999994039536
			vertex 0.165140300989151 2.606557173728943 -2.9010050520300865
		endloop
	endfacet
	facet normal -0.03346162206061051 -0.3824690527535886 0.9233621952055681
		outer loop
			vertex 0.165140300989151 2.606557173728943 -2.9010050520300865
			vertex 0.18233059346675873 2.7040481996536254 -2.8599999994039536
			vertex 5.823226442664697e-17 2.6210050415992736 -2.9010050520300865
		endloop
	endfacet
	facet normal -0.0334615007343138 -0.38246927570897715 0.923362107251136
		outer loop
			vertex 0.18233059346675873 2.7040481996536254 -2.8599999994039536
			vertex 6.429395645199886e-17 2.719999952316284 -2.8599999994039536
			vertex 5.823226442664697e-17 2.6210050415992736 -2.9010050520300865
		endloop
	endfacet
	facet normal 0.03346164140894336 -0.38246927390660185 0.9233621028998191
		outer loop
			vertex 5.823226442664697e-17 2.6210050415992736 -2.9010050520300865
			vertex 6.429395645199886e-17 2.719999952316284 -2.8599999994039536
			vertex -0.165140300989151 2.606557173728943 -2.9010050520300865
		endloop
	endfacet
	facet normal 0.03346148321023178 -0.3824690754064562 0.9233621908542184
		outer loop
			vertex 6.429395645199886e-17 2.719999952316284 -2.8599999994039536
			vertex -0.18233059346675873 2.7040481996536254 -2.8599999994039536
			vertex -0.165140300989151 2.606557173728943 -2.9010050520300865
		endloop
	endfacet
	facet normal 0.09936844404692681 -0.37084790564965875 0.9233621950258495
		outer loop
			vertex -0.165140300989151 2.606557173728943 -2.9010050520300865
			vertex -0.18233059346675873 2.7040481996536254 -2.8599999994039536
			vertex -0.3252628743648529 2.5636524391174316 -2.9010050520300865
		endloop
	endfacet
	facet normal 0.09936861591255906 -0.3708480574158859 0.9233621155768122
		outer loop
			vertex -0.18233059346675873 2.7040481996536254 -2.8599999994039536
			vertex -0.3591211438179016 2.6566772294044494 -2.8599999994039536
			vertex -0.3252628743648529 2.5636524391174316 -2.9010050520300865
		endloop
	endfacet
	facet normal 0.16225597934763586 -0.34795891727640493 0.9233621115541679
		outer loop
			vertex -0.3252628743648529 2.5636524391174316 -2.9010050520300865
			vertex -0.3591211438179016 2.6566772294044494 -2.8599999994039536
			vertex -0.47550252079963684 2.4935945105552673 -2.9010050520300865
		endloop
	endfacet
	facet normal 0.16225584119408842 -0.34795883279420875 0.9233621676671027
		outer loop
			vertex -0.3591211438179016 2.6566772294044494 -2.8599999994039536
			vertex -0.5249999761581421 2.579326672554016 -2.8599999994039536
			vertex -0.47550252079963684 2.4935945105552673 -2.9010050520300865
		endloop
	endfacet
	facet normal 0.22021324947143348 -0.3144971261264547 0.9233621621094472
		outer loop
			vertex -0.47550252079963684 2.4935945105552673 -2.9010050520300865
			vertex -0.5249999761581421 2.579326672554016 -2.8599999994039536
			vertex -0.6112942695617676 2.398512108325958 -2.9010050520300865
		endloop
	endfacet
	facet normal 0.2202131527133048 -0.31449708811735666 0.9233621981312481
		outer loop
			vertex -0.5249999761581421 2.579326672554016 -2.8599999994039536
			vertex -0.6749269962310791 2.4743466806411742 -2.8599999994039536
			vertex -0.6112942695617676 2.398512108325958 -2.9010050520300865
		endloop
	endfacet
	facet normal 0.2714795197229272 -0.2714795197229272 0.9233621936932536
		outer loop
			vertex -0.6112942695617676 2.398512108325958 -2.9010050520300865
			vertex -0.6749269962310791 2.4743466806411742 -2.8599999994039536
			vertex -0.7285121083259583 2.2812942695617675 -2.9010050520300865
		endloop
	endfacet
	facet normal 0.2714795197229272 -0.2714795197229272 0.9233621936932536
		outer loop
			vertex -0.6749269962310791 2.4743466806411742 -2.8599999994039536
			vertex -0.8043466806411743 2.344926996231079 -2.8599999994039536
			vertex -0.7285121083259583 2.2812942695617675 -2.9010050520300865
		endloop
	endfacet
	facet normal 0.31449705164965797 -0.2202131973222211 0.9233621999133369
		outer loop
			vertex -0.7285121083259583 2.2812942695617675 -2.9010050520300865
			vertex -0.8043466806411743 2.344926996231079 -2.8599999994039536
			vertex -0.8235945105552673 2.1455025207996368 -2.9010050520300865
		endloop
	endfacet
	facet normal 0.31449715557241975 -0.22021319994583152 0.923362163891544
		outer loop
			vertex -0.8043466806411743 2.344926996231079 -2.8599999994039536
			vertex -0.9093266725540161 2.194999976158142 -2.8599999994039536
			vertex -0.8235945105552673 2.1455025207996368 -2.9010050520300865
		endloop
	endfacet
	facet normal 0.3479587889164564 -0.1622559194923825 0.9233621704431444
		outer loop
			vertex -0.8235945105552673 2.1455025207996368 -2.9010050520300865
			vertex -0.9093266725540161 2.194999976158142 -2.8599999994039536
			vertex -0.8936524391174316 1.9952628743648528 -2.9010050520300865
		endloop
	endfacet
	facet normal 0.3479589490523064 -0.16225589540612054 0.9233621143302191
		outer loop
			vertex -0.9093266725540161 2.194999976158142 -2.8599999994039536
			vertex -0.9866772294044495 2.0291211438179015 -2.8599999994039536
			vertex -0.8936524391174316 1.9952628743648528 -2.9010050520300865
		endloop
	endfacet
	facet normal 0.3708480993468735 -0.09936849594796374 0.9233621116462659
		outer loop
			vertex -0.8936524391174316 1.9952628743648528 -2.9010050520300865
			vertex -0.9866772294044495 2.0291211438179015 -2.8599999994039536
			vertex -0.9365571737289429 1.835140300989151 -2.9010050520300865
		endloop
	endfacet
	facet normal 0.3708478819806551 -0.09936856890474625 0.9233621910952846
		outer loop
			vertex -0.9866772294044495 2.0291211438179015 -2.8599999994039536
			vertex -1.0340481996536255 1.8523305934667587 -2.8599999994039536
			vertex -0.9365571737289429 1.835140300989151 -2.9010050520300865
		endloop
	endfacet
	facet normal 0.38246905275358867 -0.03346162206061055 0.9233621952055682
		outer loop
			vertex -0.9365571737289429 1.835140300989151 -2.9010050520300865
			vertex -1.0340481996536255 1.8523305934667587 -2.8599999994039536
			vertex -0.9510050415992737 1.6700000000000002 -2.9010050520300865
		endloop
	endfacet
	facet normal 0.3824692757089771 -0.03346150073431383 0.9233621072511359
		outer loop
			vertex -1.0340481996536255 1.8523305934667587 -2.8599999994039536
			vertex -1.0499999523162842 1.6700000000000002 -2.8599999994039536
			vertex -0.9510050415992737 1.6700000000000002 -2.9010050520300865
		endloop
	endfacet
	facet normal 0.3824692739066019 0.03346164140894333 0.9233621028998192
		outer loop
			vertex -0.9510050415992737 1.6700000000000002 -2.9010050520300865
			vertex -1.0499999523162842 1.6700000000000002 -2.8599999994039536
			vertex -0.9365571737289429 1.504859699010849 -2.9010050520300865
		endloop
	endfacet
	facet normal 0.38246907540645625 0.033461483210231756 0.9233621908542184
		outer loop
			vertex -1.0499999523162842 1.6700000000000002 -2.8599999994039536
			vertex -1.0340481996536255 1.4876694065332412 -2.8599999994039536
			vertex -0.9365571737289429 1.504859699010849 -2.9010050520300865
		endloop
	endfacet
	facet normal 0.37084790564965875 0.09936844404692681 0.9233621950258495
		outer loop
			vertex -0.9365571737289429 1.504859699010849 -2.9010050520300865
			vertex -1.0340481996536255 1.4876694065332412 -2.8599999994039536
			vertex -0.8936524391174316 1.344737125635147 -2.9010050520300865
		endloop
	endfacet
	facet normal 0.3708480574158859 0.09936861591255906 0.9233621155768122
		outer loop
			vertex -1.0340481996536255 1.4876694065332412 -2.8599999994039536
			vertex -0.9866772294044495 1.3108788561820983 -2.8599999994039536
			vertex -0.8936524391174316 1.344737125635147 -2.9010050520300865
		endloop
	endfacet
	facet normal 0.34795891727640493 0.16225597934763586 0.9233621115541679
		outer loop
			vertex -0.8936524391174316 1.344737125635147 -2.9010050520300865
			vertex -0.9866772294044495 1.3108788561820983 -2.8599999994039536
			vertex -0.8235945105552673 1.194497479200363 -2.9010050520300865
		endloop
	endfacet
	facet normal 0.34795883279420875 0.16225584119408842 0.9233621676671027
		outer loop
			vertex -0.9866772294044495 1.3108788561820983 -2.8599999994039536
			vertex -0.9093266725540161 1.1450000238418578 -2.8599999994039536
			vertex -0.8235945105552673 1.194497479200363 -2.9010050520300865
		endloop
	endfacet
	facet normal 0.3144971261264547 0.22021324947143348 0.9233621621094472
		outer loop
			vertex -0.8235945105552673 1.194497479200363 -2.9010050520300865
			vertex -0.9093266725540161 1.1450000238418578 -2.8599999994039536
			vertex -0.7285121083259583 1.0587057304382324 -2.9010050520300865
		endloop
	endfacet
	facet normal 0.31449708811735666 0.2202131527133048 0.9233621981312481
		outer loop
			vertex -0.9093266725540161 1.1450000238418578 -2.8599999994039536
			vertex -0.8043466806411743 0.9950730037689208 -2.8599999994039536
			vertex -0.7285121083259583 1.0587057304382324 -2.9010050520300865
		endloop
	endfacet
	facet normal 0.2714795197229272 0.2714795197229272 0.9233621936932536
		outer loop
			vertex -0.7285121083259583 1.0587057304382324 -2.9010050520300865
			vertex -0.8043466806411743 0.9950730037689208 -2.8599999994039536
			vertex -0.6112942695617676 0.9414878916740417 -2.9010050520300865
		endloop
	endfacet
	facet normal 0.2714795197229272 0.2714795197229272 0.9233621936932536
		outer loop
			vertex -0.8043466806411743 0.9950730037689208 -2.8599999994039536
			vertex -0.6749269962310791 0.8656533193588256 -2.8599999994039536
			vertex -0.6112942695617676 0.9414878916740417 -2.9010050520300865
		endloop
	endfacet
	facet normal 0.2202131973222211 0.31449705164965797 0.9233621999133369
		outer loop
			vertex -0.6112942695617676 0.9414878916740417 -2.9010050520300865
			vertex -0.6749269962310791 0.8656533193588256 -2.8599999994039536
			vertex -0.47550252079963684 0.8464054894447326 -2.9010050520300865
		endloop
	endfacet
	facet normal 0.22021319994583152 0.31449715557241975 0.923362163891544
		outer loop
			vertex -0.6749269962310791 0.8656533193588256 -2.8599999994039536
			vertex -0.5249999761581421 0.7606733274459838 -2.8599999994039536
			vertex -0.47550252079963684 0.8464054894447326 -2.9010050520300865
		endloop
	endfacet
	facet normal 0.1622559194923825 0.3479587889164564 0.9233621704431444
		outer loop
			vertex -0.47550252079963684 0.8464054894447326 -2.9010050520300865
			vertex -0.5249999761581421 0.7606733274459838 -2.8599999994039536
			vertex -0.3252628743648529 0.7763475608825683 -2.9010050520300865
		endloop
	endfacet
	facet normal 0.16225589540612054 0.3479589490523064 0.9233621143302191
		outer loop
			vertex -0.5249999761581421 0.7606733274459838 -2.8599999994039536
			vertex -0.3591211438179016 0.6833227705955505 -2.8599999994039536
			vertex -0.3252628743648529 0.7763475608825683 -2.9010050520300865
		endloop
	endfacet
	facet normal 0.09936849594796374 0.3708480993468735 0.9233621116462659
		outer loop
			vertex -0.3252628743648529 0.7763475608825683 -2.9010050520300865
			vertex -0.3591211438179016 0.6833227705955505 -2.8599999994039536
			vertex -0.165140300989151 0.7334428262710571 -2.9010050520300865
		endloop
	endfacet
	facet normal 0.09936856890474625 0.3708478819806551 0.9233621910952846
		outer loop
			vertex -0.3591211438179016 0.6833227705955505 -2.8599999994039536
			vertex -0.18233059346675873 0.6359518003463744 -2.8599999994039536
			vertex -0.165140300989151 0.7334428262710571 -2.9010050520300865
		endloop
	endfacet
	facet normal 0.033461622060610534 0.3824690527535887 0.9233621952055682
		outer loop
			vertex -0.165140300989151 0.7334428262710571 -2.9010050520300865
			vertex -0.18233059346675873 0.6359518003463744 -2.8599999994039536
			vertex -1.746967998973858e-16 0.7189949584007262 -2.9010050520300865
		endloop
	endfacet
	facet normal 0.03346150073431383 0.38246927570897715 0.9233621072511359
		outer loop
			vertex -0.18233059346675873 0.6359518003463744 -2.8599999994039536
			vertex -1.9288186935599659e-16 0.6200000476837157 -2.8599999994039536
			vertex -1.746967998973858e-16 0.7189949584007262 -2.9010050520300865
		endloop
	endfacet
	facet normal -0.03346164140894334 0.38246927390660185 0.9233621028998191
		outer loop
			vertex -1.746967998973858e-16 0.7189949584007262 -2.9010050520300865
			vertex -1.9288186935599659e-16 0.6200000476837157 -2.8599999994039536
			vertex 0.165140300989151 0.7334428262710571 -2.9010050520300865
		endloop
	endfacet
	facet normal -0.03346148321023176 0.38246907540645625 0.9233621908542184
		outer loop
			vertex -1.9288186935599659e-16 0.6200000476837157 -2.8599999994039536
			vertex 0.18233059346675873 0.6359518003463744 -2.8599999994039536
			vertex 0.165140300989151 0.7334428262710571 -2.9010050520300865
		endloop
	endfacet
	facet normal -0.09936844404692681 0.37084790564965875 0.9233621950258495
		outer loop
			vertex 0.165140300989151 0.7334428262710571 -2.9010050520300865
			vertex 0.18233059346675873 0.6359518003463744 -2.8599999994039536
			vertex 0.3252628743648529 0.7763475608825683 -2.9010050520300865
		endloop
	endfacet
	facet normal -0.09936861591255906 0.3708480574158859 0.9233621155768122
		outer loop
			vertex 0.18233059346675873 0.6359518003463744 -2.8599999994039536
			vertex 0.3591211438179016 0.6833227705955505 -2.8599999994039536
			vertex 0.3252628743648529 0.7763475608825683 -2.9010050520300865
		endloop
	endfacet
	facet normal -0.16225597934763586 0.34795891727640493 0.9233621115541679
		outer loop
			vertex 0.3252628743648529 0.7763475608825683 -2.9010050520300865
			vertex 0.3591211438179016 0.6833227705955505 -2.8599999994039536
			vertex 0.47550252079963684 0.8464054894447326 -2.9010050520300865
		endloop
	endfacet
	facet normal -0.16225584119408842 0.34795883279420875 0.9233621676671027
		outer loop
			vertex 0.3591211438179016 0.6833227705955505 -2.8599999994039536
			vertex 0.5249999761581421 0.7606733274459838 -2.8599999994039536
			vertex 0.47550252079963684 0.8464054894447326 -2.9010050520300865
		endloop
	endfacet
	facet normal -0.22021324947143348 0.3144971261264547 0.9233621621094472
		outer loop
			vertex 0.47550252079963684 0.8464054894447326 -2.9010050520300865
			vertex 0.5249999761581421 0.7606733274459838 -2.8599999994039536
			vertex 0.6112942695617676 0.9414878916740417 -2.9010050520300865
		endloop
	endfacet
	facet normal -0.2202131527133048 0.31449708811735666 0.9233621981312481
		outer loop
			vertex 0.5249999761581421 0.7606733274459838 -2.8599999994039536
			vertex 0.6749269962310791 0.8656533193588256 -2.8599999994039536
			vertex 0.6112942695617676 0.9414878916740417 -2.9010050520300865
		endloop
	endfacet
	facet normal -0.2714795197229272 0.2714795197229272 0.9233621936932536
		outer loop
			vertex 0.6112942695617676 0.9414878916740417 -2.9010050520300865
			vertex 0.6749269962310791 0.8656533193588256 -2.8599999994039536
			vertex 0.7285121083259583 1.0587057304382324 -2.9010050520300865
		endloop
	endfacet
	facet normal -0.2714795197229272 0.2714795197229272 0.9233621936932536
		outer loop
			vertex 0.6749269962310791 0.8656533193588256 -2.8599999994039536
			vertex 0.8043466806411743 0.9950730037689208 -2.8599999994039536
			vertex 0.7285121083259583 1.0587057304382324 -2.9010050520300865
		endloop
	endfacet
	facet normal -0.31449705164965797 0.2202131973222211 0.9233621999133369
		outer loop
			vertex 0.7285121083259583 1.0587057304382324 -2.9010050520300865
			vertex 0.8043466806411743 0.9950730037689208 -2.8599999994039536
			vertex 0.8235945105552673 1.194497479200363 -2.9010050520300865
		endloop
	endfacet
	facet normal -0.31449715557241975 0.22021319994583152 0.923362163891544
		outer loop
			vertex 0.8043466806411743 0.9950730037689208 -2.8599999994039536
			vertex 0.9093266725540161 1.1450000238418578 -2.8599999994039536
			vertex 0.8235945105552673 1.194497479200363 -2.9010050520300865
		endloop
	endfacet
	facet normal -0.3479587889164564 0.1622559194923825 0.9233621704431444
		outer loop
			vertex 0.8235945105552673 1.194497479200363 -2.9010050520300865
			vertex 0.9093266725540161 1.1450000238418578 -2.8599999994039536
			vertex 0.8936524391174316 1.344737125635147 -2.9010050520300865
		endloop
	endfacet
	facet normal -0.3479589490523064 0.16225589540612054 0.9233621143302191
		outer loop
			vertex 0.9093266725540161 1.1450000238418578 -2.8599999994039536
			vertex 0.9866772294044495 1.3108788561820983 -2.8599999994039536
			vertex 0.8936524391174316 1.344737125635147 -2.9010050520300865
		endloop
	endfacet
	facet normal -0.3708480993468735 0.09936849594796374 0.9233621116462659
		outer loop
			vertex 0.8936524391174316 1.344737125635147 -2.9010050520300865
			vertex 0.9866772294044495 1.3108788561820983 -2.8599999994039536
			vertex 0.9365571737289429 1.504859699010849 -2.9010050520300865
		endloop
	endfacet
	facet normal -0.3708478819806551 0.09936856890474625 0.9233621910952846
		outer loop
			vertex 0.9866772294044495 1.3108788561820983 -2.8599999994039536
			vertex 1.0340481996536255 1.4876694065332412 -2.8599999994039536
			vertex 0.9365571737289429 1.504859699010849 -2.9010050520300865
		endloop
	endfacet
	facet normal -0.38246905275358867 0.03346162206061055 0.9233621952055682
		outer loop
			vertex 0.9365571737289429 1.504859699010849 -2.9010050520300865
			vertex 1.0340481996536255 1.4876694065332412 -2.8599999994039536
			vertex 0.9510050415992737 1.6699999999999997 -2.9010050520300865
		endloop
	endfacet
	facet normal -0.3824692757089771 0.03346150073431383 0.9233621072511359
		outer loop
			vertex 1.0340481996536255 1.4876694065332412 -2.8599999994039536
			vertex 1.0499999523162842 1.6699999999999997 -2.8599999994039536
			vertex 0.9510050415992737 1.6699999999999997 -2.9010050520300865
		endloop
	endfacet
	facet normal -0.9208763277615655 -0.08056655771047937 0.3814391416032941
		outer loop
			vertex 0.9100000262260437 1.67 -3
			vertex 0.9510050415992737 1.67 -2.9010050520300865
			vertex 0.8961750268936157 1.8280198407173156 -3
		endloop
	endfacet
	facet normal -0.9208760741660831 -0.08056601426065334 0.3814398686223228
		outer loop
			vertex 0.9510050415992737 1.67 -2.9010050520300865
			vertex 0.9365571737289429 1.835140300989151 -2.9010050520300865
			vertex 0.8961750268936157 1.8280198407173156 -3
		endloop
	endfacet
	facet normal -0.8928957600349426 -0.23925045429635922 0.38143987970662974
		outer loop
			vertex 0.8961750268936157 1.8280198407173156 -3
			vertex 0.9365571737289429 1.835140300989151 -2.9010050520300865
			vertex 0.8551203012466431 1.9812383186817168 -3
		endloop
	endfacet
	facet normal -0.8928958632729798 -0.23925083916529633 0.3814393966394945
		outer loop
			vertex 0.9365571737289429 1.835140300989151 -2.9010050520300865
			vertex 0.8936524391174316 1.9952628743648528 -2.9010050520300865
			vertex 0.8551203012466431 1.9812383186817168 -3
		endloop
	endfacet
	facet normal -0.8377853722351002 -0.39066565397320246 0.3814394013137408
		outer loop
			vertex 0.8551203012466431 1.9812383186817168 -3
			vertex 0.8936524391174316 1.9952628743648528 -2.9010050520300865
			vertex 0.7880831360816956 2.125000013113022 -3
		endloop
	endfacet
	facet normal -0.8377853953993748 -0.39066591791263083 0.38143908011240113
		outer loop
			vertex 0.8936524391174316 1.9952628743648528 -2.9010050520300865
			vertex 0.8235945105552673 2.1455025207996368 -2.9010050520300865
			vertex 0.7880831360816956 2.125000013113022 -3
		endloop
	endfacet
	facet normal -0.757219213211768 -0.530210608663955 0.3814390824275215
		outer loop
			vertex 0.7880831360816956 2.125000013113022 -3
			vertex 0.8235945105552673 2.1455025207996368 -2.9010050520300865
			vertex 0.6971004605293274 2.254936738014221 -3
		endloop
	endfacet
	facet normal -0.7572192156065384 -0.530210581205369 0.3814391158416818
		outer loop
			vertex 0.8235945105552673 2.1455025207996368 -2.9010050520300865
			vertex 0.7285121083259583 2.2812942695617675 -2.9010050520300865
			vertex 0.6971004605293274 2.254936738014221 -3
		endloop
	endfacet
	facet normal -0.6536452311987222 -0.6536452311987222 0.3814391477842016
		outer loop
			vertex 0.6971004605293274 2.254936738014221 -3
			vertex 0.7285121083259583 2.2812942695617675 -2.9010050520300865
			vertex 0.5849367380142212 2.3671004605293273 -3
		endloop
	endfacet
	facet normal -0.6536452311987222 -0.6536452311987222 0.3814391477842016
		outer loop
			vertex 0.7285121083259583 2.2812942695617675 -2.9010050520300865
			vertex 0.6112942695617676 2.398512108325958 -2.9010050520300865
			vertex 0.5849367380142212 2.3671004605293273 -3
		endloop
	endfacet
	facet normal -0.530210600581277 -0.7572192016685076 0.38143911657792734
		outer loop
			vertex 0.5849367380142212 2.3671004605293273 -3
			vertex 0.6112942695617676 2.398512108325958 -2.9010050520300865
			vertex 0.45500001311302185 2.4580831360816955 -3
		endloop
	endfacet
	facet normal -0.5302105889395407 -0.7572192266520804 0.38143908316376124
		outer loop
			vertex 0.6112942695617676 2.398512108325958 -2.9010050520300865
			vertex 0.47550252079963684 2.4935945105552673 -2.9010050520300865
			vertex 0.45500001311302185 2.4580831360816955 -3
		endloop
	endfacet
	facet normal -0.39066571122104016 -0.8377854950035097 0.38143907303510877
		outer loop
			vertex 0.45500001311302185 2.4580831360816955 -3
			vertex 0.47550252079963684 2.4935945105552673 -2.9010050520300865
			vertex 0.3112383186817169 2.525120301246643 -3
		endloop
	endfacet
	facet normal -0.3906658631331516 -0.8377852779244543 0.38143939423645584
		outer loop
			vertex 0.47550252079963684 2.4935945105552673 -2.9010050520300865
			vertex 0.3252628743648529 2.5636524391174316 -2.9010050520300865
			vertex 0.3112383186817169 2.525120301246643 -3
		endloop
	endfacet
	facet normal -0.23925050702388748 -0.8928959568169573 0.38143938599565597
		outer loop
			vertex 0.3112383186817169 2.525120301246643 -3
			vertex 0.3252628743648529 2.5636524391174316 -2.9010050520300865
			vertex 0.15801984071731567 2.5661750268936157 -3
		endloop
	endfacet
	facet normal -0.23925078871118544 -0.8928956749757639 0.38143986906280614
		outer loop
			vertex 0.3252628743648529 2.5636524391174316 -2.9010050520300865
			vertex 0.165140300989151 2.606557173728943 -2.9010050520300865
			vertex 0.15801984071731567 2.5661750268936157 -3
		endloop
	endfacet
	facet normal -0.08056653098795948 -0.9208760223229726 0.38143988464132367
		outer loop
			vertex 0.15801984071731567 2.5661750268936157 -3
			vertex 0.165140300989151 2.606557173728943 -2.9010050520300865
			vertex 5.572142716041371e-17 2.5800000262260436 -3
		endloop
	endfacet
	facet normal -0.08056603983079835 -0.9208763664349131 0.3814391576223057
		outer loop
			vertex 0.165140300989151 2.606557173728943 -2.9010050520300865
			vertex 5.823226442664697e-17 2.6210050415992736 -2.9010050520300865
			vertex 5.572142716041371e-17 2.5800000262260436 -3
		endloop
	endfacet
	facet normal 0.08056655771047934 -0.9208763277615656 0.3814391416032941
		outer loop
			vertex 5.572142716041371e-17 2.5800000262260436 -3
			vertex 5.823226442664697e-17 2.6210050415992736 -2.9010050520300865
			vertex -0.15801984071731567 2.5661750268936157 -3
		endloop
	endfacet
	facet normal 0.08056601426065331 -0.9208760741660831 0.3814398686223228
		outer loop
			vertex 5.823226442664697e-17 2.6210050415992736 -2.9010050520300865
			vertex -0.165140300989151 2.606557173728943 -2.9010050520300865
			vertex -0.15801984071731567 2.5661750268936157 -3
		endloop
	endfacet
	facet normal 0.23925045429635922 -0.8928957600349426 0.38143987970662974
		outer loop
			vertex -0.15801984071731567 2.5661750268936157 -3
			vertex -0.165140300989151 2.606557173728943 -2.9010050520300865
			vertex -0.3112383186817169 2.525120301246643 -3
		endloop
	endfacet
	facet normal 0.23925083916529633 -0.8928958632729798 0.3814393966394945
		outer loop
			vertex -0.165140300989151 2.606557173728943 -2.9010050520300865
			vertex -0.3252628743648529 2.5636524391174316 -2.9010050520300865
			vertex -0.3112383186817169 2.525120301246643 -3
		endloop
	endfacet
	facet normal 0.39066565397320246 -0.8377853722351002 0.3814394013137408
		outer loop
			vertex -0.3112383186817169 2.525120301246643 -3
			vertex -0.3252628743648529 2.5636524391174316 -2.9010050520300865
			vertex -0.45500001311302185 2.4580831360816955 -3
		endloop
	endfacet
	facet normal 0.39066591791263083 -0.8377853953993748 0.38143908011240113
		outer loop
			vertex -0.3252628743648529 2.5636524391174316 -2.9010050520300865
			vertex -0.47550252079963684 2.4935945105552673 -2.9010050520300865
			vertex -0.45500001311302185 2.4580831360816955 -3
		endloop
	endfacet
	facet normal 0.530210608663955 -0.757219213211768 0.3814390824275215
		outer loop
			vertex -0.45500001311302185 2.4580831360816955 -3
			vertex -0.47550252079963684 2.4935945105552673 -2.9010050520300865
			vertex -0.5849367380142212 2.3671004605293273 -3
		endloop
	endfacet
	facet normal 0.530210581205369 -0.7572192156065384 0.3814391158416818
		outer loop
			vertex -0.47550252079963684 2.4935945105552673 -2.9010050520300865
			vertex -0.6112942695617676 2.398512108325958 -2.9010050520300865
			vertex -0.5849367380142212 2.3671004605293273 -3
		endloop
	endfacet
	facet normal 0.6536452311987222 -0.6536452311987222 0.3814391477842016
		outer loop
			vertex -0.5849367380142212 2.3671004605293273 -3
			vertex -0.6112942695617676 2.398512108325958 -2.9010050520300865
			vertex -0.6971004605293274 2.254936738014221 -3
		endloop
	endfacet
	facet normal 0.6536452311987222 -0.6536452311987222 0.3814391477842016
		outer loop
			vertex -0.6112942695617676 2.398512108325958 -2.9010050520300865
			vertex -0.7285121083259583 2.2812942695617675 -2.9010050520300865
			vertex -0.6971004605293274 2.254936738014221 -3
		endloop
	endfacet
	facet normal 0.7572192016685076 -0.530210600581277 0.38143911657792734
		outer loop
			vertex -0.6971004605293274 2.254936738014221 -3
			vertex -0.7285121083259583 2.2812942695617675 -2.9010050520300865
			vertex -0.7880831360816956 2.125000013113022 -3
		endloop
	endfacet
	facet normal 0.7572192266520804 -0.5302105889395407 0.38143908316376124
		outer loop
			vertex -0.7285121083259583 2.2812942695617675 -2.9010050520300865
			vertex -0.8235945105552673 2.1455025207996368 -2.9010050520300865
			vertex -0.7880831360816956 2.125000013113022 -3
		endloop
	endfacet
	facet normal 0.8377854950035097 -0.39066571122104016 0.38143907303510877
		outer loop
			vertex -0.7880831360816956 2.125000013113022 -3
			vertex -0.8235945105552673 2.1455025207996368 -2.9010050520300865
			vertex -0.8551203012466431 1.9812383186817168 -3
		endloop
	endfacet
	facet normal 0.8377852779244543 -0.3906658631331516 0.38143939423645584
		outer loop
			vertex -0.8235945105552673 2.1455025207996368 -2.9010050520300865
			vertex -0.8936524391174316 1.9952628743648528 -2.9010050520300865
			vertex -0.8551203012466431 1.9812383186817168 -3
		endloop
	endfacet
	facet normal 0.8928959568169573 -0.23925050702388748 0.38143938599565597
		outer loop
			vertex -0.8551203012466431 1.9812383186817168 -3
			vertex -0.8936524391174316 1.9952628743648528 -2.9010050520300865
			vertex -0.8961750268936157 1.8280198407173156 -3
		endloop
	endfacet
	facet normal 0.8928956749757639 -0.23925078871118544 0.38143986906280614
		outer loop
			vertex -0.8936524391174316 1.9952628743648528 -2.9010050520300865
			vertex -0.9365571737289429 1.835140300989151 -2.9010050520300865
			vertex -0.8961750268936157 1.8280198407173156 -3
		endloop
	endfacet
	facet normal 0.9208760223229727 -0.08056653098795956 0.3814398846413237
		outer loop
			vertex -0.8961750268936157 1.8280198407173156 -3
			vertex -0.9365571737289429 1.835140300989151 -2.9010050520300865
			vertex -0.9100000262260437 1.6700000000000002 -3
		endloop
	endfacet
	facet normal 0.920876366434913 -0.08056603983079841 0.3814391576223056
		outer loop
			vertex -0.9365571737289429 1.835140300989151 -2.9010050520300865
			vertex -0.9510050415992737 1.6700000000000002 -2.9010050520300865
			vertex -0.9100000262260437 1.6700000000000002 -3
		endloop
	endfacet
	facet normal 0.9208763277615656 0.08056655771047927 0.3814391416032942
		outer loop
			vertex -0.9100000262260437 1.6700000000000002 -3
			vertex -0.9510050415992737 1.6700000000000002 -2.9010050520300865
			vertex -0.8961750268936157 1.5119801592826843 -3
		endloop
	endfacet
	facet normal 0.9208760741660832 0.08056601426065324 0.3814398686223229
		outer loop
			vertex -0.9510050415992737 1.6700000000000002 -2.9010050520300865
			vertex -0.9365571737289429 1.504859699010849 -2.9010050520300865
			vertex -0.8961750268936157 1.5119801592826843 -3
		endloop
	endfacet
	facet normal 0.8928957600349426 0.23925045429635922 0.38143987970662974
		outer loop
			vertex -0.8961750268936157 1.5119801592826843 -3
			vertex -0.9365571737289429 1.504859699010849 -2.9010050520300865
			vertex -0.8551203012466431 1.358761681318283 -3
		endloop
	endfacet
	facet normal 0.8928958632729798 0.23925083916529633 0.3814393966394945
		outer loop
			vertex -0.9365571737289429 1.504859699010849 -2.9010050520300865
			vertex -0.8936524391174316 1.344737125635147 -2.9010050520300865
			vertex -0.8551203012466431 1.358761681318283 -3
		endloop
	endfacet
	facet normal 0.8377853722351002 0.39066565397320246 0.3814394013137408
		outer loop
			vertex -0.8551203012466431 1.358761681318283 -3
			vertex -0.8936524391174316 1.344737125635147 -2.9010050520300865
			vertex -0.7880831360816956 1.214999986886978 -3
		endloop
	endfacet
	facet normal 0.8377853953993748 0.39066591791263083 0.38143908011240113
		outer loop
			vertex -0.8936524391174316 1.344737125635147 -2.9010050520300865
			vertex -0.8235945105552673 1.194497479200363 -2.9010050520300865
			vertex -0.7880831360816956 1.214999986886978 -3
		endloop
	endfacet
	facet normal 0.757219213211768 0.530210608663955 0.3814390824275215
		outer loop
			vertex -0.7880831360816956 1.214999986886978 -3
			vertex -0.8235945105552673 1.194497479200363 -2.9010050520300865
			vertex -0.6971004605293274 1.0850632619857787 -3
		endloop
	endfacet
	facet normal 0.7572192156065384 0.530210581205369 0.3814391158416818
		outer loop
			vertex -0.8235945105552673 1.194497479200363 -2.9010050520300865
			vertex -0.7285121083259583 1.0587057304382324 -2.9010050520300865
			vertex -0.6971004605293274 1.0850632619857787 -3
		endloop
	endfacet
	facet normal 0.6536452311987222 0.6536452311987222 0.3814391477842016
		outer loop
			vertex -0.6971004605293274 1.0850632619857787 -3
			vertex -0.7285121083259583 1.0587057304382324 -2.9010050520300865
			vertex -0.5849367380142212 0.9728995394706725 -3
		endloop
	endfacet
	facet normal 0.6536452311987222 0.6536452311987222 0.3814391477842016
		outer loop
			vertex -0.7285121083259583 1.0587057304382324 -2.9010050520300865
			vertex -0.6112942695617676 0.9414878916740417 -2.9010050520300865
			vertex -0.5849367380142212 0.9728995394706725 -3
		endloop
	endfacet
	facet normal 0.530210600581277 0.7572192016685076 0.38143911657792734
		outer loop
			vertex -0.5849367380142212 0.9728995394706725 -3
			vertex -0.6112942695617676 0.9414878916740417 -2.9010050520300865
			vertex -0.45500001311302185 0.8819168639183044 -3
		endloop
	endfacet
	facet normal 0.5302105889395407 0.7572192266520804 0.38143908316376124
		outer loop
			vertex -0.6112942695617676 0.9414878916740417 -2.9010050520300865
			vertex -0.47550252079963684 0.8464054894447326 -2.9010050520300865
			vertex -0.45500001311302185 0.8819168639183044 -3
		endloop
	endfacet
	facet normal 0.39066571122104016 0.8377854950035097 0.38143907303510877
		outer loop
			vertex -0.45500001311302185 0.8819168639183044 -3
			vertex -0.47550252079963684 0.8464054894447326 -2.9010050520300865
			vertex -0.3112383186817169 0.8148796987533569 -3
		endloop
	endfacet
	facet normal 0.3906658631331516 0.8377852779244543 0.38143939423645584
		outer loop
			vertex -0.47550252079963684 0.8464054894447326 -2.9010050520300865
			vertex -0.3252628743648529 0.7763475608825683 -2.9010050520300865
			vertex -0.3112383186817169 0.8148796987533569 -3
		endloop
	endfacet
	facet normal 0.23925050702388748 0.8928959568169573 0.38143938599565597
		outer loop
			vertex -0.3112383186817169 0.8148796987533569 -3
			vertex -0.3252628743648529 0.7763475608825683 -2.9010050520300865
			vertex -0.15801984071731567 0.7738249731063842 -3
		endloop
	endfacet
	facet normal 0.23925078871118544 0.8928956749757639 0.38143986906280614
		outer loop
			vertex -0.3252628743648529 0.7763475608825683 -2.9010050520300865
			vertex -0.165140300989151 0.7334428262710571 -2.9010050520300865
			vertex -0.15801984071731567 0.7738249731063842 -3
		endloop
	endfacet
	facet normal 0.08056653098795954 0.9208760223229727 0.3814398846413237
		outer loop
			vertex -0.15801984071731567 0.7738249731063842 -3
			vertex -0.165140300989151 0.7334428262710571 -2.9010050520300865
			vertex -1.6716428148124112e-16 0.7599999737739562 -3
		endloop
	endfacet
	facet normal 0.0805660398307984 0.9208763664349131 0.3814391576223057
		outer loop
			vertex -0.165140300989151 0.7334428262710571 -2.9010050520300865
			vertex -1.746967998973858e-16 0.7189949584007262 -2.9010050520300865
			vertex -1.6716428148124112e-16 0.7599999737739562 -3
		endloop
	endfacet
	facet normal -0.0805665577104793 0.9208763277615656 0.3814391416032942
		outer loop
			vertex -1.6716428148124112e-16 0.7599999737739562 -3
			vertex -1.746967998973858e-16 0.7189949584007262 -2.9010050520300865
			vertex 0.15801984071731567 0.7738249731063842 -3
		endloop
	endfacet
	facet normal -0.08056601426065325 0.9208760741660831 0.3814398686223228
		outer loop
			vertex -1.746967998973858e-16 0.7189949584007262 -2.9010050520300865
			vertex 0.165140300989151 0.7334428262710571 -2.9010050520300865
			vertex 0.15801984071731567 0.7738249731063842 -3
		endloop
	endfacet
	facet normal -0.23925045429635922 0.8928957600349426 0.38143987970662974
		outer loop
			vertex 0.15801984071731567 0.7738249731063842 -3
			vertex 0.165140300989151 0.7334428262710571 -2.9010050520300865
			vertex 0.3112383186817169 0.8148796987533569 -3
		endloop
	endfacet
	facet normal -0.23925083916529633 0.8928958632729798 0.3814393966394945
		outer loop
			vertex 0.165140300989151 0.7334428262710571 -2.9010050520300865
			vertex 0.3252628743648529 0.7763475608825683 -2.9010050520300865
			vertex 0.3112383186817169 0.8148796987533569 -3
		endloop
	endfacet
	facet normal -0.39066565397320246 0.8377853722351002 0.3814394013137408
		outer loop
			vertex 0.3112383186817169 0.8148796987533569 -3
			vertex 0.3252628743648529 0.7763475608825683 -2.9010050520300865
			vertex 0.45500001311302185 0.8819168639183044 -3
		endloop
	endfacet
	facet normal -0.39066591791263083 0.8377853953993748 0.38143908011240113
		outer loop
			vertex 0.3252628743648529 0.7763475608825683 -2.9010050520300865
			vertex 0.47550252079963684 0.8464054894447326 -2.9010050520300865
			vertex 0.45500001311302185 0.8819168639183044 -3
		endloop
	endfacet
	facet normal -0.530210608663955 0.757219213211768 0.3814390824275215
		outer loop
			vertex 0.45500001311302185 0.8819168639183044 -3
			vertex 0.47550252079963684 0.8464054894447326 -2.9010050520300865
			vertex 0.5849367380142212 0.9728995394706725 -3
		endloop
	endfacet
	facet normal -0.530210581205369 0.7572192156065384 0.3814391158416818
		outer loop
			vertex 0.47550252079963684 0.8464054894447326 -2.9010050520300865
			vertex 0.6112942695617676 0.9414878916740417 -2.9010050520300865
			vertex 0.5849367380142212 0.9728995394706725 -3
		endloop
	endfacet
	facet normal -0.6536452311987222 0.6536452311987222 0.3814391477842016
		outer loop
			vertex 0.5849367380142212 0.9728995394706725 -3
			vertex 0.6112942695617676 0.9414878916740417 -2.9010050520300865
			vertex 0.6971004605293274 1.0850632619857787 -3
		endloop
	endfacet
	facet normal -0.6536452311987222 0.6536452311987222 0.3814391477842016
		outer loop
			vertex 0.6112942695617676 0.9414878916740417 -2.9010050520300865
			vertex 0.7285121083259583 1.0587057304382324 -2.9010050520300865
			vertex 0.6971004605293274 1.0850632619857787 -3
		endloop
	endfacet
	facet normal -0.7572192016685076 0.530210600581277 0.38143911657792734
		outer loop
			vertex 0.6971004605293274 1.0850632619857787 -3
			vertex 0.7285121083259583 1.0587057304382324 -2.9010050520300865
			vertex 0.7880831360816956 1.214999986886978 -3
		endloop
	endfacet
	facet normal -0.7572192266520804 0.5302105889395407 0.38143908316376124
		outer loop
			vertex 0.7285121083259583 1.0587057304382324 -2.9010050520300865
			vertex 0.8235945105552673 1.194497479200363 -2.9010050520300865
			vertex 0.7880831360816956 1.214999986886978 -3
		endloop
	endfacet
	facet normal -0.8377854950035097 0.39066571122104016 0.38143907303510877
		outer loop
			vertex 0.7880831360816956 1.214999986886978 -3
			vertex 0.8235945105552673 1.194497479200363 -2.9010050520300865
			vertex 0.8551203012466431 1.358761681318283 -3
		endloop
	endfacet
	facet normal -0.8377852779244543 0.3906658631331516 0.38143939423645584
		outer loop
			vertex 0.8235945105552673 1.194497479200363 -2.9010050520300865
			vertex 0.8936524391174316 1.344737125635147 -2.9010050520300865
			vertex 0.8551203012466431 1.358761681318283 -3
		endloop
	endfacet
	facet normal -0.8928959568169573 0.23925050702388748 0.38143938599565597
		outer loop
			vertex 0.8551203012466431 1.358761681318283 -3
			vertex 0.8936524391174316 1.344737125635147 -2.9010050520300865
			vertex 0.8961750268936157 1.5119801592826843 -3
		endloop
	endfacet
	facet normal -0.8928956749757639 0.23925078871118544 0.38143986906280614
		outer loop
			vertex 0.8936524391174316 1.344737125635147 -2.9010050520300865
			vertex 0.9365571737289429 1.504859699010849 -2.9010050520300865
			vertex 0.8961750268936157 1.5119801592826843 -3
		endloop
	endfacet
	facet normal -0.9208760223229727 0.08056653098795956 0.3814398846413237
		outer loop
			vertex 0.8961750268936157 1.5119801592826843 -3
			vertex 0.9365571737289429 1.504859699010849 -2.9010050520300865
			vertex 0.9100000262260437 1.6699999999999997 -3
		endloop
	endfacet
	facet normal -0.920876366434913 0.08056603983079841 0.3814391576223056
		outer loop
			vertex 0.9365571737289429 1.504859699010849 -2.9010050520300865
			vertex 0.9510050415992737 1.6699999999999997 -2.9010050520300865
			vertex 0.9100000262260437 1.6699999999999997 -3
		endloop
	endfacet
	facet normal -0.9208763664349131 -0.08056603983079831 -0.3814391576223057
		outer loop
			vertex 0.9510050415992737 1.67 -3.0989949479699135
			vertex 0.9100000262260437 1.67 -3
			vertex 0.9365571737289429 1.835140300989151 -3.0989949479699135
		endloop
	endfacet
	facet normal -0.9208760223229726 -0.08056653098795945 -0.38143988464132367
		outer loop
			vertex 0.9100000262260437 1.67 -3
			vertex 0.8961750268936157 1.8280198407173156 -3
			vertex 0.9365571737289429 1.835140300989151 -3.0989949479699135
		endloop
	endfacet
	facet normal -0.8928956749757639 -0.23925078871118544 -0.38143986906280614
		outer loop
			vertex 0.9365571737289429 1.835140300989151 -3.0989949479699135
			vertex 0.8961750268936157 1.8280198407173156 -3
			vertex 0.8936524391174316 1.9952628743648528 -3.0989949479699135
		endloop
	endfacet
	facet normal -0.8928959568169573 -0.23925050702388748 -0.38143938599565597
		outer loop
			vertex 0.8961750268936157 1.8280198407173156 -3
			vertex 0.8551203012466431 1.9812383186817168 -3
			vertex 0.8936524391174316 1.9952628743648528 -3.0989949479699135
		endloop
	endfacet
	facet normal -0.8377852779244543 -0.3906658631331516 -0.38143939423645584
		outer loop
			vertex 0.8936524391174316 1.9952628743648528 -3.0989949479699135
			vertex 0.8551203012466431 1.9812383186817168 -3
			vertex 0.8235945105552673 2.1455025207996368 -3.0989949479699135
		endloop
	endfacet
	facet normal -0.8377854950035097 -0.39066571122104016 -0.38143907303510877
		outer loop
			vertex 0.8551203012466431 1.9812383186817168 -3
			vertex 0.7880831360816956 2.125000013113022 -3
			vertex 0.8235945105552673 2.1455025207996368 -3.0989949479699135
		endloop
	endfacet
	facet normal -0.7572192266520804 -0.5302105889395407 -0.38143908316376124
		outer loop
			vertex 0.8235945105552673 2.1455025207996368 -3.0989949479699135
			vertex 0.7880831360816956 2.125000013113022 -3
			vertex 0.7285121083259583 2.2812942695617675 -3.0989949479699135
		endloop
	endfacet
	facet normal -0.7572192016685076 -0.530210600581277 -0.38143911657792734
		outer loop
			vertex 0.7880831360816956 2.125000013113022 -3
			vertex 0.6971004605293274 2.254936738014221 -3
			vertex 0.7285121083259583 2.2812942695617675 -3.0989949479699135
		endloop
	endfacet
	facet normal -0.6536452311987222 -0.6536452311987222 -0.3814391477842016
		outer loop
			vertex 0.7285121083259583 2.2812942695617675 -3.0989949479699135
			vertex 0.6971004605293274 2.254936738014221 -3
			vertex 0.6112942695617676 2.398512108325958 -3.0989949479699135
		endloop
	endfacet
	facet normal -0.6536452311987222 -0.6536452311987222 -0.3814391477842016
		outer loop
			vertex 0.6971004605293274 2.254936738014221 -3
			vertex 0.5849367380142212 2.3671004605293273 -3
			vertex 0.6112942695617676 2.398512108325958 -3.0989949479699135
		endloop
	endfacet
	facet normal -0.530210581205369 -0.7572192156065384 -0.3814391158416818
		outer loop
			vertex 0.6112942695617676 2.398512108325958 -3.0989949479699135
			vertex 0.5849367380142212 2.3671004605293273 -3
			vertex 0.47550252079963684 2.4935945105552673 -3.0989949479699135
		endloop
	endfacet
	facet normal -0.530210608663955 -0.757219213211768 -0.3814390824275215
		outer loop
			vertex 0.5849367380142212 2.3671004605293273 -3
			vertex 0.45500001311302185 2.4580831360816955 -3
			vertex 0.47550252079963684 2.4935945105552673 -3.0989949479699135
		endloop
	endfacet
	facet normal -0.39066591791263083 -0.8377853953993748 -0.38143908011240113
		outer loop
			vertex 0.47550252079963684 2.4935945105552673 -3.0989949479699135
			vertex 0.45500001311302185 2.4580831360816955 -3
			vertex 0.3252628743648529 2.5636524391174316 -3.0989949479699135
		endloop
	endfacet
	facet normal -0.39066565397320246 -0.8377853722351002 -0.3814394013137408
		outer loop
			vertex 0.45500001311302185 2.4580831360816955 -3
			vertex 0.3112383186817169 2.525120301246643 -3
			vertex 0.3252628743648529 2.5636524391174316 -3.0989949479699135
		endloop
	endfacet
	facet normal -0.23925083916529633 -0.8928958632729798 -0.3814393966394945
		outer loop
			vertex 0.3252628743648529 2.5636524391174316 -3.0989949479699135
			vertex 0.3112383186817169 2.525120301246643 -3
			vertex 0.165140300989151 2.606557173728943 -3.0989949479699135
		endloop
	endfacet
	facet normal -0.23925045429635922 -0.8928957600349426 -0.38143987970662974
		outer loop
			vertex 0.3112383186817169 2.525120301246643 -3
			vertex 0.15801984071731567 2.5661750268936157 -3
			vertex 0.165140300989151 2.606557173728943 -3.0989949479699135
		endloop
	endfacet
	facet normal -0.08056601426065338 -0.9208760741660832 -0.38143986862232293
		outer loop
			vertex 0.165140300989151 2.606557173728943 -3.0989949479699135
			vertex 0.15801984071731567 2.5661750268936157 -3
			vertex 5.823226442664697e-17 2.6210050415992736 -3.0989949479699135
		endloop
	endfacet
	facet normal -0.08056655771047941 -0.9208763277615656 -0.38143914160329423
		outer loop
			vertex 0.15801984071731567 2.5661750268936157 -3
			vertex 5.572142716041371e-17 2.5800000262260436 -3
			vertex 5.823226442664697e-17 2.6210050415992736 -3.0989949479699135
		endloop
	endfacet
	facet normal 0.08056603983079828 -0.9208763664349131 -0.3814391576223057
		outer loop
			vertex 5.823226442664697e-17 2.6210050415992736 -3.0989949479699135
			vertex 5.572142716041371e-17 2.5800000262260436 -3
			vertex -0.165140300989151 2.606557173728943 -3.0989949479699135
		endloop
	endfacet
	facet normal 0.0805665309879594 -0.9208760223229726 -0.3814398846413236
		outer loop
			vertex 5.572142716041371e-17 2.5800000262260436 -3
			vertex -0.15801984071731567 2.5661750268936157 -3
			vertex -0.165140300989151 2.606557173728943 -3.0989949479699135
		endloop
	endfacet
	facet normal 0.23925078871118544 -0.8928956749757639 -0.38143986906280614
		outer loop
			vertex -0.165140300989151 2.606557173728943 -3.0989949479699135
			vertex -0.15801984071731567 2.5661750268936157 -3
			vertex -0.3252628743648529 2.5636524391174316 -3.0989949479699135
		endloop
	endfacet
	facet normal 0.23925050702388748 -0.8928959568169573 -0.38143938599565597
		outer loop
			vertex -0.15801984071731567 2.5661750268936157 -3
			vertex -0.3112383186817169 2.525120301246643 -3
			vertex -0.3252628743648529 2.5636524391174316 -3.0989949479699135
		endloop
	endfacet
	facet normal 0.3906658631331516 -0.8377852779244543 -0.38143939423645584
		outer loop
			vertex -0.3252628743648529 2.5636524391174316 -3.0989949479699135
			vertex -0.3112383186817169 2.525120301246643 -3
			vertex -0.47550252079963684 2.4935945105552673 -3.0989949479699135
		endloop
	endfacet
	facet normal 0.39066571122104016 -0.8377854950035097 -0.38143907303510877
		outer loop
			vertex -0.3112383186817169 2.525120301246643 -3
			vertex -0.45500001311302185 2.4580831360816955 -3
			vertex -0.47550252079963684 2.4935945105552673 -3.0989949479699135
		endloop
	endfacet
	facet normal 0.5302105889395407 -0.7572192266520804 -0.38143908316376124
		outer loop
			vertex -0.47550252079963684 2.4935945105552673 -3.0989949479699135
			vertex -0.45500001311302185 2.4580831360816955 -3
			vertex -0.6112942695617676 2.398512108325958 -3.0989949479699135
		endloop
	endfacet
	facet normal 0.530210600581277 -0.7572192016685076 -0.38143911657792734
		outer loop
			vertex -0.45500001311302185 2.4580831360816955 -3
			vertex -0.5849367380142212 2.3671004605293273 -3
			vertex -0.6112942695617676 2.398512108325958 -3.0989949479699135
		endloop
	endfacet
	facet normal 0.6536452311987222 -0.6536452311987222 -0.3814391477842016
		outer loop
			vertex -0.6112942695617676 2.398512108325958 -3.0989949479699135
			vertex -0.5849367380142212 2.3671004605293273 -3
			vertex -0.7285121083259583 2.2812942695617675 -3.0989949479699135
		endloop
	endfacet
	facet normal 0.6536452311987222 -0.6536452311987222 -0.3814391477842016
		outer loop
			vertex -0.5849367380142212 2.3671004605293273 -3
			vertex -0.6971004605293274 2.254936738014221 -3
			vertex -0.7285121083259583 2.2812942695617675 -3.0989949479699135
		endloop
	endfacet
	facet normal 0.7572192156065384 -0.530210581205369 -0.3814391158416818
		outer loop
			vertex -0.7285121083259583 2.2812942695617675 -3.0989949479699135
			vertex -0.6971004605293274 2.254936738014221 -3
			vertex -0.8235945105552673 2.1455025207996368 -3.0989949479699135
		endloop
	endfacet
	facet normal 0.757219213211768 -0.530210608663955 -0.3814390824275215
		outer loop
			vertex -0.6971004605293274 2.254936738014221 -3
			vertex -0.7880831360816956 2.125000013113022 -3
			vertex -0.8235945105552673 2.1455025207996368 -3.0989949479699135
		endloop
	endfacet
	facet normal 0.8377853953993748 -0.39066591791263083 -0.38143908011240113
		outer loop
			vertex -0.8235945105552673 2.1455025207996368 -3.0989949479699135
			vertex -0.7880831360816956 2.125000013113022 -3
			vertex -0.8936524391174316 1.9952628743648528 -3.0989949479699135
		endloop
	endfacet
	facet normal 0.8377853722351002 -0.39066565397320246 -0.3814394013137408
		outer loop
			vertex -0.7880831360816956 2.125000013113022 -3
			vertex -0.8551203012466431 1.9812383186817168 -3
			vertex -0.8936524391174316 1.9952628743648528 -3.0989949479699135
		endloop
	endfacet
	facet normal 0.8928958632729798 -0.23925083916529633 -0.3814393966394945
		outer loop
			vertex -0.8936524391174316 1.9952628743648528 -3.0989949479699135
			vertex -0.8551203012466431 1.9812383186817168 -3
			vertex -0.9365571737289429 1.835140300989151 -3.0989949479699135
		endloop
	endfacet
	facet normal 0.8928957600349426 -0.23925045429635922 -0.38143987970662974
		outer loop
			vertex -0.8551203012466431 1.9812383186817168 -3
			vertex -0.8961750268936157 1.8280198407173156 -3
			vertex -0.9365571737289429 1.835140300989151 -3.0989949479699135
		endloop
	endfacet
	facet normal 0.9208760741660832 -0.08056601426065345 -0.3814398686223229
		outer loop
			vertex -0.9365571737289429 1.835140300989151 -3.0989949479699135
			vertex -0.8961750268936157 1.8280198407173156 -3
			vertex -0.9510050415992737 1.6700000000000002 -3.0989949479699135
		endloop
	endfacet
	facet normal 0.9208763277615654 -0.08056655771047948 -0.38143914160329406
		outer loop
			vertex -0.8961750268936157 1.8280198407173156 -3
			vertex -0.9100000262260437 1.6700000000000002 -3
			vertex -0.9510050415992737 1.6700000000000002 -3.0989949479699135
		endloop
	endfacet
	facet normal 0.920876366434913 0.08056603983079821 -0.3814391576223056
		outer loop
			vertex -0.9510050415992737 1.6700000000000002 -3.0989949479699135
			vertex -0.9100000262260437 1.6700000000000002 -3
			vertex -0.9365571737289429 1.504859699010849 -3.0989949479699135
		endloop
	endfacet
	facet normal 0.9208760223229727 0.08056653098795935 -0.3814398846413237
		outer loop
			vertex -0.9100000262260437 1.6700000000000002 -3
			vertex -0.8961750268936157 1.5119801592826843 -3
			vertex -0.9365571737289429 1.504859699010849 -3.0989949479699135
		endloop
	endfacet
	facet normal 0.8928956749757639 0.23925078871118544 -0.38143986906280614
		outer loop
			vertex -0.9365571737289429 1.504859699010849 -3.0989949479699135
			vertex -0.8961750268936157 1.5119801592826843 -3
			vertex -0.8936524391174316 1.344737125635147 -3.0989949479699135
		endloop
	endfacet
	facet normal 0.8928959568169573 0.23925050702388748 -0.38143938599565597
		outer loop
			vertex -0.8961750268936157 1.5119801592826843 -3
			vertex -0.8551203012466431 1.358761681318283 -3
			vertex -0.8936524391174316 1.344737125635147 -3.0989949479699135
		endloop
	endfacet
	facet normal 0.8377852779244543 0.3906658631331516 -0.38143939423645584
		outer loop
			vertex -0.8936524391174316 1.344737125635147 -3.0989949479699135
			vertex -0.8551203012466431 1.358761681318283 -3
			vertex -0.8235945105552673 1.194497479200363 -3.0989949479699135
		endloop
	endfacet
	facet normal 0.8377854950035097 0.39066571122104016 -0.38143907303510877
		outer loop
			vertex -0.8551203012466431 1.358761681318283 -3
			vertex -0.7880831360816956 1.214999986886978 -3
			vertex -0.8235945105552673 1.194497479200363 -3.0989949479699135
		endloop
	endfacet
	facet normal 0.7572192266520804 0.5302105889395407 -0.38143908316376124
		outer loop
			vertex -0.8235945105552673 1.194497479200363 -3.0989949479699135
			vertex -0.7880831360816956 1.214999986886978 -3
			vertex -0.7285121083259583 1.0587057304382324 -3.0989949479699135
		endloop
	endfacet
	facet normal 0.7572192016685076 0.530210600581277 -0.38143911657792734
		outer loop
			vertex -0.7880831360816956 1.214999986886978 -3
			vertex -0.6971004605293274 1.0850632619857787 -3
			vertex -0.7285121083259583 1.0587057304382324 -3.0989949479699135
		endloop
	endfacet
	facet normal 0.6536452311987222 0.6536452311987222 -0.3814391477842016
		outer loop
			vertex -0.7285121083259583 1.0587057304382324 -3.0989949479699135
			vertex -0.6971004605293274 1.0850632619857787 -3
			vertex -0.6112942695617676 0.9414878916740417 -3.0989949479699135
		endloop
	endfacet
	facet normal 0.6536452311987222 0.6536452311987222 -0.3814391477842016
		outer loop
			vertex -0.6971004605293274 1.0850632619857787 -3
			vertex -0.5849367380142212 0.9728995394706725 -3
			vertex -0.6112942695617676 0.9414878916740417 -3.0989949479699135
		endloop
	endfacet
	facet normal 0.530210581205369 0.7572192156065384 -0.3814391158416818
		outer loop
			vertex -0.6112942695617676 0.9414878916740417 -3.0989949479699135
			vertex -0.5849367380142212 0.9728995394706725 -3
			vertex -0.47550252079963684 0.8464054894447326 -3.0989949479699135
		endloop
	endfacet
	facet normal 0.530210608663955 0.757219213211768 -0.3814390824275215
		outer loop
			vertex -0.5849367380142212 0.9728995394706725 -3
			vertex -0.45500001311302185 0.8819168639183044 -3
			vertex -0.47550252079963684 0.8464054894447326 -3.0989949479699135
		endloop
	endfacet
	facet normal 0.39066591791263083 0.8377853953993748 -0.38143908011240113
		outer loop
			vertex -0.47550252079963684 0.8464054894447326 -3.0989949479699135
			vertex -0.45500001311302185 0.8819168639183044 -3
			vertex -0.3252628743648529 0.7763475608825683 -3.0989949479699135
		endloop
	endfacet
	facet normal 0.39066565397320246 0.8377853722351002 -0.3814394013137408
		outer loop
			vertex -0.45500001311302185 0.8819168639183044 -3
			vertex -0.3112383186817169 0.8148796987533569 -3
			vertex -0.3252628743648529 0.7763475608825683 -3.0989949479699135
		endloop
	endfacet
	facet normal 0.23925083916529633 0.8928958632729798 -0.3814393966394945
		outer loop
			vertex -0.3252628743648529 0.7763475608825683 -3.0989949479699135
			vertex -0.3112383186817169 0.8148796987533569 -3
			vertex -0.165140300989151 0.7334428262710571 -3.0989949479699135
		endloop
	endfacet
	facet normal 0.23925045429635922 0.8928957600349426 -0.38143987970662974
		outer loop
			vertex -0.3112383186817169 0.8148796987533569 -3
			vertex -0.15801984071731567 0.7738249731063842 -3
			vertex -0.165140300989151 0.7334428262710571 -3.0989949479699135
		endloop
	endfacet
	facet normal 0.08056601426065343 0.9208760741660832 -0.38143986862232293
		outer loop
			vertex -0.165140300989151 0.7334428262710571 -3.0989949479699135
			vertex -0.15801984071731567 0.7738249731063842 -3
			vertex -1.746967998973858e-16 0.7189949584007262 -3.0989949479699135
		endloop
	endfacet
	facet normal 0.08056655771047946 0.9208763277615656 -0.3814391416032942
		outer loop
			vertex -0.15801984071731567 0.7738249731063842 -3
			vertex -1.6716428148124112e-16 0.7599999737739562 -3
			vertex -1.746967998973858e-16 0.7189949584007262 -3.0989949479699135
		endloop
	endfacet
	facet normal -0.08056603983079823 0.920876366434913 -0.3814391576223056
		outer loop
			vertex -1.746967998973858e-16 0.7189949584007262 -3.0989949479699135
			vertex -1.6716428148124112e-16 0.7599999737739562 -3
			vertex 0.165140300989151 0.7334428262710571 -3.0989949479699135
		endloop
	endfacet
	facet normal -0.08056653098795935 0.9208760223229726 -0.3814398846413236
		outer loop
			vertex -1.6716428148124112e-16 0.7599999737739562 -3
			vertex 0.15801984071731567 0.7738249731063842 -3
			vertex 0.165140300989151 0.7334428262710571 -3.0989949479699135
		endloop
	endfacet
	facet normal -0.23925078871118544 0.8928956749757639 -0.38143986906280614
		outer loop
			vertex 0.165140300989151 0.7334428262710571 -3.0989949479699135
			vertex 0.15801984071731567 0.7738249731063842 -3
			vertex 0.3252628743648529 0.7763475608825683 -3.0989949479699135
		endloop
	endfacet
	facet normal -0.23925050702388748 0.8928959568169573 -0.38143938599565597
		outer loop
			vertex 0.15801984071731567 0.7738249731063842 -3
			vertex 0.3112383186817169 0.8148796987533569 -3
			vertex 0.3252628743648529 0.7763475608825683 -3.0989949479699135
		endloop
	endfacet
	facet normal -0.3906658631331516 0.8377852779244543 -0.38143939423645584
		outer loop
			vertex 0.3252628743648529 0.7763475608825683 -3.0989949479699135
			vertex 0.3112383186817169 0.8148796987533569 -3
			vertex 0.47550252079963684 0.8464054894447326 -3.0989949479699135
		endloop
	endfacet
	facet normal -0.39066571122104016 0.8377854950035097 -0.38143907303510877
		outer loop
			vertex 0.3112383186817169 0.8148796987533569 -3
			vertex 0.45500001311302185 0.8819168639183044 -3
			vertex 0.47550252079963684 0.8464054894447326 -3.0989949479699135
		endloop
	endfacet
	facet normal -0.5302105889395407 0.7572192266520804 -0.38143908316376124
		outer loop
			vertex 0.47550252079963684 0.8464054894447326 -3.0989949479699135
			vertex 0.45500001311302185 0.8819168639183044 -3
			vertex 0.6112942695617676 0.9414878916740417 -3.0989949479699135
		endloop
	endfacet
	facet normal -0.530210600581277 0.7572192016685076 -0.38143911657792734
		outer loop
			vertex 0.45500001311302185 0.8819168639183044 -3
			vertex 0.5849367380142212 0.9728995394706725 -3
			vertex 0.6112942695617676 0.9414878916740417 -3.0989949479699135
		endloop
	endfacet
	facet normal -0.6536452311987222 0.6536452311987222 -0.3814391477842016
		outer loop
			vertex 0.6112942695617676 0.9414878916740417 -3.0989949479699135
			vertex 0.5849367380142212 0.9728995394706725 -3
			vertex 0.7285121083259583 1.0587057304382324 -3.0989949479699135
		endloop
	endfacet
	facet normal -0.6536452311987222 0.6536452311987222 -0.3814391477842016
		outer loop
			vertex 0.5849367380142212 0.9728995394706725 -3
			vertex 0.6971004605293274 1.0850632619857787 -3
			vertex 0.7285121083259583 1.0587057304382324 -3.0989949479699135
		endloop
	endfacet
	facet normal -0.7572192156065384 0.530210581205369 -0.3814391158416818
		outer loop
			vertex 0.7285121083259583 1.0587057304382324 -3.0989949479699135
			vertex 0.6971004605293274 1.0850632619857787 -3
			vertex 0.8235945105552673 1.194497479200363 -3.0989949479699135
		endloop
	endfacet
	facet normal -0.757219213211768 0.530210608663955 -0.3814390824275215
		outer loop
			vertex 0.6971004605293274 1.0850632619857787 -3
			vertex 0.7880831360816956 1.214999986886978 -3
			vertex 0.8235945105552673 1.194497479200363 -3.0989949479699135
		endloop
	endfacet
	facet normal -0.8377853953993748 0.39066591791263083 -0.38143908011240113
		outer loop
			vertex 0.8235945105552673 1.194497479200363 -3.0989949479699135
			vertex 0.7880831360816956 1.214999986886978 -3
			vertex 0.8936524391174316 1.344737125635147 -3.0989949479699135
		endloop
	endfacet
	facet normal -0.8377853722351002 0.39066565397320246 -0.3814394013137408
		outer loop
			vertex 0.7880831360816956 1.214999986886978 -3
			vertex 0.8551203012466431 1.358761681318283 -3
			vertex 0.8936524391174316 1.344737125635147 -3.0989949479699135
		endloop
	endfacet
	facet normal -0.8928958632729798 0.23925083916529633 -0.3814393966394945
		outer loop
			vertex 0.8936524391174316 1.344737125635147 -3.0989949479699135
			vertex 0.8551203012466431 1.358761681318283 -3
			vertex 0.9365571737289429 1.504859699010849 -3.0989949479699135
		endloop
	endfacet
	facet normal -0.8928957600349426 0.23925045429635922 -0.38143987970662974
		outer loop
			vertex 0.8551203012466431 1.358761681318283 -3
			vertex 0.8961750268936157 1.5119801592826843 -3
			vertex 0.9365571737289429 1.504859699010849 -3.0989949479699135
		endloop
	endfacet
	facet normal -0.9208760741660832 0.08056601426065345 -0.3814398686223229
		outer loop
			vertex 0.9365571737289429 1.504859699010849 -3.0989949479699135
			vertex 0.8961750268936157 1.5119801592826843 -3
			vertex 0.9510050415992737 1.6699999999999997 -3.0989949479699135
		endloop
	endfacet
	facet normal -0.9208763277615654 0.08056655771047948 -0.38143914160329406
		outer loop
			vertex 0.8961750268936157 1.5119801592826843 -3
			vertex 0.9100000262260437 1.6699999999999997 -3
			vertex 0.9510050415992737 1.6699999999999997 -3.0989949479699135
		endloop
	endfacet
	facet normal -0.38246927570897704 -0.03346150073431379 -0.9233621072511359
		outer loop
			vertex 1.0499999523162842 1.67 -3.1400000005960464
			vertex 0.9510050415992737 1.67 -3.0989949479699135
			vertex 1.0340481996536255 1.8523305934667587 -3.1400000005960464
		endloop
	endfacet
	facet normal -0.38246905275358867 -0.0334616220606105 -0.9233621952055681
		outer loop
			vertex 0.9510050415992737 1.67 -3.0989949479699135
			vertex 0.9365571737289429 1.835140300989151 -3.0989949479699135
			vertex 1.0340481996536255 1.8523305934667587 -3.1400000005960464
		endloop
	endfacet
	facet normal -0.3708478819806551 -0.09936856890474625 -0.9233621910952846
		outer loop
			vertex 1.0340481996536255 1.8523305934667587 -3.1400000005960464
			vertex 0.9365571737289429 1.835140300989151 -3.0989949479699135
			vertex 0.9866772294044495 2.0291211438179015 -3.1400000005960464
		endloop
	endfacet
	facet normal -0.3708480993468735 -0.09936849594796374 -0.9233621116462659
		outer loop
			vertex 0.9365571737289429 1.835140300989151 -3.0989949479699135
			vertex 0.8936524391174316 1.9952628743648528 -3.0989949479699135
			vertex 0.9866772294044495 2.0291211438179015 -3.1400000005960464
		endloop
	endfacet
	facet normal -0.3479589490523064 -0.16225589540612054 -0.9233621143302191
		outer loop
			vertex 0.9866772294044495 2.0291211438179015 -3.1400000005960464
			vertex 0.8936524391174316 1.9952628743648528 -3.0989949479699135
			vertex 0.9093266725540161 2.194999976158142 -3.1400000005960464
		endloop
	endfacet
	facet normal -0.3479587889164564 -0.1622559194923825 -0.9233621704431444
		outer loop
			vertex 0.8936524391174316 1.9952628743648528 -3.0989949479699135
			vertex 0.8235945105552673 2.1455025207996368 -3.0989949479699135
			vertex 0.9093266725540161 2.194999976158142 -3.1400000005960464
		endloop
	endfacet
	facet normal -0.31449715557241975 -0.22021319994583152 -0.923362163891544
		outer loop
			vertex 0.9093266725540161 2.194999976158142 -3.1400000005960464
			vertex 0.8235945105552673 2.1455025207996368 -3.0989949479699135
			vertex 0.8043466806411743 2.344926996231079 -3.1400000005960464
		endloop
	endfacet
	facet normal -0.31449705164965797 -0.2202131973222211 -0.9233621999133369
		outer loop
			vertex 0.8235945105552673 2.1455025207996368 -3.0989949479699135
			vertex 0.7285121083259583 2.2812942695617675 -3.0989949479699135
			vertex 0.8043466806411743 2.344926996231079 -3.1400000005960464
		endloop
	endfacet
	facet normal -0.2714795197229272 -0.2714795197229272 -0.9233621936932536
		outer loop
			vertex 0.8043466806411743 2.344926996231079 -3.1400000005960464
			vertex 0.7285121083259583 2.2812942695617675 -3.0989949479699135
			vertex 0.6749269962310791 2.4743466806411742 -3.1400000005960464
		endloop
	endfacet
	facet normal -0.2714795197229272 -0.2714795197229272 -0.9233621936932536
		outer loop
			vertex 0.7285121083259583 2.2812942695617675 -3.0989949479699135
			vertex 0.6112942695617676 2.398512108325958 -3.0989949479699135
			vertex 0.6749269962310791 2.4743466806411742 -3.1400000005960464
		endloop
	endfacet
	facet normal -0.2202131527133048 -0.31449708811735666 -0.9233621981312481
		outer loop
			vertex 0.6749269962310791 2.4743466806411742 -3.1400000005960464
			vertex 0.6112942695617676 2.398512108325958 -3.0989949479699135
			vertex 0.5249999761581421 2.579326672554016 -3.1400000005960464
		endloop
	endfacet
	facet normal -0.22021324947143348 -0.3144971261264547 -0.9233621621094472
		outer loop
			vertex 0.6112942695617676 2.398512108325958 -3.0989949479699135
			vertex 0.47550252079963684 2.4935945105552673 -3.0989949479699135
			vertex 0.5249999761581421 2.579326672554016 -3.1400000005960464
		endloop
	endfacet
	facet normal -0.16225584119408842 -0.34795883279420875 -0.9233621676671027
		outer loop
			vertex 0.5249999761581421 2.579326672554016 -3.1400000005960464
			vertex 0.47550252079963684 2.4935945105552673 -3.0989949479699135
			vertex 0.3591211438179016 2.6566772294044494 -3.1400000005960464
		endloop
	endfacet
	facet normal -0.16225597934763586 -0.34795891727640493 -0.9233621115541679
		outer loop
			vertex 0.47550252079963684 2.4935945105552673 -3.0989949479699135
			vertex 0.3252628743648529 2.5636524391174316 -3.0989949479699135
			vertex 0.3591211438179016 2.6566772294044494 -3.1400000005960464
		endloop
	endfacet
	facet normal -0.09936861591255906 -0.3708480574158859 -0.9233621155768122
		outer loop
			vertex 0.3591211438179016 2.6566772294044494 -3.1400000005960464
			vertex 0.3252628743648529 2.5636524391174316 -3.0989949479699135
			vertex 0.18233059346675873 2.7040481996536254 -3.1400000005960464
		endloop
	endfacet
	facet normal -0.09936844404692681 -0.37084790564965875 -0.9233621950258495
		outer loop
			vertex 0.3252628743648529 2.5636524391174316 -3.0989949479699135
			vertex 0.165140300989151 2.606557173728943 -3.0989949479699135
			vertex 0.18233059346675873 2.7040481996536254 -3.1400000005960464
		endloop
	endfacet
	facet normal -0.033461483210231804 -0.3824690754064562 -0.9233621908542183
		outer loop
			vertex 0.18233059346675873 2.7040481996536254 -3.1400000005960464
			vertex 0.165140300989151 2.606557173728943 -3.0989949479699135
			vertex 6.429395645199886e-17 2.719999952316284 -3.1400000005960464
		endloop
	endfacet
	facet normal -0.03346164140894339 -0.38246927390660196 -0.9233621028998192
		outer loop
			vertex 0.165140300989151 2.606557173728943 -3.0989949479699135
			vertex 5.823226442664697e-17 2.6210050415992736 -3.0989949479699135
			vertex 6.429395645199886e-17 2.719999952316284 -3.1400000005960464
		endloop
	endfacet
	facet normal 0.03346150073431378 -0.38246927570897715 -0.923362107251136
		outer loop
			vertex 6.429395645199886e-17 2.719999952316284 -3.1400000005960464
			vertex 5.823226442664697e-17 2.6210050415992736 -3.0989949479699135
			vertex -0.18233059346675873 2.7040481996536254 -3.1400000005960464
		endloop
	endfacet
	facet normal 0.033461622060610485 -0.38246905275358867 -0.9233621952055682
		outer loop
			vertex 5.823226442664697e-17 2.6210050415992736 -3.0989949479699135
			vertex -0.165140300989151 2.606557173728943 -3.0989949479699135
			vertex -0.18233059346675873 2.7040481996536254 -3.1400000005960464
		endloop
	endfacet
	facet normal 0.09936856890474625 -0.3708478819806551 -0.9233621910952846
		outer loop
			vertex -0.18233059346675873 2.7040481996536254 -3.1400000005960464
			vertex -0.165140300989151 2.606557173728943 -3.0989949479699135
			vertex -0.3591211438179016 2.6566772294044494 -3.1400000005960464
		endloop
	endfacet
	facet normal 0.09936849594796374 -0.3708480993468735 -0.9233621116462659
		outer loop
			vertex -0.165140300989151 2.606557173728943 -3.0989949479699135
			vertex -0.3252628743648529 2.5636524391174316 -3.0989949479699135
			vertex -0.3591211438179016 2.6566772294044494 -3.1400000005960464
		endloop
	endfacet
	facet normal 0.16225589540612054 -0.3479589490523064 -0.9233621143302191
		outer loop
			vertex -0.3591211438179016 2.6566772294044494 -3.1400000005960464
			vertex -0.3252628743648529 2.5636524391174316 -3.0989949479699135
			vertex -0.5249999761581421 2.579326672554016 -3.1400000005960464
		endloop
	endfacet
	facet normal 0.1622559194923825 -0.3479587889164564 -0.9233621704431444
		outer loop
			vertex -0.3252628743648529 2.5636524391174316 -3.0989949479699135
			vertex -0.47550252079963684 2.4935945105552673 -3.0989949479699135
			vertex -0.5249999761581421 2.579326672554016 -3.1400000005960464
		endloop
	endfacet
	facet normal 0.22021319994583152 -0.31449715557241975 -0.923362163891544
		outer loop
			vertex -0.5249999761581421 2.579326672554016 -3.1400000005960464
			vertex -0.47550252079963684 2.4935945105552673 -3.0989949479699135
			vertex -0.6749269962310791 2.4743466806411742 -3.1400000005960464
		endloop
	endfacet
	facet normal 0.2202131973222211 -0.31449705164965797 -0.9233621999133369
		outer loop
			vertex -0.47550252079963684 2.4935945105552673 -3.0989949479699135
			vertex -0.6112942695617676 2.398512108325958 -3.0989949479699135
			vertex -0.6749269962310791 2.4743466806411742 -3.1400000005960464
		endloop
	endfacet
	facet normal 0.2714795197229272 -0.2714795197229272 -0.9233621936932536
		outer loop
			vertex -0.6749269962310791 2.4743466806411742 -3.1400000005960464
			vertex -0.6112942695617676 2.398512108325958 -3.0989949479699135
			vertex -0.8043466806411743 2.344926996231079 -3.1400000005960464
		endloop
	endfacet
	facet normal 0.2714795197229272 -0.2714795197229272 -0.9233621936932536
		outer loop
			vertex -0.6112942695617676 2.398512108325958 -3.0989949479699135
			vertex -0.7285121083259583 2.2812942695617675 -3.0989949479699135
			vertex -0.8043466806411743 2.344926996231079 -3.1400000005960464
		endloop
	endfacet
	facet normal 0.31449708811735666 -0.2202131527133048 -0.9233621981312481
		outer loop
			vertex -0.8043466806411743 2.344926996231079 -3.1400000005960464
			vertex -0.7285121083259583 2.2812942695617675 -3.0989949479699135
			vertex -0.9093266725540161 2.194999976158142 -3.1400000005960464
		endloop
	endfacet
	facet normal 0.3144971261264547 -0.22021324947143348 -0.9233621621094472
		outer loop
			vertex -0.7285121083259583 2.2812942695617675 -3.0989949479699135
			vertex -0.8235945105552673 2.1455025207996368 -3.0989949479699135
			vertex -0.9093266725540161 2.194999976158142 -3.1400000005960464
		endloop
	endfacet
	facet normal 0.34795883279420875 -0.16225584119408842 -0.9233621676671027
		outer loop
			vertex -0.9093266725540161 2.194999976158142 -3.1400000005960464
			vertex -0.8235945105552673 2.1455025207996368 -3.0989949479699135
			vertex -0.9866772294044495 2.0291211438179015 -3.1400000005960464
		endloop
	endfacet
	facet normal 0.34795891727640493 -0.16225597934763586 -0.9233621115541679
		outer loop
			vertex -0.8235945105552673 2.1455025207996368 -3.0989949479699135
			vertex -0.8936524391174316 1.9952628743648528 -3.0989949479699135
			vertex -0.9866772294044495 2.0291211438179015 -3.1400000005960464
		endloop
	endfacet
	facet normal 0.3708480574158859 -0.09936861591255906 -0.9233621155768122
		outer loop
			vertex -0.9866772294044495 2.0291211438179015 -3.1400000005960464
			vertex -0.8936524391174316 1.9952628743648528 -3.0989949479699135
			vertex -1.0340481996536255 1.8523305934667587 -3.1400000005960464
		endloop
	endfacet
	facet normal 0.37084790564965875 -0.09936844404692681 -0.9233621950258495
		outer loop
			vertex -0.8936524391174316 1.9952628743648528 -3.0989949479699135
			vertex -0.9365571737289429 1.835140300989151 -3.0989949479699135
			vertex -1.0340481996536255 1.8523305934667587 -3.1400000005960464
		endloop
	endfacet
	facet normal 0.38246907540645614 -0.033461483210231825 -0.9233621908542183
		outer loop
			vertex -1.0340481996536255 1.8523305934667587 -3.1400000005960464
			vertex -0.9365571737289429 1.835140300989151 -3.0989949479699135
			vertex -1.0499999523162842 1.6700000000000002 -3.1400000005960464
		endloop
	endfacet
	facet normal 0.3824692739066018 -0.033461641408943414 -0.923362102899819
		outer loop
			vertex -0.9365571737289429 1.835140300989151 -3.0989949479699135
			vertex -0.9510050415992737 1.6700000000000002 -3.0989949479699135
			vertex -1.0499999523162842 1.6700000000000002 -3.1400000005960464
		endloop
	endfacet
	facet normal 0.38246927570897715 0.033461500734313754 -0.923362107251136
		outer loop
			vertex -1.0499999523162842 1.6700000000000002 -3.1400000005960464
			vertex -0.9510050415992737 1.6700000000000002 -3.0989949479699135
			vertex -1.0340481996536255 1.4876694065332412 -3.1400000005960464
		endloop
	endfacet
	facet normal 0.3824690527535887 0.03346162206061046 -0.9233621952055682
		outer loop
			vertex -0.9510050415992737 1.6700000000000002 -3.0989949479699135
			vertex -0.9365571737289429 1.504859699010849 -3.0989949479699135
			vertex -1.0340481996536255 1.4876694065332412 -3.1400000005960464
		endloop
	endfacet
	facet normal 0.3708478819806551 0.09936856890474625 -0.9233621910952846
		outer loop
			vertex -1.0340481996536255 1.4876694065332412 -3.1400000005960464
			vertex -0.9365571737289429 1.504859699010849 -3.0989949479699135
			vertex -0.9866772294044495 1.3108788561820983 -3.1400000005960464
		endloop
	endfacet
	facet normal 0.3708480993468735 0.09936849594796374 -0.9233621116462659
		outer loop
			vertex -0.9365571737289429 1.504859699010849 -3.0989949479699135
			vertex -0.8936524391174316 1.344737125635147 -3.0989949479699135
			vertex -0.9866772294044495 1.3108788561820983 -3.1400000005960464
		endloop
	endfacet
	facet normal 0.3479589490523064 0.16225589540612054 -0.9233621143302191
		outer loop
			vertex -0.9866772294044495 1.3108788561820983 -3.1400000005960464
			vertex -0.8936524391174316 1.344737125635147 -3.0989949479699135
			vertex -0.9093266725540161 1.1450000238418578 -3.1400000005960464
		endloop
	endfacet
	facet normal 0.3479587889164564 0.1622559194923825 -0.9233621704431444
		outer loop
			vertex -0.8936524391174316 1.344737125635147 -3.0989949479699135
			vertex -0.8235945105552673 1.194497479200363 -3.0989949479699135
			vertex -0.9093266725540161 1.1450000238418578 -3.1400000005960464
		endloop
	endfacet
	facet normal 0.31449715557241975 0.22021319994583152 -0.923362163891544
		outer loop
			vertex -0.9093266725540161 1.1450000238418578 -3.1400000005960464
			vertex -0.8235945105552673 1.194497479200363 -3.0989949479699135
			vertex -0.8043466806411743 0.9950730037689208 -3.1400000005960464
		endloop
	endfacet
	facet normal 0.31449705164965797 0.2202131973222211 -0.9233621999133369
		outer loop
			vertex -0.8235945105552673 1.194497479200363 -3.0989949479699135
			vertex -0.7285121083259583 1.0587057304382324 -3.0989949479699135
			vertex -0.8043466806411743 0.9950730037689208 -3.1400000005960464
		endloop
	endfacet
	facet normal 0.2714795197229272 0.2714795197229272 -0.9233621936932536
		outer loop
			vertex -0.8043466806411743 0.9950730037689208 -3.1400000005960464
			vertex -0.7285121083259583 1.0587057304382324 -3.0989949479699135
			vertex -0.6749269962310791 0.8656533193588256 -3.1400000005960464
		endloop
	endfacet
	facet normal 0.2714795197229272 0.2714795197229272 -0.9233621936932536
		outer loop
			vertex -0.7285121083259583 1.0587057304382324 -3.0989949479699135
			vertex -0.6112942695617676 0.9414878916740417 -3.0989949479699135
			vertex -0.6749269962310791 0.8656533193588256 -3.1400000005960464
		endloop
	endfacet
	facet normal 0.2202131527133048 0.31449708811735666 -0.9233621981312481
		outer loop
			vertex -0.6749269962310791 0.8656533193588256 -3.1400000005960464
			vertex -0.6112942695617676 0.9414878916740417 -3.0989949479699135
			vertex -0.5249999761581421 0.7606733274459838 -3.1400000005960464
		endloop
	endfacet
	facet normal 0.22021324947143348 0.3144971261264547 -0.9233621621094472
		outer loop
			vertex -0.6112942695617676 0.9414878916740417 -3.0989949479699135
			vertex -0.47550252079963684 0.8464054894447326 -3.0989949479699135
			vertex -0.5249999761581421 0.7606733274459838 -3.1400000005960464
		endloop
	endfacet
	facet normal 0.16225584119408842 0.34795883279420875 -0.9233621676671027
		outer loop
			vertex -0.5249999761581421 0.7606733274459838 -3.1400000005960464
			vertex -0.47550252079963684 0.8464054894447326 -3.0989949479699135
			vertex -0.3591211438179016 0.6833227705955505 -3.1400000005960464
		endloop
	endfacet
	facet normal 0.16225597934763586 0.34795891727640493 -0.9233621115541679
		outer loop
			vertex -0.47550252079963684 0.8464054894447326 -3.0989949479699135
			vertex -0.3252628743648529 0.7763475608825683 -3.0989949479699135
			vertex -0.3591211438179016 0.6833227705955505 -3.1400000005960464
		endloop
	endfacet
	facet normal 0.09936861591255906 0.3708480574158859 -0.9233621155768122
		outer loop
			vertex -0.3591211438179016 0.6833227705955505 -3.1400000005960464
			vertex -0.3252628743648529 0.7763475608825683 -3.0989949479699135
			vertex -0.18233059346675873 0.6359518003463744 -3.1400000005960464
		endloop
	endfacet
	facet normal 0.09936844404692681 0.37084790564965875 -0.9233621950258495
		outer loop
			vertex -0.3252628743648529 0.7763475608825683 -3.0989949479699135
			vertex -0.165140300989151 0.7334428262710571 -3.0989949479699135
			vertex -0.18233059346675873 0.6359518003463744 -3.1400000005960464
		endloop
	endfacet
	facet normal 0.03346148321023182 0.38246907540645614 -0.9233621908542183
		outer loop
			vertex -0.18233059346675873 0.6359518003463744 -3.1400000005960464
			vertex -0.165140300989151 0.7334428262710571 -3.0989949479699135
			vertex -1.9288186935599659e-16 0.6200000476837157 -3.1400000005960464
		endloop
	endfacet
	facet normal 0.033461641408943414 0.38246927390660196 -0.9233621028998192
		outer loop
			vertex -0.165140300989151 0.7334428262710571 -3.0989949479699135
			vertex -1.746967998973858e-16 0.7189949584007262 -3.0989949479699135
			vertex -1.9288186935599659e-16 0.6200000476837157 -3.1400000005960464
		endloop
	endfacet
	facet normal -0.03346150073431376 0.38246927570897715 -0.9233621072511359
		outer loop
			vertex -1.9288186935599659e-16 0.6200000476837157 -3.1400000005960464
			vertex -1.746967998973858e-16 0.7189949584007262 -3.0989949479699135
			vertex 0.18233059346675873 0.6359518003463744 -3.1400000005960464
		endloop
	endfacet
	facet normal -0.033461622060610464 0.38246905275358867 -0.9233621952055682
		outer loop
			vertex -1.746967998973858e-16 0.7189949584007262 -3.0989949479699135
			vertex 0.165140300989151 0.7334428262710571 -3.0989949479699135
			vertex 0.18233059346675873 0.6359518003463744 -3.1400000005960464
		endloop
	endfacet
	facet normal -0.09936856890474625 0.3708478819806551 -0.9233621910952846
		outer loop
			vertex 0.18233059346675873 0.6359518003463744 -3.1400000005960464
			vertex 0.165140300989151 0.7334428262710571 -3.0989949479699135
			vertex 0.3591211438179016 0.6833227705955505 -3.1400000005960464
		endloop
	endfacet
	facet normal -0.09936849594796374 0.3708480993468735 -0.9233621116462659
		outer loop
			vertex 0.165140300989151 0.7334428262710571 -3.0989949479699135
			vertex 0.3252628743648529 0.7763475608825683 -3.0989949479699135
			vertex 0.3591211438179016 0.6833227705955505 -3.1400000005960464
		endloop
	endfacet
	facet normal -0.16225589540612054 0.3479589490523064 -0.9233621143302191
		outer loop
			vertex 0.3591211438179016 0.6833227705955505 -3.1400000005960464
			vertex 0.3252628743648529 0.7763475608825683 -3.0989949479699135
			vertex 0.5249999761581421 0.7606733274459838 -3.1400000005960464
		endloop
	endfacet
	facet normal -0.1622559194923825 0.3479587889164564 -0.9233621704431444
		outer loop
			vertex 0.3252628743648529 0.7763475608825683 -3.0989949479699135
			vertex 0.47550252079963684 0.8464054894447326 -3.0989949479699135
			vertex 0.5249999761581421 0.7606733274459838 -3.1400000005960464
		endloop
	endfacet
	facet normal -0.22021319994583152 0.31449715557241975 -0.923362163891544
		outer loop
			vertex 0.5249999761581421 0.7606733274459838 -3.1400000005960464
			vertex 0.47550252079963684 0.8464054894447326 -3.0989949479699135
			vertex 0.6749269962310791 0.8656533193588256 -3.1400000005960464
		endloop
	endfacet
	facet normal -0.2202131973222211 0.31449705164965797 -0.9233621999133369
		outer loop
			vertex 0.47550252079963684 0.8464054894447326 -3.0989949479699135
			vertex 0.6112942695617676 0.9414878916740417 -3.0989949479699135
			vertex 0.6749269962310791 0.8656533193588256 -3.1400000005960464
		endloop
	endfacet
	facet normal -0.2714795197229272 0.2714795197229272 -0.9233621936932536
		outer loop
			vertex 0.6749269962310791 0.8656533193588256 -3.1400000005960464
			vertex 0.6112942695617676 0.9414878916740417 -3.0989949479699135
			vertex 0.8043466806411743 0.9950730037689208 -3.1400000005960464
		endloop
	endfacet
	facet normal -0.2714795197229272 0.2714795197229272 -0.9233621936932536
		outer loop
			vertex 0.6112942695617676 0.9414878916740417 -3.0989949479699135
			vertex 0.7285121083259583 1.0587057304382324 -3.0989949479699135
			vertex 0.8043466806411743 0.9950730037689208 -3.1400000005960464
		endloop
	endfacet
	facet normal -0.31449708811735666 0.2202131527133048 -0.9233621981312481
		outer loop
			vertex 0.8043466806411743 0.9950730037689208 -3.1400000005960464
			vertex 0.7285121083259583 1.0587057304382324 -3.0989949479699135
			vertex 0.9093266725540161 1.1450000238418578 -3.1400000005960464
		endloop
	endfacet
	facet normal -0.3144971261264547 0.22021324947143348 -0.9233621621094472
		outer loop
			vertex 0.7285121083259583 1.0587057304382324 -3.0989949479699135
			vertex 0.8235945105552673 1.194497479200363 -3.0989949479699135
			vertex 0.9093266725540161 1.1450000238418578 -3.1400000005960464
		endloop
	endfacet
	facet normal -0.34795883279420875 0.16225584119408842 -0.9233621676671027
		outer loop
			vertex 0.9093266725540161 1.1450000238418578 -3.1400000005960464
			vertex 0.8235945105552673 1.194497479200363 -3.0989949479699135
			vertex 0.9866772294044495 1.3108788561820983 -3.1400000005960464
		endloop
	endfacet
	facet normal -0.34795891727640493 0.16225597934763586 -0.9233621115541679
		outer loop
			vertex 0.8235945105552673 1.194497479200363 -3.0989949479699135
			vertex 0.8936524391174316 1.344737125635147 -3.0989949479699135
			vertex 0.9866772294044495 1.3108788561820983 -3.1400000005960464
		endloop
	endfacet
	facet normal -0.3708480574158859 0.09936861591255906 -0.9233621155768122
		outer loop
			vertex 0.9866772294044495 1.3108788561820983 -3.1400000005960464
			vertex 0.8936524391174316 1.344737125635147 -3.0989949479699135
			vertex 1.0340481996536255 1.4876694065332412 -3.1400000005960464
		endloop
	endfacet
	facet normal -0.37084790564965875 0.09936844404692681 -0.9233621950258495
		outer loop
			vertex 0.8936524391174316 1.344737125635147 -3.0989949479699135
			vertex 0.9365571737289429 1.504859699010849 -3.0989949479699135
			vertex 1.0340481996536255 1.4876694065332412 -3.1400000005960464
		endloop
	endfacet
	facet normal -0.38246907540645614 0.033461483210231825 -0.9233621908542183
		outer loop
			vertex 1.0340481996536255 1.4876694065332412 -3.1400000005960464
			vertex 0.9365571737289429 1.504859699010849 -3.0989949479699135
			vertex 1.0499999523162842 1.6699999999999997 -3.1400000005960464
		endloop
	endfacet
	facet normal -0.3824692739066018 0.033461641408943414 -0.923362102899819
		outer loop
			vertex 0.9365571737289429 1.504859699010849 -3.0989949479699135
			vertex 0.9510050415992737 1.6699999999999997 -3.0989949479699135
			vertex 1.0499999523162842 1.6699999999999997 -3.1400000005960464
		endloop
	endfacet
	facet normal 0.38246907647442857 0.03346170951417625 -0.923362182210852
		outer loop
			vertex 1.1489949226379395 1.67 -3.0989949479699135
			vertex 1.0499999523162842 1.67 -3.1400000005960464
			vertex 1.1315391063690186 1.8695208859443664 -3.0989949479699135
		endloop
	endfacet
	facet normal 0.38246946808563387 0.03346151756497719 -0.9233620269561345
		outer loop
			vertex 1.0499999523162842 1.67 -3.1400000005960464
			vertex 1.0340481996536255 1.8523305934667587 -3.1400000005960464
			vertex 1.1315391063690186 1.8695208859443664 -3.0989949479699135
		endloop
	endfacet
	facet normal 0.37084827279445 0.09936855369840543 -0.9233620357699683
		outer loop
			vertex 1.1315391063690186 1.8695208859443664 -3.0989949479699135
			vertex 1.0340481996536255 1.8523305934667587 -3.1400000005960464
			vertex 1.0797020196914673 2.0629794132709502 -3.0989949479699135
		endloop
	endfacet
	facet normal 0.3708480574158859 0.09936861591255906 -0.9233621155768122
		outer loop
			vertex 1.0340481996536255 1.8523305934667587 -3.1400000005960464
			vertex 0.9866772294044495 2.0291211438179015 -3.1400000005960464
			vertex 1.0797020196914673 2.0629794132709502 -3.0989949479699135
		endloop
	endfacet
	facet normal 0.34795898392414165 0.1622558032861529 -0.9233621173767333
		outer loop
			vertex 1.0797020196914673 2.0629794132709502 -3.0989949479699135
			vertex 0.9866772294044495 2.0291211438179015 -3.1400000005960464
			vertex 0.9950588345527649 2.2444974613189697 -3.0989949479699135
		endloop
	endfacet
	facet normal 0.34795879490522363 0.16225582352616744 -0.9233621850498048
		outer loop
			vertex 0.9866772294044495 2.0291211438179015 -3.1400000005960464
			vertex 0.9093266725540161 2.194999976158142 -3.1400000005960464
			vertex 0.9950588345527649 2.2444974613189697 -3.0989949479699135
		endloop
	endfacet
	facet normal 0.3144970687089855 0.22021323532708462 -0.9233621850391285
		outer loop
			vertex 0.9950588345527649 2.2444974613189697 -3.0989949479699135
			vertex 0.9093266725540161 2.194999976158142 -3.1400000005960464
			vertex 0.8801811933517456 2.4085597229003906 -3.0989949479699135
		endloop
	endfacet
	facet normal 0.3144972208715494 0.2202132456687579 -0.9233621307461679
		outer loop
			vertex 0.9093266725540161 2.194999976158142 -3.1400000005960464
			vertex 0.8043466806411743 2.344926996231079 -3.1400000005960464
			vertex 0.8801811933517456 2.4085597229003906 -3.0989949479699135
		endloop
	endfacet
	facet normal 0.2714796186440662 0.2714796186440662 -0.9233621355252473
		outer loop
			vertex 0.8801811933517456 2.4085597229003906 -3.0989949479699135
			vertex 0.8043466806411743 2.344926996231079 -3.1400000005960464
			vertex 0.7385597229003906 2.5501811933517455 -3.0989949479699135
		endloop
	endfacet
	facet normal 0.2714796186440662 0.2714796186440662 -0.9233621355252472
		outer loop
			vertex 0.8043466806411743 2.344926996231079 -3.1400000005960464
			vertex 0.6749269962310791 2.4743466806411742 -3.1400000005960464
			vertex 0.7385597229003906 2.5501811933517455 -3.0989949479699135
		endloop
	endfacet
	facet normal 0.22021330685075172 0.3144971708553603 -0.9233621331903485
		outer loop
			vertex 0.7385597229003906 2.5501811933517455 -3.0989949479699135
			vertex 0.6749269962310791 2.4743466806411742 -3.1400000005960464
			vertex 0.5744974613189697 2.665058834552765 -3.0989949479699135
		endloop
	endfacet
	facet normal 0.22021316740179295 0.3144971090946992 -0.9233621874833012
		outer loop
			vertex 0.6749269962310791 2.4743466806411742 -3.1400000005960464
			vertex 0.5249999761581421 2.579326672554016 -3.1400000005960464
			vertex 0.5744974613189697 2.665058834552765 -3.0989949479699135
		endloop
	endfacet
	facet normal 0.16225573759925455 0.3479588430580158 -0.9233621820032749
		outer loop
			vertex 0.5744974613189697 2.665058834552765 -3.0989949479699135
			vertex 0.5249999761581421 2.579326672554016 -3.1400000005960464
			vertex 0.3929794132709503 2.749702019691467 -3.0989949479699135
		endloop
	endfacet
	facet normal 0.16225589540612054 0.3479589490523064 -0.9233621143302191
		outer loop
			vertex 0.5249999761581421 2.579326672554016 -3.1400000005960464
			vertex 0.3591211438179016 2.6566772294044494 -3.1400000005960464
			vertex 0.3929794132709503 2.749702019691467 -3.0989949479699135
		endloop
	endfacet
	facet normal 0.09936850625767571 0.37084809574334054 -0.923362111984056
		outer loop
			vertex 0.3929794132709503 2.749702019691467 -3.0989949479699135
			vertex 0.3591211438179016 2.6566772294044494 -3.1400000005960464
			vertex 0.19952088594436646 2.8015391063690185 -3.0989949479699135
		endloop
	endfacet
	facet normal 0.09936866782609903 0.3708482511595067 -0.9233620321771965
		outer loop
			vertex 0.3591211438179016 2.6566772294044494 -3.1400000005960464
			vertex 0.18233059346675873 2.7040481996536254 -3.1400000005960464
			vertex 0.19952088594436646 2.8015391063690185 -3.0989949479699135
		endloop
	endfacet
	facet normal 0.033461740592352615 0.38246943169959724 -0.9233620339454711
		outer loop
			vertex 0.19952088594436646 2.8015391063690185 -3.0989949479699135
			vertex 0.18233059346675873 2.7040481996536254 -3.1400000005960464
			vertex 7.035564847735076e-17 2.8189949226379394 -3.0989949479699135
		endloop
	endfacet
	facet normal 0.033461483556948834 0.3824690793694766 -0.9233621892001173
		outer loop
			vertex 0.18233059346675873 2.7040481996536254 -3.1400000005960464
			vertex 6.429395645199886e-17 2.719999952316284 -3.1400000005960464
			vertex 7.035564847735076e-17 2.8189949226379394 -3.0989949479699135
		endloop
	endfacet
	facet normal -0.03346170951417624 0.38246907647442857 -0.923362182210852
		outer loop
			vertex 7.035564847735076e-17 2.8189949226379394 -3.0989949479699135
			vertex 6.429395645199886e-17 2.719999952316284 -3.1400000005960464
			vertex -0.19952088594436646 2.8015391063690185 -3.0989949479699135
		endloop
	endfacet
	facet normal -0.03346151756497718 0.3824694680856338 -0.9233620269561345
		outer loop
			vertex 6.429395645199886e-17 2.719999952316284 -3.1400000005960464
			vertex -0.18233059346675873 2.7040481996536254 -3.1400000005960464
			vertex -0.19952088594436646 2.8015391063690185 -3.0989949479699135
		endloop
	endfacet
	facet normal -0.09936855369840543 0.37084827279445 -0.9233620357699683
		outer loop
			vertex -0.19952088594436646 2.8015391063690185 -3.0989949479699135
			vertex -0.18233059346675873 2.7040481996536254 -3.1400000005960464
			vertex -0.3929794132709503 2.749702019691467 -3.0989949479699135
		endloop
	endfacet
	facet normal -0.09936861591255906 0.3708480574158859 -0.9233621155768122
		outer loop
			vertex -0.18233059346675873 2.7040481996536254 -3.1400000005960464
			vertex -0.3591211438179016 2.6566772294044494 -3.1400000005960464
			vertex -0.3929794132709503 2.749702019691467 -3.0989949479699135
		endloop
	endfacet
	facet normal -0.1622558032861529 0.34795898392414165 -0.9233621173767333
		outer loop
			vertex -0.3929794132709503 2.749702019691467 -3.0989949479699135
			vertex -0.3591211438179016 2.6566772294044494 -3.1400000005960464
			vertex -0.5744974613189697 2.665058834552765 -3.0989949479699135
		endloop
	endfacet
	facet normal -0.16225582352616744 0.34795879490522363 -0.9233621850498048
		outer loop
			vertex -0.3591211438179016 2.6566772294044494 -3.1400000005960464
			vertex -0.5249999761581421 2.579326672554016 -3.1400000005960464
			vertex -0.5744974613189697 2.665058834552765 -3.0989949479699135
		endloop
	endfacet
	facet normal -0.22021323532708462 0.3144970687089855 -0.9233621850391285
		outer loop
			vertex -0.5744974613189697 2.665058834552765 -3.0989949479699135
			vertex -0.5249999761581421 2.579326672554016 -3.1400000005960464
			vertex -0.7385597229003906 2.5501811933517455 -3.0989949479699135
		endloop
	endfacet
	facet normal -0.2202132456687579 0.3144972208715494 -0.9233621307461679
		outer loop
			vertex -0.5249999761581421 2.579326672554016 -3.1400000005960464
			vertex -0.6749269962310791 2.4743466806411742 -3.1400000005960464
			vertex -0.7385597229003906 2.5501811933517455 -3.0989949479699135
		endloop
	endfacet
	facet normal -0.2714796186440662 0.2714796186440662 -0.9233621355252473
		outer loop
			vertex -0.7385597229003906 2.5501811933517455 -3.0989949479699135
			vertex -0.6749269962310791 2.4743466806411742 -3.1400000005960464
			vertex -0.8801811933517456 2.4085597229003906 -3.0989949479699135
		endloop
	endfacet
	facet normal -0.2714796186440662 0.2714796186440662 -0.9233621355252472
		outer loop
			vertex -0.6749269962310791 2.4743466806411742 -3.1400000005960464
			vertex -0.8043466806411743 2.344926996231079 -3.1400000005960464
			vertex -0.8801811933517456 2.4085597229003906 -3.0989949479699135
		endloop
	endfacet
	facet normal -0.3144971708553603 0.22021330685075172 -0.9233621331903485
		outer loop
			vertex -0.8801811933517456 2.4085597229003906 -3.0989949479699135
			vertex -0.8043466806411743 2.344926996231079 -3.1400000005960464
			vertex -0.9950588345527649 2.2444974613189697 -3.0989949479699135
		endloop
	endfacet
	facet normal -0.3144971090946992 0.22021316740179295 -0.9233621874833012
		outer loop
			vertex -0.8043466806411743 2.344926996231079 -3.1400000005960464
			vertex -0.9093266725540161 2.194999976158142 -3.1400000005960464
			vertex -0.9950588345527649 2.2444974613189697 -3.0989949479699135
		endloop
	endfacet
	facet normal -0.3479588430580158 0.16225573759925455 -0.9233621820032749
		outer loop
			vertex -0.9950588345527649 2.2444974613189697 -3.0989949479699135
			vertex -0.9093266725540161 2.194999976158142 -3.1400000005960464
			vertex -1.0797020196914673 2.0629794132709502 -3.0989949479699135
		endloop
	endfacet
	facet normal -0.3479589490523064 0.16225589540612054 -0.9233621143302191
		outer loop
			vertex -0.9093266725540161 2.194999976158142 -3.1400000005960464
			vertex -0.9866772294044495 2.0291211438179015 -3.1400000005960464
			vertex -1.0797020196914673 2.0629794132709502 -3.0989949479699135
		endloop
	endfacet
	facet normal -0.37084809574334054 0.09936850625767571 -0.923362111984056
		outer loop
			vertex -1.0797020196914673 2.0629794132709502 -3.0989949479699135
			vertex -0.9866772294044495 2.0291211438179015 -3.1400000005960464
			vertex -1.1315391063690186 1.8695208859443664 -3.0989949479699135
		endloop
	endfacet
	facet normal -0.3708482511595067 0.09936866782609903 -0.9233620321771965
		outer loop
			vertex -0.9866772294044495 2.0291211438179015 -3.1400000005960464
			vertex -1.0340481996536255 1.8523305934667587 -3.1400000005960464
			vertex -1.1315391063690186 1.8695208859443664 -3.0989949479699135
		endloop
	endfacet
	facet normal -0.38246943169959724 0.033461740592352636 -0.923362033945471
		outer loop
			vertex -1.1315391063690186 1.8695208859443664 -3.0989949479699135
			vertex -1.0340481996536255 1.8523305934667587 -3.1400000005960464
			vertex -1.1489949226379395 1.6700000000000002 -3.0989949479699135
		endloop
	endfacet
	facet normal -0.38246907936947666 0.03346148355694886 -0.9233621892001174
		outer loop
			vertex -1.0340481996536255 1.8523305934667587 -3.1400000005960464
			vertex -1.0499999523162842 1.6700000000000002 -3.1400000005960464
			vertex -1.1489949226379395 1.6700000000000002 -3.0989949479699135
		endloop
	endfacet
	facet normal -0.3824690764744286 -0.03346170951417622 -0.9233621822108521
		outer loop
			vertex -1.1489949226379395 1.6700000000000002 -3.0989949479699135
			vertex -1.0499999523162842 1.6700000000000002 -3.1400000005960464
			vertex -1.1315391063690186 1.4704791140556335 -3.0989949479699135
		endloop
	endfacet
	facet normal -0.3824694680856338 -0.03346151756497715 -0.9233620269561345
		outer loop
			vertex -1.0499999523162842 1.6700000000000002 -3.1400000005960464
			vertex -1.0340481996536255 1.4876694065332412 -3.1400000005960464
			vertex -1.1315391063690186 1.4704791140556335 -3.0989949479699135
		endloop
	endfacet
	facet normal -0.37084827279445 -0.09936855369840543 -0.9233620357699683
		outer loop
			vertex -1.1315391063690186 1.4704791140556335 -3.0989949479699135
			vertex -1.0340481996536255 1.4876694065332412 -3.1400000005960464
			vertex -1.0797020196914673 1.2770205867290496 -3.0989949479699135
		endloop
	endfacet
	facet normal -0.3708480574158859 -0.09936861591255906 -0.9233621155768122
		outer loop
			vertex -1.0340481996536255 1.4876694065332412 -3.1400000005960464
			vertex -0.9866772294044495 1.3108788561820983 -3.1400000005960464
			vertex -1.0797020196914673 1.2770205867290496 -3.0989949479699135
		endloop
	endfacet
	facet normal -0.34795898392414165 -0.1622558032861529 -0.9233621173767333
		outer loop
			vertex -1.0797020196914673 1.2770205867290496 -3.0989949479699135
			vertex -0.9866772294044495 1.3108788561820983 -3.1400000005960464
			vertex -0.9950588345527649 1.0955025386810302 -3.0989949479699135
		endloop
	endfacet
	facet normal -0.34795879490522363 -0.16225582352616744 -0.9233621850498048
		outer loop
			vertex -0.9866772294044495 1.3108788561820983 -3.1400000005960464
			vertex -0.9093266725540161 1.1450000238418578 -3.1400000005960464
			vertex -0.9950588345527649 1.0955025386810302 -3.0989949479699135
		endloop
	endfacet
	facet normal -0.3144970687089855 -0.22021323532708462 -0.9233621850391285
		outer loop
			vertex -0.9950588345527649 1.0955025386810302 -3.0989949479699135
			vertex -0.9093266725540161 1.1450000238418578 -3.1400000005960464
			vertex -0.8801811933517456 0.9314402770996093 -3.0989949479699135
		endloop
	endfacet
	facet normal -0.3144972208715494 -0.2202132456687579 -0.9233621307461679
		outer loop
			vertex -0.9093266725540161 1.1450000238418578 -3.1400000005960464
			vertex -0.8043466806411743 0.9950730037689208 -3.1400000005960464
			vertex -0.8801811933517456 0.9314402770996093 -3.0989949479699135
		endloop
	endfacet
	facet normal -0.2714796186440662 -0.2714796186440662 -0.9233621355252473
		outer loop
			vertex -0.8801811933517456 0.9314402770996093 -3.0989949479699135
			vertex -0.8043466806411743 0.9950730037689208 -3.1400000005960464
			vertex -0.7385597229003906 0.7898188066482543 -3.0989949479699135
		endloop
	endfacet
	facet normal -0.2714796186440662 -0.2714796186440662 -0.9233621355252472
		outer loop
			vertex -0.8043466806411743 0.9950730037689208 -3.1400000005960464
			vertex -0.6749269962310791 0.8656533193588256 -3.1400000005960464
			vertex -0.7385597229003906 0.7898188066482543 -3.0989949479699135
		endloop
	endfacet
	facet normal -0.22021330685075172 -0.3144971708553603 -0.9233621331903485
		outer loop
			vertex -0.7385597229003906 0.7898188066482543 -3.0989949479699135
			vertex -0.6749269962310791 0.8656533193588256 -3.1400000005960464
			vertex -0.5744974613189697 0.674941165447235 -3.0989949479699135
		endloop
	endfacet
	facet normal -0.22021316740179295 -0.3144971090946992 -0.9233621874833012
		outer loop
			vertex -0.6749269962310791 0.8656533193588256 -3.1400000005960464
			vertex -0.5249999761581421 0.7606733274459838 -3.1400000005960464
			vertex -0.5744974613189697 0.674941165447235 -3.0989949479699135
		endloop
	endfacet
	facet normal -0.16225573759925455 -0.3479588430580158 -0.9233621820032749
		outer loop
			vertex -0.5744974613189697 0.674941165447235 -3.0989949479699135
			vertex -0.5249999761581421 0.7606733274459838 -3.1400000005960464
			vertex -0.3929794132709503 0.5902979803085326 -3.0989949479699135
		endloop
	endfacet
	facet normal -0.16225589540612054 -0.3479589490523064 -0.9233621143302191
		outer loop
			vertex -0.5249999761581421 0.7606733274459838 -3.1400000005960464
			vertex -0.3591211438179016 0.6833227705955505 -3.1400000005960464
			vertex -0.3929794132709503 0.5902979803085326 -3.0989949479699135
		endloop
	endfacet
	facet normal -0.09936850625767571 -0.37084809574334054 -0.923362111984056
		outer loop
			vertex -0.3929794132709503 0.5902979803085326 -3.0989949479699135
			vertex -0.3591211438179016 0.6833227705955505 -3.1400000005960464
			vertex -0.19952088594436646 0.5384608936309814 -3.0989949479699135
		endloop
	endfacet
	facet normal -0.09936866782609903 -0.3708482511595067 -0.9233620321771965
		outer loop
			vertex -0.3591211438179016 0.6833227705955505 -3.1400000005960464
			vertex -0.18233059346675873 0.6359518003463744 -3.1400000005960464
			vertex -0.19952088594436646 0.5384608936309814 -3.0989949479699135
		endloop
	endfacet
	facet normal -0.033461740592352636 -0.38246943169959724 -0.923362033945471
		outer loop
			vertex -0.19952088594436646 0.5384608936309814 -3.0989949479699135
			vertex -0.18233059346675873 0.6359518003463744 -3.1400000005960464
			vertex -2.1106695204949717e-16 0.5210050773620605 -3.0989949479699135
		endloop
	endfacet
	facet normal -0.03346148355694886 -0.3824690793694767 -0.9233621892001174
		outer loop
			vertex -0.18233059346675873 0.6359518003463744 -3.1400000005960464
			vertex -1.9288186935599659e-16 0.6200000476837157 -3.1400000005960464
			vertex -2.1106695204949717e-16 0.5210050773620605 -3.0989949479699135
		endloop
	endfacet
	facet normal 0.03346170951417622 -0.3824690764744286 -0.9233621822108521
		outer loop
			vertex -2.1106695204949717e-16 0.5210050773620605 -3.0989949479699135
			vertex -1.9288186935599659e-16 0.6200000476837157 -3.1400000005960464
			vertex 0.19952088594436646 0.5384608936309814 -3.0989949479699135
		endloop
	endfacet
	facet normal 0.033461517564977165 -0.3824694680856339 -0.9233620269561346
		outer loop
			vertex -1.9288186935599659e-16 0.6200000476837157 -3.1400000005960464
			vertex 0.18233059346675873 0.6359518003463744 -3.1400000005960464
			vertex 0.19952088594436646 0.5384608936309814 -3.0989949479699135
		endloop
	endfacet
	facet normal 0.09936855369840543 -0.37084827279445 -0.9233620357699683
		outer loop
			vertex 0.19952088594436646 0.5384608936309814 -3.0989949479699135
			vertex 0.18233059346675873 0.6359518003463744 -3.1400000005960464
			vertex 0.3929794132709503 0.5902979803085326 -3.0989949479699135
		endloop
	endfacet
	facet normal 0.09936861591255906 -0.3708480574158859 -0.9233621155768122
		outer loop
			vertex 0.18233059346675873 0.6359518003463744 -3.1400000005960464
			vertex 0.3591211438179016 0.6833227705955505 -3.1400000005960464
			vertex 0.3929794132709503 0.5902979803085326 -3.0989949479699135
		endloop
	endfacet
	facet normal 0.1622558032861529 -0.34795898392414165 -0.9233621173767333
		outer loop
			vertex 0.3929794132709503 0.5902979803085326 -3.0989949479699135
			vertex 0.3591211438179016 0.6833227705955505 -3.1400000005960464
			vertex 0.5744974613189697 0.674941165447235 -3.0989949479699135
		endloop
	endfacet
	facet normal 0.16225582352616744 -0.34795879490522363 -0.9233621850498048
		outer loop
			vertex 0.3591211438179016 0.6833227705955505 -3.1400000005960464
			vertex 0.5249999761581421 0.7606733274459838 -3.1400000005960464
			vertex 0.5744974613189697 0.674941165447235 -3.0989949479699135
		endloop
	endfacet
	facet normal 0.22021323532708462 -0.3144970687089855 -0.9233621850391285
		outer loop
			vertex 0.5744974613189697 0.674941165447235 -3.0989949479699135
			vertex 0.5249999761581421 0.7606733274459838 -3.1400000005960464
			vertex 0.7385597229003906 0.7898188066482543 -3.0989949479699135
		endloop
	endfacet
	facet normal 0.2202132456687579 -0.3144972208715494 -0.9233621307461679
		outer loop
			vertex 0.5249999761581421 0.7606733274459838 -3.1400000005960464
			vertex 0.6749269962310791 0.8656533193588256 -3.1400000005960464
			vertex 0.7385597229003906 0.7898188066482543 -3.0989949479699135
		endloop
	endfacet
	facet normal 0.2714796186440662 -0.2714796186440662 -0.9233621355252473
		outer loop
			vertex 0.7385597229003906 0.7898188066482543 -3.0989949479699135
			vertex 0.6749269962310791 0.8656533193588256 -3.1400000005960464
			vertex 0.8801811933517456 0.9314402770996093 -3.0989949479699135
		endloop
	endfacet
	facet normal 0.2714796186440662 -0.2714796186440662 -0.9233621355252472
		outer loop
			vertex 0.6749269962310791 0.8656533193588256 -3.1400000005960464
			vertex 0.8043466806411743 0.9950730037689208 -3.1400000005960464
			vertex 0.8801811933517456 0.9314402770996093 -3.0989949479699135
		endloop
	endfacet
	facet normal 0.3144971708553603 -0.22021330685075172 -0.9233621331903485
		outer loop
			vertex 0.8801811933517456 0.9314402770996093 -3.0989949479699135
			vertex 0.8043466806411743 0.9950730037689208 -3.1400000005960464
			vertex 0.9950588345527649 1.0955025386810302 -3.0989949479699135
		endloop
	endfacet
	facet normal 0.3144971090946992 -0.22021316740179295 -0.9233621874833012
		outer loop
			vertex 0.8043466806411743 0.9950730037689208 -3.1400000005960464
			vertex 0.9093266725540161 1.1450000238418578 -3.1400000005960464
			vertex 0.9950588345527649 1.0955025386810302 -3.0989949479699135
		endloop
	endfacet
	facet normal 0.3479588430580158 -0.16225573759925455 -0.9233621820032749
		outer loop
			vertex 0.9950588345527649 1.0955025386810302 -3.0989949479699135
			vertex 0.9093266725540161 1.1450000238418578 -3.1400000005960464
			vertex 1.0797020196914673 1.2770205867290496 -3.0989949479699135
		endloop
	endfacet
	facet normal 0.3479589490523064 -0.16225589540612054 -0.9233621143302191
		outer loop
			vertex 0.9093266725540161 1.1450000238418578 -3.1400000005960464
			vertex 0.9866772294044495 1.3108788561820983 -3.1400000005960464
			vertex 1.0797020196914673 1.2770205867290496 -3.0989949479699135
		endloop
	endfacet
	facet normal 0.37084809574334054 -0.09936850625767571 -0.923362111984056
		outer loop
			vertex 1.0797020196914673 1.2770205867290496 -3.0989949479699135
			vertex 0.9866772294044495 1.3108788561820983 -3.1400000005960464
			vertex 1.1315391063690186 1.4704791140556335 -3.0989949479699135
		endloop
	endfacet
	facet normal 0.3708482511595067 -0.09936866782609903 -0.9233620321771965
		outer loop
			vertex 0.9866772294044495 1.3108788561820983 -3.1400000005960464
			vertex 1.0340481996536255 1.4876694065332412 -3.1400000005960464
			vertex 1.1315391063690186 1.4704791140556335 -3.0989949479699135
		endloop
	endfacet
	facet normal 0.38246943169959724 -0.033461740592352636 -0.923362033945471
		outer loop
			vertex 1.1315391063690186 1.4704791140556335 -3.0989949479699135
			vertex 1.0340481996536255 1.4876694065332412 -3.1400000005960464
			vertex 1.1489949226379395 1.6699999999999997 -3.0989949479699135
		endloop
	endfacet
	facet normal 0.38246907936947666 -0.03346148355694886 -0.9233621892001174
		outer loop
			vertex 1.0340481996536255 1.4876694065332412 -3.1400000005960464
			vertex 1.0499999523162842 1.6699999999999997 -3.1400000005960464
			vertex 1.1489949226379395 1.6699999999999997 -3.0989949479699135
		endloop
	endfacet
	facet normal 0.9208759519219948 0.08056634048958886 -0.3814400948404295
		outer loop
			vertex 1.190000057220459 1.67 -3
			vertex 1.1489949226379395 1.67 -3.0989949479699135
			vertex 1.1719212532043457 1.8766413313150405 -3
		endloop
	endfacet
	facet normal 0.9208760579809302 0.08056621841106625 -0.38143986457689893
		outer loop
			vertex 1.1489949226379395 1.67 -3.0989949479699135
			vertex 1.1315391063690186 1.8695208859443664 -3.0989949479699135
			vertex 1.1719212532043457 1.8766413313150405 -3
		endloop
	endfacet
	facet normal 0.8928957466929659 0.23925055826032493 -0.3814398457289614
		outer loop
			vertex 1.1719212532043457 1.8766413313150405 -3
			vertex 1.1315391063690186 1.8695208859443664 -3.0989949479699135
			vertex 1.1182342767715454 2.0770039689540862 -3
		endloop
	endfacet
	facet normal 0.892895489958391 0.2392507662835264 -0.3814403162287789
		outer loop
			vertex 1.1315391063690186 1.8695208859443664 -3.0989949479699135
			vertex 1.0797020196914673 2.0629794132709502 -3.0989949479699135
			vertex 1.1182342767715454 2.0770039689540862 -3
		endloop
	endfacet
	facet normal 0.8377850100028592 0.39066559198775835 -0.38144026039651846
		outer loop
			vertex 1.1182342767715454 2.0770039689540862 -3
			vertex 1.0797020196914673 2.0629794132709502 -3.0989949479699135
			vertex 1.0305702686309814 2.2650000286102294 -3
		endloop
	endfacet
	facet normal 0.8377853552749008 0.39066540046897963 -0.3814396982005412
		outer loop
			vertex 1.0797020196914673 2.0629794132709502 -3.0989949479699135
			vertex 0.9950588345527649 2.2444974613189697 -3.0989949479699135
			vertex 1.0305702686309814 2.2650000286102294 -3
		endloop
	endfacet
	facet normal 0.7572188992930443 0.5302105840133114 -0.3814397398720983
		outer loop
			vertex 1.0305702686309814 2.2650000286102294 -3
			vertex 0.9950588345527649 2.2444974613189697 -3.0989949479699135
			vertex 0.9115929007530212 2.434917254447937 -3
		endloop
	endfacet
	facet normal 0.757219053905506 0.5302105307256281 -0.381439507012709
		outer loop
			vertex 0.9950588345527649 2.2444974613189697 -3.0989949479699135
			vertex 0.8801811933517456 2.4085597229003906 -3.0989949479699135
			vertex 0.9115929007530212 2.434917254447937 -3
		endloop
	endfacet
	facet normal 0.6536451330744031 0.6536451330744031 -0.3814394840814093
		outer loop
			vertex 0.9115929007530212 2.434917254447937 -3
			vertex 0.8801811933517456 2.4085597229003906 -3.0989949479699135
			vertex 0.764917254447937 2.581592900753021 -3
		endloop
	endfacet
	facet normal 0.6536451330744031 0.6536451330744031 -0.3814394840814093
		outer loop
			vertex 0.8801811933517456 2.4085597229003906 -3.0989949479699135
			vertex 0.7385597229003906 2.5501811933517455 -3.0989949479699135
			vertex 0.764917254447937 2.581592900753021 -3
		endloop
	endfacet
	facet normal 0.5302106381601174 0.7572189766226678 -0.38143951109495805
		outer loop
			vertex 0.764917254447937 2.581592900753021 -3
			vertex 0.7385597229003906 2.5501811933517455 -3.0989949479699135
			vertex 0.5950000286102295 2.7005702686309814 -3
		endloop
	endfacet
	facet normal 0.5302104746464662 0.757218973816169 -0.3814397439543462
		outer loop
			vertex 0.7385597229003906 2.5501811933517455 -3.0989949479699135
			vertex 0.5744974613189697 2.665058834552765 -3.0989949479699135
			vertex 0.5950000286102295 2.7005702686309814 -3
		endloop
	endfacet
	facet normal 0.3906656883094385 0.8377852165653551 -0.38143970805653393
		outer loop
			vertex 0.5950000286102295 2.7005702686309814 -3
			vertex 0.5744974613189697 2.665058834552765 -3.0989949479699135
			vertex 0.4070039689540863 2.7882342767715453 -3
		endloop
	endfacet
	facet normal 0.39066530070983163 0.8377851413405386 -0.3814402702525136
		outer loop
			vertex 0.5744974613189697 2.665058834552765 -3.0989949479699135
			vertex 0.3929794132709503 2.749702019691467 -3.0989949479699135
			vertex 0.4070039689540863 2.7882342767715453 -3
		endloop
	endfacet
	facet normal 0.23925050889252683 0.8928955624497305 -0.38144030798048445
		outer loop
			vertex 0.4070039689540863 2.7882342767715453 -3
			vertex 0.3929794132709503 2.749702019691467 -3.0989949479699135
			vertex 0.2066413313150406 2.8419212532043456 -3
		endloop
	endfacet
	facet normal 0.23925081741320411 0.8928956807768337 -0.38143983748055044
		outer loop
			vertex 0.3929794132709503 2.749702019691467 -3.0989949479699135
			vertex 0.19952088594436646 2.8015391063690185 -3.0989949479699135
			vertex 0.2066413313150406 2.8419212532043456 -3
		endloop
	endfacet
	facet normal 0.08056634862557177 0.92087604491655 -0.38143986861364587
		outer loop
			vertex 0.2066413313150406 2.8419212532043456 -3
			vertex 0.19952088594436646 2.8015391063690185 -3.0989949479699135
			vertex 7.286648574358402e-17 2.860000057220459 -3
		endloop
	endfacet
	facet normal 0.08056620998474225 0.9208759616676092 -0.3814400988772035
		outer loop
			vertex 0.19952088594436646 2.8015391063690185 -3.0989949479699135
			vertex 7.035564847735076e-17 2.8189949226379394 -3.0989949479699135
			vertex 7.286648574358402e-17 2.860000057220459 -3
		endloop
	endfacet
	facet normal -0.08056634048958883 0.9208759519219948 -0.38144009484042957
		outer loop
			vertex 7.286648574358402e-17 2.860000057220459 -3
			vertex 7.035564847735076e-17 2.8189949226379394 -3.0989949479699135
			vertex -0.2066413313150406 2.8419212532043456 -3
		endloop
	endfacet
	facet normal -0.0805662184110662 0.9208760579809301 -0.38143986457689893
		outer loop
			vertex 7.035564847735076e-17 2.8189949226379394 -3.0989949479699135
			vertex -0.19952088594436646 2.8015391063690185 -3.0989949479699135
			vertex -0.2066413313150406 2.8419212532043456 -3
		endloop
	endfacet
	facet normal -0.23925055826032493 0.8928957466929659 -0.3814398457289614
		outer loop
			vertex -0.2066413313150406 2.8419212532043456 -3
			vertex -0.19952088594436646 2.8015391063690185 -3.0989949479699135
			vertex -0.4070039689540863 2.7882342767715453 -3
		endloop
	endfacet
	facet normal -0.2392507662835264 0.892895489958391 -0.3814403162287789
		outer loop
			vertex -0.19952088594436646 2.8015391063690185 -3.0989949479699135
			vertex -0.3929794132709503 2.749702019691467 -3.0989949479699135
			vertex -0.4070039689540863 2.7882342767715453 -3
		endloop
	endfacet
	facet normal -0.39066559198775835 0.8377850100028592 -0.38144026039651846
		outer loop
			vertex -0.4070039689540863 2.7882342767715453 -3
			vertex -0.3929794132709503 2.749702019691467 -3.0989949479699135
			vertex -0.5950000286102295 2.7005702686309814 -3
		endloop
	endfacet
	facet normal -0.39066540046897963 0.8377853552749008 -0.3814396982005412
		outer loop
			vertex -0.3929794132709503 2.749702019691467 -3.0989949479699135
			vertex -0.5744974613189697 2.665058834552765 -3.0989949479699135
			vertex -0.5950000286102295 2.7005702686309814 -3
		endloop
	endfacet
	facet normal -0.5302105840133114 0.7572188992930443 -0.3814397398720983
		outer loop
			vertex -0.5950000286102295 2.7005702686309814 -3
			vertex -0.5744974613189697 2.665058834552765 -3.0989949479699135
			vertex -0.764917254447937 2.581592900753021 -3
		endloop
	endfacet
	facet normal -0.5302105307256281 0.757219053905506 -0.381439507012709
		outer loop
			vertex -0.5744974613189697 2.665058834552765 -3.0989949479699135
			vertex -0.7385597229003906 2.5501811933517455 -3.0989949479699135
			vertex -0.764917254447937 2.581592900753021 -3
		endloop
	endfacet
	facet normal -0.6536451330744031 0.6536451330744031 -0.3814394840814093
		outer loop
			vertex -0.764917254447937 2.581592900753021 -3
			vertex -0.7385597229003906 2.5501811933517455 -3.0989949479699135
			vertex -0.9115929007530212 2.434917254447937 -3
		endloop
	endfacet
	facet normal -0.6536451330744031 0.6536451330744031 -0.3814394840814093
		outer loop
			vertex -0.7385597229003906 2.5501811933517455 -3.0989949479699135
			vertex -0.8801811933517456 2.4085597229003906 -3.0989949479699135
			vertex -0.9115929007530212 2.434917254447937 -3
		endloop
	endfacet
	facet normal -0.7572189766226678 0.5302106381601174 -0.38143951109495805
		outer loop
			vertex -0.9115929007530212 2.434917254447937 -3
			vertex -0.8801811933517456 2.4085597229003906 -3.0989949479699135
			vertex -1.0305702686309814 2.2650000286102294 -3
		endloop
	endfacet
	facet normal -0.757218973816169 0.5302104746464662 -0.3814397439543462
		outer loop
			vertex -0.8801811933517456 2.4085597229003906 -3.0989949479699135
			vertex -0.9950588345527649 2.2444974613189697 -3.0989949479699135
			vertex -1.0305702686309814 2.2650000286102294 -3
		endloop
	endfacet
	facet normal -0.8377852165653551 0.3906656883094385 -0.38143970805653393
		outer loop
			vertex -1.0305702686309814 2.2650000286102294 -3
			vertex -0.9950588345527649 2.2444974613189697 -3.0989949479699135
			vertex -1.1182342767715454 2.0770039689540862 -3
		endloop
	endfacet
	facet normal -0.8377851413405386 0.39066530070983163 -0.3814402702525136
		outer loop
			vertex -0.9950588345527649 2.2444974613189697 -3.0989949479699135
			vertex -1.0797020196914673 2.0629794132709502 -3.0989949479699135
			vertex -1.1182342767715454 2.0770039689540862 -3
		endloop
	endfacet
	facet normal -0.8928955624497305 0.23925050889252683 -0.38144030798048445
		outer loop
			vertex -1.1182342767715454 2.0770039689540862 -3
			vertex -1.0797020196914673 2.0629794132709502 -3.0989949479699135
			vertex -1.1719212532043457 1.8766413313150405 -3
		endloop
	endfacet
	facet normal -0.8928956807768337 0.23925081741320411 -0.38143983748055044
		outer loop
			vertex -1.0797020196914673 2.0629794132709502 -3.0989949479699135
			vertex -1.1315391063690186 1.8695208859443664 -3.0989949479699135
			vertex -1.1719212532043457 1.8766413313150405 -3
		endloop
	endfacet
	facet normal -0.9208760449165498 0.08056634862557183 -0.3814398686136458
		outer loop
			vertex -1.1719212532043457 1.8766413313150405 -3
			vertex -1.1315391063690186 1.8695208859443664 -3.0989949479699135
			vertex -1.190000057220459 1.6700000000000002 -3
		endloop
	endfacet
	facet normal -0.9208759616676091 0.08056620998474229 -0.3814400988772034
		outer loop
			vertex -1.1315391063690186 1.8695208859443664 -3.0989949479699135
			vertex -1.1489949226379395 1.6700000000000002 -3.0989949479699135
			vertex -1.190000057220459 1.6700000000000002 -3
		endloop
	endfacet
	facet normal -0.9208759519219949 -0.08056634048958877 -0.3814400948404295
		outer loop
			vertex -1.190000057220459 1.6700000000000002 -3
			vertex -1.1489949226379395 1.6700000000000002 -3.0989949479699135
			vertex -1.1719212532043457 1.4633586686849593 -3
		endloop
	endfacet
	facet normal -0.9208760579809302 -0.08056621841106616 -0.38143986457689893
		outer loop
			vertex -1.1489949226379395 1.6700000000000002 -3.0989949479699135
			vertex -1.1315391063690186 1.4704791140556335 -3.0989949479699135
			vertex -1.1719212532043457 1.4633586686849593 -3
		endloop
	endfacet
	facet normal -0.8928957466929659 -0.23925055826032493 -0.3814398457289614
		outer loop
			vertex -1.1719212532043457 1.4633586686849593 -3
			vertex -1.1315391063690186 1.4704791140556335 -3.0989949479699135
			vertex -1.1182342767715454 1.2629960310459136 -3
		endloop
	endfacet
	facet normal -0.892895489958391 -0.2392507662835264 -0.3814403162287789
		outer loop
			vertex -1.1315391063690186 1.4704791140556335 -3.0989949479699135
			vertex -1.0797020196914673 1.2770205867290496 -3.0989949479699135
			vertex -1.1182342767715454 1.2629960310459136 -3
		endloop
	endfacet
	facet normal -0.8377850100028592 -0.39066559198775835 -0.38144026039651846
		outer loop
			vertex -1.1182342767715454 1.2629960310459136 -3
			vertex -1.0797020196914673 1.2770205867290496 -3.0989949479699135
			vertex -1.0305702686309814 1.0749999713897704 -3
		endloop
	endfacet
	facet normal -0.8377853552749008 -0.39066540046897963 -0.3814396982005412
		outer loop
			vertex -1.0797020196914673 1.2770205867290496 -3.0989949479699135
			vertex -0.9950588345527649 1.0955025386810302 -3.0989949479699135
			vertex -1.0305702686309814 1.0749999713897704 -3
		endloop
	endfacet
	facet normal -0.7572188992930443 -0.5302105840133114 -0.3814397398720983
		outer loop
			vertex -1.0305702686309814 1.0749999713897704 -3
			vertex -0.9950588345527649 1.0955025386810302 -3.0989949479699135
			vertex -0.9115929007530212 0.9050827455520629 -3
		endloop
	endfacet
	facet normal -0.757219053905506 -0.5302105307256281 -0.381439507012709
		outer loop
			vertex -0.9950588345527649 1.0955025386810302 -3.0989949479699135
			vertex -0.8801811933517456 0.9314402770996093 -3.0989949479699135
			vertex -0.9115929007530212 0.9050827455520629 -3
		endloop
	endfacet
	facet normal -0.6536451330744031 -0.6536451330744031 -0.3814394840814093
		outer loop
			vertex -0.9115929007530212 0.9050827455520629 -3
			vertex -0.8801811933517456 0.9314402770996093 -3.0989949479699135
			vertex -0.764917254447937 0.7584070992469787 -3
		endloop
	endfacet
	facet normal -0.6536451330744031 -0.6536451330744031 -0.3814394840814093
		outer loop
			vertex -0.8801811933517456 0.9314402770996093 -3.0989949479699135
			vertex -0.7385597229003906 0.7898188066482543 -3.0989949479699135
			vertex -0.764917254447937 0.7584070992469787 -3
		endloop
	endfacet
	facet normal -0.5302106381601174 -0.7572189766226678 -0.38143951109495805
		outer loop
			vertex -0.764917254447937 0.7584070992469787 -3
			vertex -0.7385597229003906 0.7898188066482543 -3.0989949479699135
			vertex -0.5950000286102295 0.6394297313690185 -3
		endloop
	endfacet
	facet normal -0.5302104746464662 -0.757218973816169 -0.3814397439543462
		outer loop
			vertex -0.7385597229003906 0.7898188066482543 -3.0989949479699135
			vertex -0.5744974613189697 0.674941165447235 -3.0989949479699135
			vertex -0.5950000286102295 0.6394297313690185 -3
		endloop
	endfacet
	facet normal -0.3906656883094385 -0.8377852165653551 -0.38143970805653393
		outer loop
			vertex -0.5950000286102295 0.6394297313690185 -3
			vertex -0.5744974613189697 0.674941165447235 -3.0989949479699135
			vertex -0.4070039689540863 0.5517657232284545 -3
		endloop
	endfacet
	facet normal -0.39066530070983163 -0.8377851413405386 -0.3814402702525136
		outer loop
			vertex -0.5744974613189697 0.674941165447235 -3.0989949479699135
			vertex -0.3929794132709503 0.5902979803085326 -3.0989949479699135
			vertex -0.4070039689540863 0.5517657232284545 -3
		endloop
	endfacet
	facet normal -0.23925050889252683 -0.8928955624497305 -0.38144030798048445
		outer loop
			vertex -0.4070039689540863 0.5517657232284545 -3
			vertex -0.3929794132709503 0.5902979803085326 -3.0989949479699135
			vertex -0.2066413313150406 0.4980787467956542 -3
		endloop
	endfacet
	facet normal -0.23925081741320411 -0.8928956807768337 -0.38143983748055044
		outer loop
			vertex -0.3929794132709503 0.5902979803085326 -3.0989949479699135
			vertex -0.19952088594436646 0.5384608936309814 -3.0989949479699135
			vertex -0.2066413313150406 0.4980787467956542 -3
		endloop
	endfacet
	facet normal -0.08056634862557183 -0.9208760449165498 -0.3814398686136458
		outer loop
			vertex -0.2066413313150406 0.4980787467956542 -3
			vertex -0.19952088594436646 0.5384608936309814 -3.0989949479699135
			vertex -2.1859945723075205e-16 0.47999994277954094 -3
		endloop
	endfacet
	facet normal -0.08056620998474229 -0.9208759616676091 -0.3814400988772034
		outer loop
			vertex -0.19952088594436646 0.5384608936309814 -3.0989949479699135
			vertex -2.1106695204949717e-16 0.5210050773620605 -3.0989949479699135
			vertex -2.1859945723075205e-16 0.47999994277954094 -3
		endloop
	endfacet
	facet normal 0.08056634048958877 -0.9208759519219949 -0.3814400948404295
		outer loop
			vertex -2.1859945723075205e-16 0.47999994277954094 -3
			vertex -2.1106695204949717e-16 0.5210050773620605 -3.0989949479699135
			vertex 0.2066413313150406 0.4980787467956542 -3
		endloop
	endfacet
	facet normal 0.08056621841106616 -0.9208760579809302 -0.38143986457689893
		outer loop
			vertex -2.1106695204949717e-16 0.5210050773620605 -3.0989949479699135
			vertex 0.19952088594436646 0.5384608936309814 -3.0989949479699135
			vertex 0.2066413313150406 0.4980787467956542 -3
		endloop
	endfacet
	facet normal 0.23925055826032493 -0.8928957466929659 -0.3814398457289614
		outer loop
			vertex 0.2066413313150406 0.4980787467956542 -3
			vertex 0.19952088594436646 0.5384608936309814 -3.0989949479699135
			vertex 0.4070039689540863 0.5517657232284545 -3
		endloop
	endfacet
	facet normal 0.2392507662835264 -0.892895489958391 -0.3814403162287789
		outer loop
			vertex 0.19952088594436646 0.5384608936309814 -3.0989949479699135
			vertex 0.3929794132709503 0.5902979803085326 -3.0989949479699135
			vertex 0.4070039689540863 0.5517657232284545 -3
		endloop
	endfacet
	facet normal 0.39066559198775835 -0.8377850100028592 -0.38144026039651846
		outer loop
			vertex 0.4070039689540863 0.5517657232284545 -3
			vertex 0.3929794132709503 0.5902979803085326 -3.0989949479699135
			vertex 0.5950000286102295 0.6394297313690185 -3
		endloop
	endfacet
	facet normal 0.39066540046897963 -0.8377853552749008 -0.3814396982005412
		outer loop
			vertex 0.3929794132709503 0.5902979803085326 -3.0989949479699135
			vertex 0.5744974613189697 0.674941165447235 -3.0989949479699135
			vertex 0.5950000286102295 0.6394297313690185 -3
		endloop
	endfacet
	facet normal 0.5302105840133114 -0.7572188992930443 -0.3814397398720983
		outer loop
			vertex 0.5950000286102295 0.6394297313690185 -3
			vertex 0.5744974613189697 0.674941165447235 -3.0989949479699135
			vertex 0.764917254447937 0.7584070992469787 -3
		endloop
	endfacet
	facet normal 0.5302105307256281 -0.757219053905506 -0.381439507012709
		outer loop
			vertex 0.5744974613189697 0.674941165447235 -3.0989949479699135
			vertex 0.7385597229003906 0.7898188066482543 -3.0989949479699135
			vertex 0.764917254447937 0.7584070992469787 -3
		endloop
	endfacet
	facet normal 0.6536451330744031 -0.6536451330744031 -0.3814394840814093
		outer loop
			vertex 0.764917254447937 0.7584070992469787 -3
			vertex 0.7385597229003906 0.7898188066482543 -3.0989949479699135
			vertex 0.9115929007530212 0.9050827455520629 -3
		endloop
	endfacet
	facet normal 0.6536451330744031 -0.6536451330744031 -0.3814394840814093
		outer loop
			vertex 0.7385597229003906 0.7898188066482543 -3.0989949479699135
			vertex 0.8801811933517456 0.9314402770996093 -3.0989949479699135
			vertex 0.9115929007530212 0.9050827455520629 -3
		endloop
	endfacet
	facet normal 0.7572189766226678 -0.5302106381601174 -0.38143951109495805
		outer loop
			vertex 0.9115929007530212 0.9050827455520629 -3
			vertex 0.8801811933517456 0.9314402770996093 -3.0989949479699135
			vertex 1.0305702686309814 1.0749999713897704 -3
		endloop
	endfacet
	facet normal 0.757218973816169 -0.5302104746464662 -0.3814397439543462
		outer loop
			vertex 0.8801811933517456 0.9314402770996093 -3.0989949479699135
			vertex 0.9950588345527649 1.0955025386810302 -3.0989949479699135
			vertex 1.0305702686309814 1.0749999713897704 -3
		endloop
	endfacet
	facet normal 0.8377852165653551 -0.3906656883094385 -0.38143970805653393
		outer loop
			vertex 1.0305702686309814 1.0749999713897704 -3
			vertex 0.9950588345527649 1.0955025386810302 -3.0989949479699135
			vertex 1.1182342767715454 1.2629960310459136 -3
		endloop
	endfacet
	facet normal 0.8377851413405386 -0.39066530070983163 -0.3814402702525136
		outer loop
			vertex 0.9950588345527649 1.0955025386810302 -3.0989949479699135
			vertex 1.0797020196914673 1.2770205867290496 -3.0989949479699135
			vertex 1.1182342767715454 1.2629960310459136 -3
		endloop
	endfacet
	facet normal 0.8928955624497305 -0.23925050889252683 -0.38144030798048445
		outer loop
			vertex 1.1182342767715454 1.2629960310459136 -3
			vertex 1.0797020196914673 1.2770205867290496 -3.0989949479699135
			vertex 1.1719212532043457 1.4633586686849593 -3
		endloop
	endfacet
	facet normal 0.8928956807768337 -0.23925081741320411 -0.38143983748055044
		outer loop
			vertex 1.0797020196914673 1.2770205867290496 -3.0989949479699135
			vertex 1.1315391063690186 1.4704791140556335 -3.0989949479699135
			vertex 1.1719212532043457 1.4633586686849593 -3
		endloop
	endfacet
	facet normal 0.9208760449165498 -0.08056634862557183 -0.3814398686136458
		outer loop
			vertex 1.1719212532043457 1.4633586686849593 -3
			vertex 1.1315391063690186 1.4704791140556335 -3.0989949479699135
			vertex 1.190000057220459 1.6699999999999997 -3
		endloop
	endfacet
	facet normal 0.9208759616676091 -0.08056620998474229 -0.3814400988772034
		outer loop
			vertex 1.1315391063690186 1.4704791140556335 -3.0989949479699135
			vertex 1.1489949226379395 1.6699999999999997 -3.0989949479699135
			vertex 1.190000057220459 1.6699999999999997 -3
		endloop
	endfacet
	facet normal 1 0 0
		outer loop
			vertex 1.6749999523162842 1.594999997615814 -1.4200000017881393
			vertex 1.6749999523162842 1.4650000023841856 -1.4200000017881393
			vertex 1.6749999523162842 1.594999997615814 -1.5799999982118607
		endloop
	endfacet
	facet normal 1 0 0
		outer loop
			vertex 1.6749999523162842 1.4650000023841856 -1.4200000017881393
			vertex 1.6749999523162842 1.4650000023841856 -1.5799999982118607
			vertex 1.6749999523162842 1.594999997615814 -1.5799999982118607
		endloop
	endfacet
	facet normal -1 0 0
		outer loop
			vertex -1.6749999523162842 1.594999997615814 -1.5799999982118607
			vertex -1.6749999523162842 1.4650000023841856 -1.5799999982118607
			vertex -1.6749999523162842 1.594999997615814 -1.4200000017881393
		endloop
	endfacet
	facet normal -1 0 0
		outer loop
			vertex -1.6749999523162842 1.4650000023841856 -1.5799999982118607
			vertex -1.6749999523162842 1.4650000023841856 -1.4200000017881393
			vertex -1.6749999523162842 1.594999997615814 -1.4200000017881393
		endloop
	endfacet
	facet normal 0 1 0
		outer loop
			vertex -1.6749999523162842 1.594999997615814 -1.5799999982118607
			vertex -1.6749999523162842 1.594999997615814 -1.4200000017881393
			vertex 1.6749999523162842 1.594999997615814 -1.5799999982118607
		endloop
	endfacet
	facet normal 0 1 0
		outer loop
			vertex -1.6749999523162842 1.594999997615814 -1.4200000017881393
			vertex 1.6749999523162842 1.594999997615814 -1.4200000017881393
			vertex 1.6749999523162842 1.594999997615814 -1.5799999982118607
		endloop
	endfacet
	facet normal 0 -1 0
		outer loop
			vertex -1.6749999523162842 1.4650000023841856 -1.4200000017881393
			vertex -1.6749999523162842 1.4650000023841856 -1.5799999982118607
			vertex 1.6749999523162842 1.4650000023841856 -1.4200000017881393
		endloop
	endfacet
	facet normal 0 -1 0
		outer loop
			vertex -1.6749999523162842 1.4650000023841856 -1.5799999982118607
			vertex 1.6749999523162842 1.4650000023841856 -1.5799999982118607
			vertex 1.6749999523162842 1.4650000023841856 -1.4200000017881393
		endloop
	endfacet
	facet normal 0 0 1
		outer loop
			vertex -1.6749999523162842 1.594999997615814 -1.4200000017881393
			vertex -1.6749999523162842 1.4650000023841856 -1.4200000017881393
			vertex 1.6749999523162842 1.594999997615814 -1.4200000017881393
		endloop
	endfacet
	facet normal 0 0 1
		outer loop
			vertex -1.6749999523162842 1.4650000023841856 -1.4200000017881393
			vertex 1.6749999523162842 1.4650000023841856 -1.4200000017881393
			vertex 1.6749999523162842 1.594999997615814 -1.4200000017881393
		endloop
	endfacet
	facet normal 0 0 -1
		outer loop
			vertex 1.6749999523162842 1.594999997615814 -1.5799999982118607
			vertex 1.6749999523162842 1.4650000023841856 -1.5799999982118607
			vertex -1.6749999523162842 1.594999997615814 -1.5799999982118607
		endloop
	endfacet
	facet normal 0 0 -1
		outer loop
			vertex 1.6749999523162842 1.4650000023841856 -1.5799999982118607
			vertex -1.6749999523162842 1.4650000023841856 -1.5799999982118607
			vertex -1.6749999523162842 1.594999997615814 -1.5799999982118607
		endloop
	endfacet
	facet normal 0.9208759616676092 0.08056620998474222 0.38144009887720354
		outer loop
			vertex 1.1489949226379395 2.25 -1.4010050520300865
			vertex 1.190000057220459 2.25 -1.5
			vertex 1.1315391063690186 2.4495208859443665 -1.4010050520300865
		endloop
	endfacet
	facet normal 0.92087604491655 0.08056634862557174 0.3814398686136459
		outer loop
			vertex 1.190000057220459 2.25 -1.5
			vertex 1.1719212532043457 2.4566413313150406 -1.5
			vertex 1.1315391063690186 2.4495208859443665 -1.4010050520300865
		endloop
	endfacet
	facet normal 0.8928956807768337 0.23925081741320411 0.38143983748055044
		outer loop
			vertex 1.1315391063690186 2.4495208859443665 -1.4010050520300865
			vertex 1.1719212532043457 2.4566413313150406 -1.5
			vertex 1.0797020196914673 2.6429794132709503 -1.4010050520300865
		endloop
	endfacet
	facet normal 0.8928955624497305 0.23925050889252683 0.38144030798048445
		outer loop
			vertex 1.1719212532043457 2.4566413313150406 -1.5
			vertex 1.1182342767715454 2.6570039689540863 -1.5
			vertex 1.0797020196914673 2.6429794132709503 -1.4010050520300865
		endloop
	endfacet
	facet normal 0.8377851413405386 0.39066530070983163 0.3814402702525136
		outer loop
			vertex 1.0797020196914673 2.6429794132709503 -1.4010050520300865
			vertex 1.1182342767715454 2.6570039689540863 -1.5
			vertex 0.9950588345527649 2.8244974613189697 -1.4010050520300865
		endloop
	endfacet
	facet normal 0.8377852165653551 0.3906656883094385 0.38143970805653393
		outer loop
			vertex 1.1182342767715454 2.6570039689540863 -1.5
			vertex 1.0305702686309814 2.8450000286102295 -1.5
			vertex 0.9950588345527649 2.8244974613189697 -1.4010050520300865
		endloop
	endfacet
	facet normal 0.757218973816169 0.5302104746464662 0.3814397439543462
		outer loop
			vertex 0.9950588345527649 2.8244974613189697 -1.4010050520300865
			vertex 1.0305702686309814 2.8450000286102295 -1.5
			vertex 0.8801811933517456 2.9885597229003906 -1.4010050520300865
		endloop
	endfacet
	facet normal 0.7572189766226678 0.5302106381601174 0.38143951109495805
		outer loop
			vertex 1.0305702686309814 2.8450000286102295 -1.5
			vertex 0.9115929007530212 3.014917254447937 -1.5
			vertex 0.8801811933517456 2.9885597229003906 -1.4010050520300865
		endloop
	endfacet
	facet normal 0.6536451330744031 0.6536451330744031 0.3814394840814093
		outer loop
			vertex 0.8801811933517456 2.9885597229003906 -1.4010050520300865
			vertex 0.9115929007530212 3.014917254447937 -1.5
			vertex 0.7385597229003906 3.1301811933517456 -1.4010050520300865
		endloop
	endfacet
	facet normal 0.6536451330744031 0.6536451330744031 0.3814394840814093
		outer loop
			vertex 0.9115929007530212 3.014917254447937 -1.5
			vertex 0.764917254447937 3.1615929007530212 -1.5
			vertex 0.7385597229003906 3.1301811933517456 -1.4010050520300865
		endloop
	endfacet
	facet normal 0.5302105307256281 0.757219053905506 0.381439507012709
		outer loop
			vertex 0.7385597229003906 3.1301811933517456 -1.4010050520300865
			vertex 0.764917254447937 3.1615929007530212 -1.5
			vertex 0.5744974613189697 3.245058834552765 -1.4010050520300865
		endloop
	endfacet
	facet normal 0.5302105840133114 0.7572188992930443 0.3814397398720983
		outer loop
			vertex 0.764917254447937 3.1615929007530212 -1.5
			vertex 0.5950000286102295 3.2805702686309814 -1.5
			vertex 0.5744974613189697 3.245058834552765 -1.4010050520300865
		endloop
	endfacet
	facet normal 0.39066540046897963 0.8377853552749008 0.3814396982005412
		outer loop
			vertex 0.5744974613189697 3.245058834552765 -1.4010050520300865
			vertex 0.5950000286102295 3.2805702686309814 -1.5
			vertex 0.3929794132709503 3.3297020196914673 -1.4010050520300865
		endloop
	endfacet
	facet normal 0.39066559198775835 0.8377850100028592 0.38144026039651846
		outer loop
			vertex 0.5950000286102295 3.2805702686309814 -1.5
			vertex 0.4070039689540863 3.3682342767715454 -1.5
			vertex 0.3929794132709503 3.3297020196914673 -1.4010050520300865
		endloop
	endfacet
	facet normal 0.2392507662835264 0.892895489958391 0.3814403162287789
		outer loop
			vertex 0.3929794132709503 3.3297020196914673 -1.4010050520300865
			vertex 0.4070039689540863 3.3682342767715454 -1.5
			vertex 0.19952088594436646 3.3815391063690186 -1.4010050520300865
		endloop
	endfacet
	facet normal 0.23925055826032493 0.8928957466929659 0.3814398457289614
		outer loop
			vertex 0.4070039689540863 3.3682342767715454 -1.5
			vertex 0.2066413313150406 3.4219212532043457 -1.5
			vertex 0.19952088594436646 3.3815391063690186 -1.4010050520300865
		endloop
	endfacet
	facet normal 0.08056621841106627 0.9208760579809301 0.3814398645768989
		outer loop
			vertex 0.19952088594436646 3.3815391063690186 -1.4010050520300865
			vertex 0.2066413313150406 3.4219212532043457 -1.5
			vertex 7.035564847735076e-17 3.3989949226379395 -1.4010050520300865
		endloop
	endfacet
	facet normal 0.08056634048958887 0.9208759519219948 0.38144009484042946
		outer loop
			vertex 0.2066413313150406 3.4219212532043457 -1.5
			vertex 7.286648574358402e-17 3.440000057220459 -1.5
			vertex 7.035564847735076e-17 3.3989949226379395 -1.4010050520300865
		endloop
	endfacet
	facet normal -0.08056620998474218 0.9208759616676092 0.3814400988772035
		outer loop
			vertex 7.035564847735076e-17 3.3989949226379395 -1.4010050520300865
			vertex 7.286648574358402e-17 3.440000057220459 -1.5
			vertex -0.19952088594436646 3.3815391063690186 -1.4010050520300865
		endloop
	endfacet
	facet normal -0.08056634862557173 0.92087604491655 0.3814398686136459
		outer loop
			vertex 7.286648574358402e-17 3.440000057220459 -1.5
			vertex -0.2066413313150406 3.4219212532043457 -1.5
			vertex -0.19952088594436646 3.3815391063690186 -1.4010050520300865
		endloop
	endfacet
	facet normal -0.23925081741320411 0.8928956807768337 0.38143983748055044
		outer loop
			vertex -0.19952088594436646 3.3815391063690186 -1.4010050520300865
			vertex -0.2066413313150406 3.4219212532043457 -1.5
			vertex -0.3929794132709503 3.3297020196914673 -1.4010050520300865
		endloop
	endfacet
	facet normal -0.23925050889252683 0.8928955624497305 0.38144030798048445
		outer loop
			vertex -0.2066413313150406 3.4219212532043457 -1.5
			vertex -0.4070039689540863 3.3682342767715454 -1.5
			vertex -0.3929794132709503 3.3297020196914673 -1.4010050520300865
		endloop
	endfacet
	facet normal -0.39066530070983163 0.8377851413405386 0.3814402702525136
		outer loop
			vertex -0.3929794132709503 3.3297020196914673 -1.4010050520300865
			vertex -0.4070039689540863 3.3682342767715454 -1.5
			vertex -0.5744974613189697 3.245058834552765 -1.4010050520300865
		endloop
	endfacet
	facet normal -0.3906656883094385 0.8377852165653551 0.38143970805653393
		outer loop
			vertex -0.4070039689540863 3.3682342767715454 -1.5
			vertex -0.5950000286102295 3.2805702686309814 -1.5
			vertex -0.5744974613189697 3.245058834552765 -1.4010050520300865
		endloop
	endfacet
	facet normal -0.5302104746464662 0.757218973816169 0.3814397439543462
		outer loop
			vertex -0.5744974613189697 3.245058834552765 -1.4010050520300865
			vertex -0.5950000286102295 3.2805702686309814 -1.5
			vertex -0.7385597229003906 3.1301811933517456 -1.4010050520300865
		endloop
	endfacet
	facet normal -0.5302106381601174 0.7572189766226678 0.38143951109495805
		outer loop
			vertex -0.5950000286102295 3.2805702686309814 -1.5
			vertex -0.764917254447937 3.1615929007530212 -1.5
			vertex -0.7385597229003906 3.1301811933517456 -1.4010050520300865
		endloop
	endfacet
	facet normal -0.6536451330744031 0.6536451330744031 0.3814394840814093
		outer loop
			vertex -0.7385597229003906 3.1301811933517456 -1.4010050520300865
			vertex -0.764917254447937 3.1615929007530212 -1.5
			vertex -0.8801811933517456 2.9885597229003906 -1.4010050520300865
		endloop
	endfacet
	facet normal -0.6536451330744031 0.6536451330744031 0.3814394840814093
		outer loop
			vertex -0.764917254447937 3.1615929007530212 -1.5
			vertex -0.9115929007530212 3.014917254447937 -1.5
			vertex -0.8801811933517456 2.9885597229003906 -1.4010050520300865
		endloop
	endfacet
	facet normal -0.757219053905506 0.5302105307256281 0.381439507012709
		outer loop
			vertex -0.8801811933517456 2.9885597229003906 -1.4010050520300865
			vertex -0.9115929007530212 3.014917254447937 -1.5
			vertex -0.9950588345527649 2.8244974613189697 -1.4010050520300865
		endloop
	endfacet
	facet normal -0.7572188992930443 0.5302105840133114 0.3814397398720983
		outer loop
			vertex -0.9115929007530212 3.014917254447937 -1.5
			vertex -1.0305702686309814 2.8450000286102295 -1.5
			vertex -0.9950588345527649 2.8244974613189697 -1.4010050520300865
		endloop
	endfacet
	facet normal -0.8377853552749008 0.39066540046897963 0.3814396982005412
		outer loop
			vertex -0.9950588345527649 2.8244974613189697 -1.4010050520300865
			vertex -1.0305702686309814 2.8450000286102295 -1.5
			vertex -1.0797020196914673 2.6429794132709503 -1.4010050520300865
		endloop
	endfacet
	facet normal -0.8377850100028592 0.39066559198775835 0.38144026039651846
		outer loop
			vertex -1.0305702686309814 2.8450000286102295 -1.5
			vertex -1.1182342767715454 2.6570039689540863 -1.5
			vertex -1.0797020196914673 2.6429794132709503 -1.4010050520300865
		endloop
	endfacet
	facet normal -0.892895489958391 0.2392507662835264 0.3814403162287789
		outer loop
			vertex -1.0797020196914673 2.6429794132709503 -1.4010050520300865
			vertex -1.1182342767715454 2.6570039689540863 -1.5
			vertex -1.1315391063690186 2.4495208859443665 -1.4010050520300865
		endloop
	endfacet
	facet normal -0.8928957466929659 0.23925055826032493 0.3814398457289614
		outer loop
			vertex -1.1182342767715454 2.6570039689540863 -1.5
			vertex -1.1719212532043457 2.4566413313150406 -1.5
			vertex -1.1315391063690186 2.4495208859443665 -1.4010050520300865
		endloop
	endfacet
	facet normal -0.9208760579809302 0.08056621841106625 0.38143986457689893
		outer loop
			vertex -1.1315391063690186 2.4495208859443665 -1.4010050520300865
			vertex -1.1719212532043457 2.4566413313150406 -1.5
			vertex -1.1489949226379395 2.25 -1.4010050520300865
		endloop
	endfacet
	facet normal -0.9208759519219948 0.08056634048958886 0.3814400948404295
		outer loop
			vertex -1.1719212532043457 2.4566413313150406 -1.5
			vertex -1.190000057220459 2.25 -1.5
			vertex -1.1489949226379395 2.25 -1.4010050520300865
		endloop
	endfacet
	facet normal -0.9208759616676092 -0.08056620998474222 0.38144009887720354
		outer loop
			vertex -1.1489949226379395 2.25 -1.4010050520300865
			vertex -1.190000057220459 2.25 -1.5
			vertex -1.1315391063690186 2.0504791140556335 -1.4010050520300865
		endloop
	endfacet
	facet normal -0.92087604491655 -0.08056634862557174 0.3814398686136459
		outer loop
			vertex -1.190000057220459 2.25 -1.5
			vertex -1.1719212532043457 2.0433586686849594 -1.5
			vertex -1.1315391063690186 2.0504791140556335 -1.4010050520300865
		endloop
	endfacet
	facet normal -0.8928956807768337 -0.23925081741320411 0.38143983748055044
		outer loop
			vertex -1.1315391063690186 2.0504791140556335 -1.4010050520300865
			vertex -1.1719212532043457 2.0433586686849594 -1.5
			vertex -1.0797020196914673 1.8570205867290497 -1.4010050520300865
		endloop
	endfacet
	facet normal -0.8928955624497305 -0.23925050889252683 0.38144030798048445
		outer loop
			vertex -1.1719212532043457 2.0433586686849594 -1.5
			vertex -1.1182342767715454 1.8429960310459137 -1.5
			vertex -1.0797020196914673 1.8570205867290497 -1.4010050520300865
		endloop
	endfacet
	facet normal -0.8377851413405386 -0.39066530070983163 0.3814402702525136
		outer loop
			vertex -1.0797020196914673 1.8570205867290497 -1.4010050520300865
			vertex -1.1182342767715454 1.8429960310459137 -1.5
			vertex -0.9950588345527649 1.6755025386810303 -1.4010050520300865
		endloop
	endfacet
	facet normal -0.8377852165653551 -0.3906656883094385 0.38143970805653393
		outer loop
			vertex -1.1182342767715454 1.8429960310459137 -1.5
			vertex -1.0305702686309814 1.6549999713897705 -1.5
			vertex -0.9950588345527649 1.6755025386810303 -1.4010050520300865
		endloop
	endfacet
	facet normal -0.757218973816169 -0.5302104746464662 0.3814397439543462
		outer loop
			vertex -0.9950588345527649 1.6755025386810303 -1.4010050520300865
			vertex -1.0305702686309814 1.6549999713897705 -1.5
			vertex -0.8801811933517456 1.5114402770996094 -1.4010050520300865
		endloop
	endfacet
	facet normal -0.7572189766226678 -0.5302106381601174 0.38143951109495805
		outer loop
			vertex -1.0305702686309814 1.6549999713897705 -1.5
			vertex -0.9115929007530212 1.485082745552063 -1.5
			vertex -0.8801811933517456 1.5114402770996094 -1.4010050520300865
		endloop
	endfacet
	facet normal -0.6536451330744031 -0.6536451330744031 0.3814394840814093
		outer loop
			vertex -0.8801811933517456 1.5114402770996094 -1.4010050520300865
			vertex -0.9115929007530212 1.485082745552063 -1.5
			vertex -0.7385597229003906 1.3698188066482544 -1.4010050520300865
		endloop
	endfacet
	facet normal -0.6536451330744031 -0.6536451330744031 0.3814394840814093
		outer loop
			vertex -0.9115929007530212 1.485082745552063 -1.5
			vertex -0.764917254447937 1.3384070992469788 -1.5
			vertex -0.7385597229003906 1.3698188066482544 -1.4010050520300865
		endloop
	endfacet
	facet normal -0.5302105307256281 -0.757219053905506 0.381439507012709
		outer loop
			vertex -0.7385597229003906 1.3698188066482544 -1.4010050520300865
			vertex -0.764917254447937 1.3384070992469788 -1.5
			vertex -0.5744974613189697 1.254941165447235 -1.4010050520300865
		endloop
	endfacet
	facet normal -0.5302105840133114 -0.7572188992930443 0.3814397398720983
		outer loop
			vertex -0.764917254447937 1.3384070992469788 -1.5
			vertex -0.5950000286102295 1.2194297313690186 -1.5
			vertex -0.5744974613189697 1.254941165447235 -1.4010050520300865
		endloop
	endfacet
	facet normal -0.39066540046897963 -0.8377853552749008 0.3814396982005412
		outer loop
			vertex -0.5744974613189697 1.254941165447235 -1.4010050520300865
			vertex -0.5950000286102295 1.2194297313690186 -1.5
			vertex -0.3929794132709503 1.1702979803085327 -1.4010050520300865
		endloop
	endfacet
	facet normal -0.39066559198775835 -0.8377850100028592 0.38144026039651846
		outer loop
			vertex -0.5950000286102295 1.2194297313690186 -1.5
			vertex -0.4070039689540863 1.1317657232284546 -1.5
			vertex -0.3929794132709503 1.1702979803085327 -1.4010050520300865
		endloop
	endfacet
	facet normal -0.2392507662835264 -0.892895489958391 0.3814403162287789
		outer loop
			vertex -0.3929794132709503 1.1702979803085327 -1.4010050520300865
			vertex -0.4070039689540863 1.1317657232284546 -1.5
			vertex -0.19952088594436646 1.1184608936309814 -1.4010050520300865
		endloop
	endfacet
	facet normal -0.23925055826032493 -0.8928957466929659 0.3814398457289614
		outer loop
			vertex -0.4070039689540863 1.1317657232284546 -1.5
			vertex -0.2066413313150406 1.0780787467956543 -1.5
			vertex -0.19952088594436646 1.1184608936309814 -1.4010050520300865
		endloop
	endfacet
	facet normal -0.08056621841106633 -0.9208760579809302 0.38143986457689893
		outer loop
			vertex -0.19952088594436646 1.1184608936309814 -1.4010050520300865
			vertex -0.2066413313150406 1.0780787467956543 -1.5
			vertex -2.1106695204949717e-16 1.1010050773620605 -1.4010050520300865
		endloop
	endfacet
	facet normal -0.08056634048958893 -0.9208759519219947 0.3814400948404294
		outer loop
			vertex -0.2066413313150406 1.0780787467956543 -1.5
			vertex -2.1859945723075205e-16 1.059999942779541 -1.5
			vertex -2.1106695204949717e-16 1.1010050773620605 -1.4010050520300865
		endloop
	endfacet
	facet normal 0.08056620998474213 -0.9208759616676092 0.38144009887720354
		outer loop
			vertex -2.1106695204949717e-16 1.1010050773620605 -1.4010050520300865
			vertex -2.1859945723075205e-16 1.059999942779541 -1.5
			vertex 0.19952088594436646 1.1184608936309814 -1.4010050520300865
		endloop
	endfacet
	facet normal 0.08056634862557166 -0.9208760449165498 0.38143986861364587
		outer loop
			vertex -2.1859945723075205e-16 1.059999942779541 -1.5
			vertex 0.2066413313150406 1.0780787467956543 -1.5
			vertex 0.19952088594436646 1.1184608936309814 -1.4010050520300865
		endloop
	endfacet
	facet normal 0.23925081741320411 -0.8928956807768337 0.38143983748055044
		outer loop
			vertex 0.19952088594436646 1.1184608936309814 -1.4010050520300865
			vertex 0.2066413313150406 1.0780787467956543 -1.5
			vertex 0.3929794132709503 1.1702979803085327 -1.4010050520300865
		endloop
	endfacet
	facet normal 0.23925050889252683 -0.8928955624497305 0.38144030798048445
		outer loop
			vertex 0.2066413313150406 1.0780787467956543 -1.5
			vertex 0.4070039689540863 1.1317657232284546 -1.5
			vertex 0.3929794132709503 1.1702979803085327 -1.4010050520300865
		endloop
	endfacet
	facet normal 0.39066530070983163 -0.8377851413405386 0.3814402702525136
		outer loop
			vertex 0.3929794132709503 1.1702979803085327 -1.4010050520300865
			vertex 0.4070039689540863 1.1317657232284546 -1.5
			vertex 0.5744974613189697 1.254941165447235 -1.4010050520300865
		endloop
	endfacet
	facet normal 0.3906656883094385 -0.8377852165653551 0.38143970805653393
		outer loop
			vertex 0.4070039689540863 1.1317657232284546 -1.5
			vertex 0.5950000286102295 1.2194297313690186 -1.5
			vertex 0.5744974613189697 1.254941165447235 -1.4010050520300865
		endloop
	endfacet
	facet normal 0.5302104746464662 -0.757218973816169 0.3814397439543462
		outer loop
			vertex 0.5744974613189697 1.254941165447235 -1.4010050520300865
			vertex 0.5950000286102295 1.2194297313690186 -1.5
			vertex 0.7385597229003906 1.3698188066482544 -1.4010050520300865
		endloop
	endfacet
	facet normal 0.5302106381601174 -0.7572189766226678 0.38143951109495805
		outer loop
			vertex 0.5950000286102295 1.2194297313690186 -1.5
			vertex 0.764917254447937 1.3384070992469788 -1.5
			vertex 0.7385597229003906 1.3698188066482544 -1.4010050520300865
		endloop
	endfacet
	facet normal 0.6536451330744031 -0.6536451330744031 0.3814394840814093
		outer loop
			vertex 0.7385597229003906 1.3698188066482544 -1.4010050520300865
			vertex 0.764917254447937 1.3384070992469788 -1.5
			vertex 0.8801811933517456 1.5114402770996094 -1.4010050520300865
		endloop
	endfacet
	facet normal 0.6536451330744031 -0.6536451330744031 0.3814394840814093
		outer loop
			vertex 0.764917254447937 1.3384070992469788 -1.5
			vertex 0.9115929007530212 1.485082745552063 -1.5
			vertex 0.8801811933517456 1.5114402770996094 -1.4010050520300865
		endloop
	endfacet
	facet normal 0.757219053905506 -0.5302105307256281 0.381439507012709
		outer loop
			vertex 0.8801811933517456 1.5114402770996094 -1.4010050520300865
			vertex 0.9115929007530212 1.485082745552063 -1.5
			vertex 0.9950588345527649 1.6755025386810303 -1.4010050520300865
		endloop
	endfacet
	facet normal 0.7572188992930443 -0.5302105840133114 0.3814397398720983
		outer loop
			vertex 0.9115929007530212 1.485082745552063 -1.5
			vertex 1.0305702686309814 1.6549999713897705 -1.5
			vertex 0.9950588345527649 1.6755025386810303 -1.4010050520300865
		endloop
	endfacet
	facet normal 0.8377853552749008 -0.39066540046897963 0.3814396982005412
		outer loop
			vertex 0.9950588345527649 1.6755025386810303 -1.4010050520300865
			vertex 1.0305702686309814 1.6549999713897705 -1.5
			vertex 1.0797020196914673 1.8570205867290497 -1.4010050520300865
		endloop
	endfacet
	facet normal 0.8377850100028592 -0.39066559198775835 0.38144026039651846
		outer loop
			vertex 1.0305702686309814 1.6549999713897705 -1.5
			vertex 1.1182342767715454 1.8429960310459137 -1.5
			vertex 1.0797020196914673 1.8570205867290497 -1.4010050520300865
		endloop
	endfacet
	facet normal 0.892895489958391 -0.2392507662835264 0.3814403162287789
		outer loop
			vertex 1.0797020196914673 1.8570205867290497 -1.4010050520300865
			vertex 1.1182342767715454 1.8429960310459137 -1.5
			vertex 1.1315391063690186 2.0504791140556335 -1.4010050520300865
		endloop
	endfacet
	facet normal 0.8928957466929659 -0.23925055826032493 0.3814398457289614
		outer loop
			vertex 1.1182342767715454 1.8429960310459137 -1.5
			vertex 1.1719212532043457 2.0433586686849594 -1.5
			vertex 1.1315391063690186 2.0504791140556335 -1.4010050520300865
		endloop
	endfacet
	facet normal 0.9208760579809301 -0.08056621841106641 0.38143986457689893
		outer loop
			vertex 1.1315391063690186 2.0504791140556335 -1.4010050520300865
			vertex 1.1719212532043457 2.0433586686849594 -1.5
			vertex 1.1489949226379395 2.2499999999999996 -1.4010050520300865
		endloop
	endfacet
	facet normal 0.9208759519219948 -0.08056634048958902 0.38144009484042957
		outer loop
			vertex 1.1719212532043457 2.0433586686849594 -1.5
			vertex 1.190000057220459 2.2499999999999996 -1.5
			vertex 1.1489949226379395 2.2499999999999996 -1.4010050520300865
		endloop
	endfacet
	facet normal 0.38246907936947655 0.033461483556948814 0.9233621892001171
		outer loop
			vertex 1.0499999523162842 2.25 -1.3599999994039536
			vertex 1.1489949226379395 2.25 -1.4010050520300865
			vertex 1.0340481996536255 2.4323305934667587 -1.3599999994039536
		endloop
	endfacet
	facet normal 0.38246943169959724 0.033461740592352594 0.923362033945471
		outer loop
			vertex 1.1489949226379395 2.25 -1.4010050520300865
			vertex 1.1315391063690186 2.4495208859443665 -1.4010050520300865
			vertex 1.0340481996536255 2.4323305934667587 -1.3599999994039536
		endloop
	endfacet
	facet normal 0.3708482511595067 0.09936866782609903 0.9233620321771965
		outer loop
			vertex 1.0340481996536255 2.4323305934667587 -1.3599999994039536
			vertex 1.1315391063690186 2.4495208859443665 -1.4010050520300865
			vertex 0.9866772294044495 2.6091211438179016 -1.3599999994039536
		endloop
	endfacet
	facet normal 0.37084809574334054 0.09936850625767571 0.923362111984056
		outer loop
			vertex 1.1315391063690186 2.4495208859443665 -1.4010050520300865
			vertex 1.0797020196914673 2.6429794132709503 -1.4010050520300865
			vertex 0.9866772294044495 2.6091211438179016 -1.3599999994039536
		endloop
	endfacet
	facet normal 0.3479589490523064 0.16225589540612054 0.9233621143302191
		outer loop
			vertex 0.9866772294044495 2.6091211438179016 -1.3599999994039536
			vertex 1.0797020196914673 2.6429794132709503 -1.4010050520300865
			vertex 0.9093266725540161 2.774999976158142 -1.3599999994039536
		endloop
	endfacet
	facet normal 0.3479588430580158 0.16225573759925455 0.9233621820032749
		outer loop
			vertex 1.0797020196914673 2.6429794132709503 -1.4010050520300865
			vertex 0.9950588345527649 2.8244974613189697 -1.4010050520300865
			vertex 0.9093266725540161 2.774999976158142 -1.3599999994039536
		endloop
	endfacet
	facet normal 0.3144971090946992 0.22021316740179295 0.9233621874833012
		outer loop
			vertex 0.9093266725540161 2.774999976158142 -1.3599999994039536
			vertex 0.9950588345527649 2.8244974613189697 -1.4010050520300865
			vertex 0.8043466806411743 2.924926996231079 -1.3599999994039536
		endloop
	endfacet
	facet normal 0.3144971708553603 0.22021330685075172 0.9233621331903485
		outer loop
			vertex 0.9950588345527649 2.8244974613189697 -1.4010050520300865
			vertex 0.8801811933517456 2.9885597229003906 -1.4010050520300865
			vertex 0.8043466806411743 2.924926996231079 -1.3599999994039536
		endloop
	endfacet
	facet normal 0.2714796186440662 0.2714796186440662 0.9233621355252472
		outer loop
			vertex 0.8043466806411743 2.924926996231079 -1.3599999994039536
			vertex 0.8801811933517456 2.9885597229003906 -1.4010050520300865
			vertex 0.6749269962310791 3.0543466806411743 -1.3599999994039536
		endloop
	endfacet
	facet normal 0.2714796186440662 0.2714796186440662 0.9233621355252473
		outer loop
			vertex 0.8801811933517456 2.9885597229003906 -1.4010050520300865
			vertex 0.7385597229003906 3.1301811933517456 -1.4010050520300865
			vertex 0.6749269962310791 3.0543466806411743 -1.3599999994039536
		endloop
	endfacet
	facet normal 0.2202132456687579 0.3144972208715494 0.9233621307461679
		outer loop
			vertex 0.6749269962310791 3.0543466806411743 -1.3599999994039536
			vertex 0.7385597229003906 3.1301811933517456 -1.4010050520300865
			vertex 0.5249999761581421 3.159326672554016 -1.3599999994039536
		endloop
	endfacet
	facet normal 0.22021323532708462 0.3144970687089855 0.9233621850391285
		outer loop
			vertex 0.7385597229003906 3.1301811933517456 -1.4010050520300865
			vertex 0.5744974613189697 3.245058834552765 -1.4010050520300865
			vertex 0.5249999761581421 3.159326672554016 -1.3599999994039536
		endloop
	endfacet
	facet normal 0.16225582352616744 0.34795879490522363 0.9233621850498048
		outer loop
			vertex 0.5249999761581421 3.159326672554016 -1.3599999994039536
			vertex 0.5744974613189697 3.245058834552765 -1.4010050520300865
			vertex 0.3591211438179016 3.2366772294044495 -1.3599999994039536
		endloop
	endfacet
	facet normal 0.1622558032861529 0.34795898392414165 0.9233621173767333
		outer loop
			vertex 0.5744974613189697 3.245058834552765 -1.4010050520300865
			vertex 0.3929794132709503 3.3297020196914673 -1.4010050520300865
			vertex 0.3591211438179016 3.2366772294044495 -1.3599999994039536
		endloop
	endfacet
	facet normal 0.09936861591255906 0.3708480574158859 0.9233621155768122
		outer loop
			vertex 0.3591211438179016 3.2366772294044495 -1.3599999994039536
			vertex 0.3929794132709503 3.3297020196914673 -1.4010050520300865
			vertex 0.18233059346675873 3.2840481996536255 -1.3599999994039536
		endloop
	endfacet
	facet normal 0.09936855369840543 0.37084827279445 0.9233620357699683
		outer loop
			vertex 0.3929794132709503 3.3297020196914673 -1.4010050520300865
			vertex 0.19952088594436646 3.3815391063690186 -1.4010050520300865
			vertex 0.18233059346675873 3.2840481996536255 -1.3599999994039536
		endloop
	endfacet
	facet normal 0.0334615175649772 0.38246946808563387 0.9233620269561345
		outer loop
			vertex 0.18233059346675873 3.2840481996536255 -1.3599999994039536
			vertex 0.19952088594436646 3.3815391063690186 -1.4010050520300865
			vertex 6.429395645199886e-17 3.299999952316284 -1.3599999994039536
		endloop
	endfacet
	facet normal 0.03346170951417627 0.3824690764744286 0.923362182210852
		outer loop
			vertex 0.19952088594436646 3.3815391063690186 -1.4010050520300865
			vertex 7.035564847735076e-17 3.3989949226379395 -1.4010050520300865
			vertex 6.429395645199886e-17 3.299999952316284 -1.3599999994039536
		endloop
	endfacet
	facet normal -0.033461483556948814 0.3824690793694767 0.9233621892001174
		outer loop
			vertex 6.429395645199886e-17 3.299999952316284 -1.3599999994039536
			vertex 7.035564847735076e-17 3.3989949226379395 -1.4010050520300865
			vertex -0.18233059346675873 3.2840481996536255 -1.3599999994039536
		endloop
	endfacet
	facet normal -0.03346174059235259 0.3824694316995973 0.9233620339454711
		outer loop
			vertex 7.035564847735076e-17 3.3989949226379395 -1.4010050520300865
			vertex -0.19952088594436646 3.3815391063690186 -1.4010050520300865
			vertex -0.18233059346675873 3.2840481996536255 -1.3599999994039536
		endloop
	endfacet
	facet normal -0.09936866782609903 0.3708482511595067 0.9233620321771965
		outer loop
			vertex -0.18233059346675873 3.2840481996536255 -1.3599999994039536
			vertex -0.19952088594436646 3.3815391063690186 -1.4010050520300865
			vertex -0.3591211438179016 3.2366772294044495 -1.3599999994039536
		endloop
	endfacet
	facet normal -0.09936850625767571 0.37084809574334054 0.923362111984056
		outer loop
			vertex -0.19952088594436646 3.3815391063690186 -1.4010050520300865
			vertex -0.3929794132709503 3.3297020196914673 -1.4010050520300865
			vertex -0.3591211438179016 3.2366772294044495 -1.3599999994039536
		endloop
	endfacet
	facet normal -0.16225589540612054 0.3479589490523064 0.9233621143302191
		outer loop
			vertex -0.3591211438179016 3.2366772294044495 -1.3599999994039536
			vertex -0.3929794132709503 3.3297020196914673 -1.4010050520300865
			vertex -0.5249999761581421 3.159326672554016 -1.3599999994039536
		endloop
	endfacet
	facet normal -0.16225573759925455 0.3479588430580158 0.9233621820032749
		outer loop
			vertex -0.3929794132709503 3.3297020196914673 -1.4010050520300865
			vertex -0.5744974613189697 3.245058834552765 -1.4010050520300865
			vertex -0.5249999761581421 3.159326672554016 -1.3599999994039536
		endloop
	endfacet
	facet normal -0.22021316740179295 0.3144971090946992 0.9233621874833012
		outer loop
			vertex -0.5249999761581421 3.159326672554016 -1.3599999994039536
			vertex -0.5744974613189697 3.245058834552765 -1.4010050520300865
			vertex -0.6749269962310791 3.0543466806411743 -1.3599999994039536
		endloop
	endfacet
	facet normal -0.22021330685075172 0.3144971708553603 0.9233621331903485
		outer loop
			vertex -0.5744974613189697 3.245058834552765 -1.4010050520300865
			vertex -0.7385597229003906 3.1301811933517456 -1.4010050520300865
			vertex -0.6749269962310791 3.0543466806411743 -1.3599999994039536
		endloop
	endfacet
	facet normal -0.2714796186440662 0.2714796186440662 0.9233621355252472
		outer loop
			vertex -0.6749269962310791 3.0543466806411743 -1.3599999994039536
			vertex -0.7385597229003906 3.1301811933517456 -1.4010050520300865
			vertex -0.8043466806411743 2.924926996231079 -1.3599999994039536
		endloop
	endfacet
	facet normal -0.2714796186440662 0.2714796186440662 0.9233621355252473
		outer loop
			vertex -0.7385597229003906 3.1301811933517456 -1.4010050520300865
			vertex -0.8801811933517456 2.9885597229003906 -1.4010050520300865
			vertex -0.8043466806411743 2.924926996231079 -1.3599999994039536
		endloop
	endfacet
	facet normal -0.3144972208715494 0.2202132456687579 0.9233621307461679
		outer loop
			vertex -0.8043466806411743 2.924926996231079 -1.3599999994039536
			vertex -0.8801811933517456 2.9885597229003906 -1.4010050520300865
			vertex -0.9093266725540161 2.774999976158142 -1.3599999994039536
		endloop
	endfacet
	facet normal -0.3144970687089855 0.22021323532708462 0.9233621850391285
		outer loop
			vertex -0.8801811933517456 2.9885597229003906 -1.4010050520300865
			vertex -0.9950588345527649 2.8244974613189697 -1.4010050520300865
			vertex -0.9093266725540161 2.774999976158142 -1.3599999994039536
		endloop
	endfacet
	facet normal -0.34795879490522363 0.16225582352616744 0.9233621850498048
		outer loop
			vertex -0.9093266725540161 2.774999976158142 -1.3599999994039536
			vertex -0.9950588345527649 2.8244974613189697 -1.4010050520300865
			vertex -0.9866772294044495 2.6091211438179016 -1.3599999994039536
		endloop
	endfacet
	facet normal -0.34795898392414165 0.1622558032861529 0.9233621173767333
		outer loop
			vertex -0.9950588345527649 2.8244974613189697 -1.4010050520300865
			vertex -1.0797020196914673 2.6429794132709503 -1.4010050520300865
			vertex -0.9866772294044495 2.6091211438179016 -1.3599999994039536
		endloop
	endfacet
	facet normal -0.3708480574158859 0.09936861591255906 0.9233621155768122
		outer loop
			vertex -0.9866772294044495 2.6091211438179016 -1.3599999994039536
			vertex -1.0797020196914673 2.6429794132709503 -1.4010050520300865
			vertex -1.0340481996536255 2.4323305934667587 -1.3599999994039536
		endloop
	endfacet
	facet normal -0.37084827279445 0.09936855369840543 0.9233620357699683
		outer loop
			vertex -1.0797020196914673 2.6429794132709503 -1.4010050520300865
			vertex -1.1315391063690186 2.4495208859443665 -1.4010050520300865
			vertex -1.0340481996536255 2.4323305934667587 -1.3599999994039536
		endloop
	endfacet
	facet normal -0.38246946808563387 0.03346151756497719 0.9233620269561345
		outer loop
			vertex -1.0340481996536255 2.4323305934667587 -1.3599999994039536
			vertex -1.1315391063690186 2.4495208859443665 -1.4010050520300865
			vertex -1.0499999523162842 2.25 -1.3599999994039536
		endloop
	endfacet
	facet normal -0.38246907647442857 0.03346170951417625 0.923362182210852
		outer loop
			vertex -1.1315391063690186 2.4495208859443665 -1.4010050520300865
			vertex -1.1489949226379395 2.25 -1.4010050520300865
			vertex -1.0499999523162842 2.25 -1.3599999994039536
		endloop
	endfacet
	facet normal -0.38246907936947655 -0.033461483556948814 0.9233621892001171
		outer loop
			vertex -1.0499999523162842 2.25 -1.3599999994039536
			vertex -1.1489949226379395 2.25 -1.4010050520300865
			vertex -1.0340481996536255 2.0676694065332413 -1.3599999994039536
		endloop
	endfacet
	facet normal -0.38246943169959724 -0.033461740592352594 0.923362033945471
		outer loop
			vertex -1.1489949226379395 2.25 -1.4010050520300865
			vertex -1.1315391063690186 2.0504791140556335 -1.4010050520300865
			vertex -1.0340481996536255 2.0676694065332413 -1.3599999994039536
		endloop
	endfacet
	facet normal -0.3708482511595067 -0.09936866782609903 0.9233620321771965
		outer loop
			vertex -1.0340481996536255 2.0676694065332413 -1.3599999994039536
			vertex -1.1315391063690186 2.0504791140556335 -1.4010050520300865
			vertex -0.9866772294044495 1.8908788561820984 -1.3599999994039536
		endloop
	endfacet
	facet normal -0.37084809574334054 -0.09936850625767571 0.923362111984056
		outer loop
			vertex -1.1315391063690186 2.0504791140556335 -1.4010050520300865
			vertex -1.0797020196914673 1.8570205867290497 -1.4010050520300865
			vertex -0.9866772294044495 1.8908788561820984 -1.3599999994039536
		endloop
	endfacet
	facet normal -0.3479589490523064 -0.16225589540612054 0.9233621143302191
		outer loop
			vertex -0.9866772294044495 1.8908788561820984 -1.3599999994039536
			vertex -1.0797020196914673 1.8570205867290497 -1.4010050520300865
			vertex -0.9093266725540161 1.725000023841858 -1.3599999994039536
		endloop
	endfacet
	facet normal -0.3479588430580158 -0.16225573759925455 0.9233621820032749
		outer loop
			vertex -1.0797020196914673 1.8570205867290497 -1.4010050520300865
			vertex -0.9950588345527649 1.6755025386810303 -1.4010050520300865
			vertex -0.9093266725540161 1.725000023841858 -1.3599999994039536
		endloop
	endfacet
	facet normal -0.3144971090946992 -0.22021316740179295 0.9233621874833012
		outer loop
			vertex -0.9093266725540161 1.725000023841858 -1.3599999994039536
			vertex -0.9950588345527649 1.6755025386810303 -1.4010050520300865
			vertex -0.8043466806411743 1.575073003768921 -1.3599999994039536
		endloop
	endfacet
	facet normal -0.3144971708553603 -0.22021330685075172 0.9233621331903485
		outer loop
			vertex -0.9950588345527649 1.6755025386810303 -1.4010050520300865
			vertex -0.8801811933517456 1.5114402770996094 -1.4010050520300865
			vertex -0.8043466806411743 1.575073003768921 -1.3599999994039536
		endloop
	endfacet
	facet normal -0.2714796186440662 -0.2714796186440662 0.9233621355252472
		outer loop
			vertex -0.8043466806411743 1.575073003768921 -1.3599999994039536
			vertex -0.8801811933517456 1.5114402770996094 -1.4010050520300865
			vertex -0.6749269962310791 1.4456533193588257 -1.3599999994039536
		endloop
	endfacet
	facet normal -0.2714796186440662 -0.2714796186440662 0.9233621355252473
		outer loop
			vertex -0.8801811933517456 1.5114402770996094 -1.4010050520300865
			vertex -0.7385597229003906 1.3698188066482544 -1.4010050520300865
			vertex -0.6749269962310791 1.4456533193588257 -1.3599999994039536
		endloop
	endfacet
	facet normal -0.2202132456687579 -0.3144972208715494 0.9233621307461679
		outer loop
			vertex -0.6749269962310791 1.4456533193588257 -1.3599999994039536
			vertex -0.7385597229003906 1.3698188066482544 -1.4010050520300865
			vertex -0.5249999761581421 1.3406733274459839 -1.3599999994039536
		endloop
	endfacet
	facet normal -0.22021323532708462 -0.3144970687089855 0.9233621850391285
		outer loop
			vertex -0.7385597229003906 1.3698188066482544 -1.4010050520300865
			vertex -0.5744974613189697 1.254941165447235 -1.4010050520300865
			vertex -0.5249999761581421 1.3406733274459839 -1.3599999994039536
		endloop
	endfacet
	facet normal -0.16225582352616744 -0.34795879490522363 0.9233621850498048
		outer loop
			vertex -0.5249999761581421 1.3406733274459839 -1.3599999994039536
			vertex -0.5744974613189697 1.254941165447235 -1.4010050520300865
			vertex -0.3591211438179016 1.2633227705955505 -1.3599999994039536
		endloop
	endfacet
	facet normal -0.1622558032861529 -0.34795898392414165 0.9233621173767333
		outer loop
			vertex -0.5744974613189697 1.254941165447235 -1.4010050520300865
			vertex -0.3929794132709503 1.1702979803085327 -1.4010050520300865
			vertex -0.3591211438179016 1.2633227705955505 -1.3599999994039536
		endloop
	endfacet
	facet normal -0.09936861591255906 -0.3708480574158859 0.9233621155768122
		outer loop
			vertex -0.3591211438179016 1.2633227705955505 -1.3599999994039536
			vertex -0.3929794132709503 1.1702979803085327 -1.4010050520300865
			vertex -0.18233059346675873 1.2159518003463745 -1.3599999994039536
		endloop
	endfacet
	facet normal -0.09936855369840543 -0.37084827279445 0.9233620357699683
		outer loop
			vertex -0.3929794132709503 1.1702979803085327 -1.4010050520300865
			vertex -0.19952088594436646 1.1184608936309814 -1.4010050520300865
			vertex -0.18233059346675873 1.2159518003463745 -1.3599999994039536
		endloop
	endfacet
	facet normal -0.03346151756497723 -0.3824694680856338 0.9233620269561346
		outer loop
			vertex -0.18233059346675873 1.2159518003463745 -1.3599999994039536
			vertex -0.19952088594436646 1.1184608936309814 -1.4010050520300865
			vertex -1.9288186935599659e-16 1.2000000476837158 -1.3599999994039536
		endloop
	endfacet
	facet normal -0.03346170951417629 -0.38246907647442857 0.923362182210852
		outer loop
			vertex -0.19952088594436646 1.1184608936309814 -1.4010050520300865
			vertex -2.1106695204949717e-16 1.1010050773620605 -1.4010050520300865
			vertex -1.9288186935599659e-16 1.2000000476837158 -1.3599999994039536
		endloop
	endfacet
	facet normal 0.033461483556948786 -0.3824690793694766 0.9233621892001173
		outer loop
			vertex -1.9288186935599659e-16 1.2000000476837158 -1.3599999994039536
			vertex -2.1106695204949717e-16 1.1010050773620605 -1.4010050520300865
			vertex 0.18233059346675873 1.2159518003463745 -1.3599999994039536
		endloop
	endfacet
	facet normal 0.03346174059235256 -0.38246943169959724 0.923362033945471
		outer loop
			vertex -2.1106695204949717e-16 1.1010050773620605 -1.4010050520300865
			vertex 0.19952088594436646 1.1184608936309814 -1.4010050520300865
			vertex 0.18233059346675873 1.2159518003463745 -1.3599999994039536
		endloop
	endfacet
	facet normal 0.09936866782609903 -0.3708482511595067 0.9233620321771965
		outer loop
			vertex 0.18233059346675873 1.2159518003463745 -1.3599999994039536
			vertex 0.19952088594436646 1.1184608936309814 -1.4010050520300865
			vertex 0.3591211438179016 1.2633227705955505 -1.3599999994039536
		endloop
	endfacet
	facet normal 0.09936850625767571 -0.37084809574334054 0.923362111984056
		outer loop
			vertex 0.19952088594436646 1.1184608936309814 -1.4010050520300865
			vertex 0.3929794132709503 1.1702979803085327 -1.4010050520300865
			vertex 0.3591211438179016 1.2633227705955505 -1.3599999994039536
		endloop
	endfacet
	facet normal 0.16225589540612054 -0.3479589490523064 0.9233621143302191
		outer loop
			vertex 0.3591211438179016 1.2633227705955505 -1.3599999994039536
			vertex 0.3929794132709503 1.1702979803085327 -1.4010050520300865
			vertex 0.5249999761581421 1.3406733274459839 -1.3599999994039536
		endloop
	endfacet
	facet normal 0.16225573759925455 -0.3479588430580158 0.9233621820032749
		outer loop
			vertex 0.3929794132709503 1.1702979803085327 -1.4010050520300865
			vertex 0.5744974613189697 1.254941165447235 -1.4010050520300865
			vertex 0.5249999761581421 1.3406733274459839 -1.3599999994039536
		endloop
	endfacet
	facet normal 0.22021316740179295 -0.3144971090946992 0.9233621874833012
		outer loop
			vertex 0.5249999761581421 1.3406733274459839 -1.3599999994039536
			vertex 0.5744974613189697 1.254941165447235 -1.4010050520300865
			vertex 0.6749269962310791 1.4456533193588257 -1.3599999994039536
		endloop
	endfacet
	facet normal 0.22021330685075172 -0.3144971708553603 0.9233621331903485
		outer loop
			vertex 0.5744974613189697 1.254941165447235 -1.4010050520300865
			vertex 0.7385597229003906 1.3698188066482544 -1.4010050520300865
			vertex 0.6749269962310791 1.4456533193588257 -1.3599999994039536
		endloop
	endfacet
	facet normal 0.2714796186440662 -0.2714796186440662 0.9233621355252472
		outer loop
			vertex 0.6749269962310791 1.4456533193588257 -1.3599999994039536
			vertex 0.7385597229003906 1.3698188066482544 -1.4010050520300865
			vertex 0.8043466806411743 1.575073003768921 -1.3599999994039536
		endloop
	endfacet
	facet normal 0.2714796186440662 -0.2714796186440662 0.9233621355252473
		outer loop
			vertex 0.7385597229003906 1.3698188066482544 -1.4010050520300865
			vertex 0.8801811933517456 1.5114402770996094 -1.4010050520300865
			vertex 0.8043466806411743 1.575073003768921 -1.3599999994039536
		endloop
	endfacet
	facet normal 0.3144972208715494 -0.2202132456687579 0.9233621307461679
		outer loop
			vertex 0.8043466806411743 1.575073003768921 -1.3599999994039536
			vertex 0.8801811933517456 1.5114402770996094 -1.4010050520300865
			vertex 0.9093266725540161 1.725000023841858 -1.3599999994039536
		endloop
	endfacet
	facet normal 0.3144970687089855 -0.22021323532708462 0.9233621850391285
		outer loop
			vertex 0.8801811933517456 1.5114402770996094 -1.4010050520300865
			vertex 0.9950588345527649 1.6755025386810303 -1.4010050520300865
			vertex 0.9093266725540161 1.725000023841858 -1.3599999994039536
		endloop
	endfacet
	facet normal 0.34795879490522363 -0.16225582352616744 0.9233621850498048
		outer loop
			vertex 0.9093266725540161 1.725000023841858 -1.3599999994039536
			vertex 0.9950588345527649 1.6755025386810303 -1.4010050520300865
			vertex 0.9866772294044495 1.8908788561820984 -1.3599999994039536
		endloop
	endfacet
	facet normal 0.34795898392414165 -0.1622558032861529 0.9233621173767333
		outer loop
			vertex 0.9950588345527649 1.6755025386810303 -1.4010050520300865
			vertex 1.0797020196914673 1.8570205867290497 -1.4010050520300865
			vertex 0.9866772294044495 1.8908788561820984 -1.3599999994039536
		endloop
	endfacet
	facet normal 0.3708480574158859 -0.09936861591255906 0.9233621155768122
		outer loop
			vertex 0.9866772294044495 1.8908788561820984 -1.3599999994039536
			vertex 1.0797020196914673 1.8570205867290497 -1.4010050520300865
			vertex 1.0340481996536255 2.0676694065332413 -1.3599999994039536
		endloop
	endfacet
	facet normal 0.37084827279445 -0.09936855369840543 0.9233620357699683
		outer loop
			vertex 1.0797020196914673 1.8570205867290497 -1.4010050520300865
			vertex 1.1315391063690186 2.0504791140556335 -1.4010050520300865
			vertex 1.0340481996536255 2.0676694065332413 -1.3599999994039536
		endloop
	endfacet
	facet normal 0.38246946808563387 -0.03346151756497727 0.9233620269561346
		outer loop
			vertex 1.0340481996536255 2.0676694065332413 -1.3599999994039536
			vertex 1.1315391063690186 2.0504791140556335 -1.4010050520300865
			vertex 1.0499999523162842 2.2499999999999996 -1.3599999994039536
		endloop
	endfacet
	facet normal 0.3824690764744286 -0.033461709514176326 0.923362182210852
		outer loop
			vertex 1.1315391063690186 2.0504791140556335 -1.4010050520300865
			vertex 1.1489949226379395 2.2499999999999996 -1.4010050520300865
			vertex 1.0499999523162842 2.2499999999999996 -1.3599999994039536
		endloop
	endfacet
	facet normal -0.38246927390660185 -0.03346164140894337 0.9233621028998191
		outer loop
			vertex 0.9510050415992737 2.25 -1.4010050520300865
			vertex 1.0499999523162842 2.25 -1.3599999994039536
			vertex 0.9365571737289429 2.415140300989151 -1.4010050520300865
		endloop
	endfacet
	facet normal -0.38246907540645614 -0.03346148321023179 0.9233621908542183
		outer loop
			vertex 1.0499999523162842 2.25 -1.3599999994039536
			vertex 1.0340481996536255 2.4323305934667587 -1.3599999994039536
			vertex 0.9365571737289429 2.415140300989151 -1.4010050520300865
		endloop
	endfacet
	facet normal -0.37084790564965875 -0.09936844404692681 0.9233621950258495
		outer loop
			vertex 0.9365571737289429 2.415140300989151 -1.4010050520300865
			vertex 1.0340481996536255 2.4323305934667587 -1.3599999994039536
			vertex 0.8936524391174316 2.575262874364853 -1.4010050520300865
		endloop
	endfacet
	facet normal -0.3708480574158859 -0.09936861591255906 0.9233621155768122
		outer loop
			vertex 1.0340481996536255 2.4323305934667587 -1.3599999994039536
			vertex 0.9866772294044495 2.6091211438179016 -1.3599999994039536
			vertex 0.8936524391174316 2.575262874364853 -1.4010050520300865
		endloop
	endfacet
	facet normal -0.34795891727640493 -0.16225597934763586 0.9233621115541679
		outer loop
			vertex 0.8936524391174316 2.575262874364853 -1.4010050520300865
			vertex 0.9866772294044495 2.6091211438179016 -1.3599999994039536
			vertex 0.8235945105552673 2.725502520799637 -1.4010050520300865
		endloop
	endfacet
	facet normal -0.34795883279420875 -0.16225584119408842 0.9233621676671027
		outer loop
			vertex 0.9866772294044495 2.6091211438179016 -1.3599999994039536
			vertex 0.9093266725540161 2.774999976158142 -1.3599999994039536
			vertex 0.8235945105552673 2.725502520799637 -1.4010050520300865
		endloop
	endfacet
	facet normal -0.3144971261264547 -0.22021324947143348 0.9233621621094472
		outer loop
			vertex 0.8235945105552673 2.725502520799637 -1.4010050520300865
			vertex 0.9093266725540161 2.774999976158142 -1.3599999994039536
			vertex 0.7285121083259583 2.8612942695617676 -1.4010050520300865
		endloop
	endfacet
	facet normal -0.31449708811735666 -0.2202131527133048 0.9233621981312481
		outer loop
			vertex 0.9093266725540161 2.774999976158142 -1.3599999994039536
			vertex 0.8043466806411743 2.924926996231079 -1.3599999994039536
			vertex 0.7285121083259583 2.8612942695617676 -1.4010050520300865
		endloop
	endfacet
	facet normal -0.2714795197229272 -0.2714795197229272 0.9233621936932536
		outer loop
			vertex 0.7285121083259583 2.8612942695617676 -1.4010050520300865
			vertex 0.8043466806411743 2.924926996231079 -1.3599999994039536
			vertex 0.6112942695617676 2.9785121083259583 -1.4010050520300865
		endloop
	endfacet
	facet normal -0.2714795197229272 -0.2714795197229272 0.9233621936932536
		outer loop
			vertex 0.8043466806411743 2.924926996231079 -1.3599999994039536
			vertex 0.6749269962310791 3.0543466806411743 -1.3599999994039536
			vertex 0.6112942695617676 2.9785121083259583 -1.4010050520300865
		endloop
	endfacet
	facet normal -0.2202131973222211 -0.31449705164965797 0.9233621999133369
		outer loop
			vertex 0.6112942695617676 2.9785121083259583 -1.4010050520300865
			vertex 0.6749269962310791 3.0543466806411743 -1.3599999994039536
			vertex 0.47550252079963684 3.0735945105552673 -1.4010050520300865
		endloop
	endfacet
	facet normal -0.22021319994583152 -0.31449715557241975 0.923362163891544
		outer loop
			vertex 0.6749269962310791 3.0543466806411743 -1.3599999994039536
			vertex 0.5249999761581421 3.159326672554016 -1.3599999994039536
			vertex 0.47550252079963684 3.0735945105552673 -1.4010050520300865
		endloop
	endfacet
	facet normal -0.1622559194923825 -0.3479587889164564 0.9233621704431444
		outer loop
			vertex 0.47550252079963684 3.0735945105552673 -1.4010050520300865
			vertex 0.5249999761581421 3.159326672554016 -1.3599999994039536
			vertex 0.3252628743648529 3.1436524391174316 -1.4010050520300865
		endloop
	endfacet
	facet normal -0.16225589540612054 -0.3479589490523064 0.9233621143302191
		outer loop
			vertex 0.5249999761581421 3.159326672554016 -1.3599999994039536
			vertex 0.3591211438179016 3.2366772294044495 -1.3599999994039536
			vertex 0.3252628743648529 3.1436524391174316 -1.4010050520300865
		endloop
	endfacet
	facet normal -0.09936849594796374 -0.3708480993468735 0.9233621116462659
		outer loop
			vertex 0.3252628743648529 3.1436524391174316 -1.4010050520300865
			vertex 0.3591211438179016 3.2366772294044495 -1.3599999994039536
			vertex 0.165140300989151 3.186557173728943 -1.4010050520300865
		endloop
	endfacet
	facet normal -0.09936856890474625 -0.3708478819806551 0.9233621910952846
		outer loop
			vertex 0.3591211438179016 3.2366772294044495 -1.3599999994039536
			vertex 0.18233059346675873 3.2840481996536255 -1.3599999994039536
			vertex 0.165140300989151 3.186557173728943 -1.4010050520300865
		endloop
	endfacet
	facet normal -0.03346162206061051 -0.3824690527535886 0.9233621952055681
		outer loop
			vertex 0.165140300989151 3.186557173728943 -1.4010050520300865
			vertex 0.18233059346675873 3.2840481996536255 -1.3599999994039536
			vertex 5.823226442664697e-17 3.2010050415992737 -1.4010050520300865
		endloop
	endfacet
	facet normal -0.0334615007343138 -0.38246927570897715 0.923362107251136
		outer loop
			vertex 0.18233059346675873 3.2840481996536255 -1.3599999994039536
			vertex 6.429395645199886e-17 3.299999952316284 -1.3599999994039536
			vertex 5.823226442664697e-17 3.2010050415992737 -1.4010050520300865
		endloop
	endfacet
	facet normal 0.03346164140894336 -0.38246927390660185 0.9233621028998191
		outer loop
			vertex 5.823226442664697e-17 3.2010050415992737 -1.4010050520300865
			vertex 6.429395645199886e-17 3.299999952316284 -1.3599999994039536
			vertex -0.165140300989151 3.186557173728943 -1.4010050520300865
		endloop
	endfacet
	facet normal 0.03346148321023178 -0.3824690754064562 0.9233621908542184
		outer loop
			vertex 6.429395645199886e-17 3.299999952316284 -1.3599999994039536
			vertex -0.18233059346675873 3.2840481996536255 -1.3599999994039536
			vertex -0.165140300989151 3.186557173728943 -1.4010050520300865
		endloop
	endfacet
	facet normal 0.09936844404692681 -0.37084790564965875 0.9233621950258495
		outer loop
			vertex -0.165140300989151 3.186557173728943 -1.4010050520300865
			vertex -0.18233059346675873 3.2840481996536255 -1.3599999994039536
			vertex -0.3252628743648529 3.1436524391174316 -1.4010050520300865
		endloop
	endfacet
	facet normal 0.09936861591255906 -0.3708480574158859 0.9233621155768122
		outer loop
			vertex -0.18233059346675873 3.2840481996536255 -1.3599999994039536
			vertex -0.3591211438179016 3.2366772294044495 -1.3599999994039536
			vertex -0.3252628743648529 3.1436524391174316 -1.4010050520300865
		endloop
	endfacet
	facet normal 0.16225597934763586 -0.34795891727640493 0.9233621115541679
		outer loop
			vertex -0.3252628743648529 3.1436524391174316 -1.4010050520300865
			vertex -0.3591211438179016 3.2366772294044495 -1.3599999994039536
			vertex -0.47550252079963684 3.0735945105552673 -1.4010050520300865
		endloop
	endfacet
	facet normal 0.16225584119408842 -0.34795883279420875 0.9233621676671027
		outer loop
			vertex -0.3591211438179016 3.2366772294044495 -1.3599999994039536
			vertex -0.5249999761581421 3.159326672554016 -1.3599999994039536
			vertex -0.47550252079963684 3.0735945105552673 -1.4010050520300865
		endloop
	endfacet
	facet normal 0.22021324947143348 -0.3144971261264547 0.9233621621094472
		outer loop
			vertex -0.47550252079963684 3.0735945105552673 -1.4010050520300865
			vertex -0.5249999761581421 3.159326672554016 -1.3599999994039536
			vertex -0.6112942695617676 2.9785121083259583 -1.4010050520300865
		endloop
	endfacet
	facet normal 0.2202131527133048 -0.31449708811735666 0.9233621981312481
		outer loop
			vertex -0.5249999761581421 3.159326672554016 -1.3599999994039536
			vertex -0.6749269962310791 3.0543466806411743 -1.3599999994039536
			vertex -0.6112942695617676 2.9785121083259583 -1.4010050520300865
		endloop
	endfacet
	facet normal 0.2714795197229272 -0.2714795197229272 0.9233621936932536
		outer loop
			vertex -0.6112942695617676 2.9785121083259583 -1.4010050520300865
			vertex -0.6749269962310791 3.0543466806411743 -1.3599999994039536
			vertex -0.7285121083259583 2.8612942695617676 -1.4010050520300865
		endloop
	endfacet
	facet normal 0.2714795197229272 -0.2714795197229272 0.9233621936932536
		outer loop
			vertex -0.6749269962310791 3.0543466806411743 -1.3599999994039536
			vertex -0.8043466806411743 2.924926996231079 -1.3599999994039536
			vertex -0.7285121083259583 2.8612942695617676 -1.4010050520300865
		endloop
	endfacet
	facet normal 0.31449705164965797 -0.2202131973222211 0.9233621999133369
		outer loop
			vertex -0.7285121083259583 2.8612942695617676 -1.4010050520300865
			vertex -0.8043466806411743 2.924926996231079 -1.3599999994039536
			vertex -0.8235945105552673 2.725502520799637 -1.4010050520300865
		endloop
	endfacet
	facet normal 0.31449715557241975 -0.22021319994583152 0.923362163891544
		outer loop
			vertex -0.8043466806411743 2.924926996231079 -1.3599999994039536
			vertex -0.9093266725540161 2.774999976158142 -1.3599999994039536
			vertex -0.8235945105552673 2.725502520799637 -1.4010050520300865
		endloop
	endfacet
	facet normal 0.3479587889164564 -0.1622559194923825 0.9233621704431444
		outer loop
			vertex -0.8235945105552673 2.725502520799637 -1.4010050520300865
			vertex -0.9093266725540161 2.774999976158142 -1.3599999994039536
			vertex -0.8936524391174316 2.575262874364853 -1.4010050520300865
		endloop
	endfacet
	facet normal 0.3479589490523064 -0.16225589540612054 0.9233621143302191
		outer loop
			vertex -0.9093266725540161 2.774999976158142 -1.3599999994039536
			vertex -0.9866772294044495 2.6091211438179016 -1.3599999994039536
			vertex -0.8936524391174316 2.575262874364853 -1.4010050520300865
		endloop
	endfacet
	facet normal 0.3708480993468735 -0.09936849594796374 0.9233621116462659
		outer loop
			vertex -0.8936524391174316 2.575262874364853 -1.4010050520300865
			vertex -0.9866772294044495 2.6091211438179016 -1.3599999994039536
			vertex -0.9365571737289429 2.415140300989151 -1.4010050520300865
		endloop
	endfacet
	facet normal 0.3708478819806551 -0.09936856890474625 0.9233621910952846
		outer loop
			vertex -0.9866772294044495 2.6091211438179016 -1.3599999994039536
			vertex -1.0340481996536255 2.4323305934667587 -1.3599999994039536
			vertex -0.9365571737289429 2.415140300989151 -1.4010050520300865
		endloop
	endfacet
	facet normal 0.38246905275358867 -0.0334616220606105 0.9233621952055681
		outer loop
			vertex -0.9365571737289429 2.415140300989151 -1.4010050520300865
			vertex -1.0340481996536255 2.4323305934667587 -1.3599999994039536
			vertex -0.9510050415992737 2.25 -1.4010050520300865
		endloop
	endfacet
	facet normal 0.38246927570897704 -0.03346150073431379 0.9233621072511359
		outer loop
			vertex -1.0340481996536255 2.4323305934667587 -1.3599999994039536
			vertex -1.0499999523162842 2.25 -1.3599999994039536
			vertex -0.9510050415992737 2.25 -1.4010050520300865
		endloop
	endfacet
	facet normal 0.38246927390660185 0.03346164140894337 0.9233621028998191
		outer loop
			vertex -0.9510050415992737 2.25 -1.4010050520300865
			vertex -1.0499999523162842 2.25 -1.3599999994039536
			vertex -0.9365571737289429 2.084859699010849 -1.4010050520300865
		endloop
	endfacet
	facet normal 0.38246907540645614 0.03346148321023179 0.9233621908542183
		outer loop
			vertex -1.0499999523162842 2.25 -1.3599999994039536
			vertex -1.0340481996536255 2.0676694065332413 -1.3599999994039536
			vertex -0.9365571737289429 2.084859699010849 -1.4010050520300865
		endloop
	endfacet
	facet normal 0.37084790564965875 0.09936844404692681 0.9233621950258495
		outer loop
			vertex -0.9365571737289429 2.084859699010849 -1.4010050520300865
			vertex -1.0340481996536255 2.0676694065332413 -1.3599999994039536
			vertex -0.8936524391174316 1.924737125635147 -1.4010050520300865
		endloop
	endfacet
	facet normal 0.3708480574158859 0.09936861591255906 0.9233621155768122
		outer loop
			vertex -1.0340481996536255 2.0676694065332413 -1.3599999994039536
			vertex -0.9866772294044495 1.8908788561820984 -1.3599999994039536
			vertex -0.8936524391174316 1.924737125635147 -1.4010050520300865
		endloop
	endfacet
	facet normal 0.34795891727640493 0.16225597934763586 0.9233621115541679
		outer loop
			vertex -0.8936524391174316 1.924737125635147 -1.4010050520300865
			vertex -0.9866772294044495 1.8908788561820984 -1.3599999994039536
			vertex -0.8235945105552673 1.7744974792003632 -1.4010050520300865
		endloop
	endfacet
	facet normal 0.34795883279420875 0.16225584119408842 0.9233621676671027
		outer loop
			vertex -0.9866772294044495 1.8908788561820984 -1.3599999994039536
			vertex -0.9093266725540161 1.725000023841858 -1.3599999994039536
			vertex -0.8235945105552673 1.7744974792003632 -1.4010050520300865
		endloop
	endfacet
	facet normal 0.3144971261264547 0.22021324947143348 0.9233621621094472
		outer loop
			vertex -0.8235945105552673 1.7744974792003632 -1.4010050520300865
			vertex -0.9093266725540161 1.725000023841858 -1.3599999994039536
			vertex -0.7285121083259583 1.6387057304382324 -1.4010050520300865
		endloop
	endfacet
	facet normal 0.31449708811735666 0.2202131527133048 0.9233621981312481
		outer loop
			vertex -0.9093266725540161 1.725000023841858 -1.3599999994039536
			vertex -0.8043466806411743 1.575073003768921 -1.3599999994039536
			vertex -0.7285121083259583 1.6387057304382324 -1.4010050520300865
		endloop
	endfacet
	facet normal 0.2714795197229272 0.2714795197229272 0.9233621936932536
		outer loop
			vertex -0.7285121083259583 1.6387057304382324 -1.4010050520300865
			vertex -0.8043466806411743 1.575073003768921 -1.3599999994039536
			vertex -0.6112942695617676 1.5214878916740417 -1.4010050520300865
		endloop
	endfacet
	facet normal 0.2714795197229272 0.2714795197229272 0.9233621936932536
		outer loop
			vertex -0.8043466806411743 1.575073003768921 -1.3599999994039536
			vertex -0.6749269962310791 1.4456533193588257 -1.3599999994039536
			vertex -0.6112942695617676 1.5214878916740417 -1.4010050520300865
		endloop
	endfacet
	facet normal 0.2202131973222211 0.31449705164965797 0.9233621999133369
		outer loop
			vertex -0.6112942695617676 1.5214878916740417 -1.4010050520300865
			vertex -0.6749269962310791 1.4456533193588257 -1.3599999994039536
			vertex -0.47550252079963684 1.4264054894447327 -1.4010050520300865
		endloop
	endfacet
	facet normal 0.22021319994583152 0.31449715557241975 0.923362163891544
		outer loop
			vertex -0.6749269962310791 1.4456533193588257 -1.3599999994039536
			vertex -0.5249999761581421 1.3406733274459839 -1.3599999994039536
			vertex -0.47550252079963684 1.4264054894447327 -1.4010050520300865
		endloop
	endfacet
	facet normal 0.1622559194923825 0.3479587889164564 0.9233621704431444
		outer loop
			vertex -0.47550252079963684 1.4264054894447327 -1.4010050520300865
			vertex -0.5249999761581421 1.3406733274459839 -1.3599999994039536
			vertex -0.3252628743648529 1.3563475608825684 -1.4010050520300865
		endloop
	endfacet
	facet normal 0.16225589540612054 0.3479589490523064 0.9233621143302191
		outer loop
			vertex -0.5249999761581421 1.3406733274459839 -1.3599999994039536
			vertex -0.3591211438179016 1.2633227705955505 -1.3599999994039536
			vertex -0.3252628743648529 1.3563475608825684 -1.4010050520300865
		endloop
	endfacet
	facet normal 0.09936849594796374 0.3708480993468735 0.9233621116462659
		outer loop
			vertex -0.3252628743648529 1.3563475608825684 -1.4010050520300865
			vertex -0.3591211438179016 1.2633227705955505 -1.3599999994039536
			vertex -0.165140300989151 1.3134428262710571 -1.4010050520300865
		endloop
	endfacet
	facet normal 0.09936856890474625 0.3708478819806551 0.9233621910952846
		outer loop
			vertex -0.3591211438179016 1.2633227705955505 -1.3599999994039536
			vertex -0.18233059346675873 1.2159518003463745 -1.3599999994039536
			vertex -0.165140300989151 1.3134428262710571 -1.4010050520300865
		endloop
	endfacet
	facet normal 0.033461622060610534 0.3824690527535887 0.9233621952055682
		outer loop
			vertex -0.165140300989151 1.3134428262710571 -1.4010050520300865
			vertex -0.18233059346675873 1.2159518003463745 -1.3599999994039536
			vertex -1.746967998973858e-16 1.2989949584007263 -1.4010050520300865
		endloop
	endfacet
	facet normal 0.03346150073431383 0.38246927570897715 0.9233621072511359
		outer loop
			vertex -0.18233059346675873 1.2159518003463745 -1.3599999994039536
			vertex -1.9288186935599659e-16 1.2000000476837158 -1.3599999994039536
			vertex -1.746967998973858e-16 1.2989949584007263 -1.4010050520300865
		endloop
	endfacet
	facet normal -0.03346164140894334 0.38246927390660185 0.9233621028998191
		outer loop
			vertex -1.746967998973858e-16 1.2989949584007263 -1.4010050520300865
			vertex -1.9288186935599659e-16 1.2000000476837158 -1.3599999994039536
			vertex 0.165140300989151 1.3134428262710571 -1.4010050520300865
		endloop
	endfacet
	facet normal -0.03346148321023176 0.38246907540645625 0.9233621908542184
		outer loop
			vertex -1.9288186935599659e-16 1.2000000476837158 -1.3599999994039536
			vertex 0.18233059346675873 1.2159518003463745 -1.3599999994039536
			vertex 0.165140300989151 1.3134428262710571 -1.4010050520300865
		endloop
	endfacet
	facet normal -0.09936844404692681 0.37084790564965875 0.9233621950258495
		outer loop
			vertex 0.165140300989151 1.3134428262710571 -1.4010050520300865
			vertex 0.18233059346675873 1.2159518003463745 -1.3599999994039536
			vertex 0.3252628743648529 1.3563475608825684 -1.4010050520300865
		endloop
	endfacet
	facet normal -0.09936861591255906 0.3708480574158859 0.9233621155768122
		outer loop
			vertex 0.18233059346675873 1.2159518003463745 -1.3599999994039536
			vertex 0.3591211438179016 1.2633227705955505 -1.3599999994039536
			vertex 0.3252628743648529 1.3563475608825684 -1.4010050520300865
		endloop
	endfacet
	facet normal -0.16225597934763586 0.34795891727640493 0.9233621115541679
		outer loop
			vertex 0.3252628743648529 1.3563475608825684 -1.4010050520300865
			vertex 0.3591211438179016 1.2633227705955505 -1.3599999994039536
			vertex 0.47550252079963684 1.4264054894447327 -1.4010050520300865
		endloop
	endfacet
	facet normal -0.16225584119408842 0.34795883279420875 0.9233621676671027
		outer loop
			vertex 0.3591211438179016 1.2633227705955505 -1.3599999994039536
			vertex 0.5249999761581421 1.3406733274459839 -1.3599999994039536
			vertex 0.47550252079963684 1.4264054894447327 -1.4010050520300865
		endloop
	endfacet
	facet normal -0.22021324947143348 0.3144971261264547 0.9233621621094472
		outer loop
			vertex 0.47550252079963684 1.4264054894447327 -1.4010050520300865
			vertex 0.5249999761581421 1.3406733274459839 -1.3599999994039536
			vertex 0.6112942695617676 1.5214878916740417 -1.4010050520300865
		endloop
	endfacet
	facet normal -0.2202131527133048 0.31449708811735666 0.9233621981312481
		outer loop
			vertex 0.5249999761581421 1.3406733274459839 -1.3599999994039536
			vertex 0.6749269962310791 1.4456533193588257 -1.3599999994039536
			vertex 0.6112942695617676 1.5214878916740417 -1.4010050520300865
		endloop
	endfacet
	facet normal -0.2714795197229272 0.2714795197229272 0.9233621936932536
		outer loop
			vertex 0.6112942695617676 1.5214878916740417 -1.4010050520300865
			vertex 0.6749269962310791 1.4456533193588257 -1.3599999994039536
			vertex 0.7285121083259583 1.6387057304382324 -1.4010050520300865
		endloop
	endfacet
	facet normal -0.2714795197229272 0.2714795197229272 0.9233621936932536
		outer loop
			vertex 0.6749269962310791 1.4456533193588257 -1.3599999994039536
			vertex 0.8043466806411743 1.575073003768921 -1.3599999994039536
			vertex 0.7285121083259583 1.6387057304382324 -1.4010050520300865
		endloop
	endfacet
	facet normal -0.31449705164965797 0.2202131973222211 0.9233621999133369
		outer loop
			vertex 0.7285121083259583 1.6387057304382324 -1.4010050520300865
			vertex 0.8043466806411743 1.575073003768921 -1.3599999994039536
			vertex 0.8235945105552673 1.7744974792003632 -1.4010050520300865
		endloop
	endfacet
	facet normal -0.31449715557241975 0.22021319994583152 0.923362163891544
		outer loop
			vertex 0.8043466806411743 1.575073003768921 -1.3599999994039536
			vertex 0.9093266725540161 1.725000023841858 -1.3599999994039536
			vertex 0.8235945105552673 1.7744974792003632 -1.4010050520300865
		endloop
	endfacet
	facet normal -0.3479587889164564 0.1622559194923825 0.9233621704431444
		outer loop
			vertex 0.8235945105552673 1.7744974792003632 -1.4010050520300865
			vertex 0.9093266725540161 1.725000023841858 -1.3599999994039536
			vertex 0.8936524391174316 1.924737125635147 -1.4010050520300865
		endloop
	endfacet
	facet normal -0.3479589490523064 0.16225589540612054 0.9233621143302191
		outer loop
			vertex 0.9093266725540161 1.725000023841858 -1.3599999994039536
			vertex 0.9866772294044495 1.8908788561820984 -1.3599999994039536
			vertex 0.8936524391174316 1.924737125635147 -1.4010050520300865
		endloop
	endfacet
	facet normal -0.3708480993468735 0.09936849594796374 0.9233621116462659
		outer loop
			vertex 0.8936524391174316 1.924737125635147 -1.4010050520300865
			vertex 0.9866772294044495 1.8908788561820984 -1.3599999994039536
			vertex 0.9365571737289429 2.084859699010849 -1.4010050520300865
		endloop
	endfacet
	facet normal -0.3708478819806551 0.09936856890474625 0.9233621910952846
		outer loop
			vertex 0.9866772294044495 1.8908788561820984 -1.3599999994039536
			vertex 1.0340481996536255 2.0676694065332413 -1.3599999994039536
			vertex 0.9365571737289429 2.084859699010849 -1.4010050520300865
		endloop
	endfacet
	facet normal -0.38246905275358856 0.03346162206061058 0.9233621952055681
		outer loop
			vertex 0.9365571737289429 2.084859699010849 -1.4010050520300865
			vertex 1.0340481996536255 2.0676694065332413 -1.3599999994039536
			vertex 0.9510050415992737 2.2499999999999996 -1.4010050520300865
		endloop
	endfacet
	facet normal -0.3824692757089771 0.03346150073431387 0.9233621072511359
		outer loop
			vertex 1.0340481996536255 2.0676694065332413 -1.3599999994039536
			vertex 1.0499999523162842 2.2499999999999996 -1.3599999994039536
			vertex 0.9510050415992737 2.2499999999999996 -1.4010050520300865
		endloop
	endfacet
	facet normal -0.9208763277615655 -0.08056655771047937 0.3814391416032941
		outer loop
			vertex 0.9100000262260437 2.25 -1.5
			vertex 0.9510050415992737 2.25 -1.4010050520300865
			vertex 0.8961750268936157 2.4080198407173157 -1.5
		endloop
	endfacet
	facet normal -0.9208760741660831 -0.08056601426065334 0.3814398686223228
		outer loop
			vertex 0.9510050415992737 2.25 -1.4010050520300865
			vertex 0.9365571737289429 2.415140300989151 -1.4010050520300865
			vertex 0.8961750268936157 2.4080198407173157 -1.5
		endloop
	endfacet
	facet normal -0.8928957600349426 -0.23925045429635922 0.38143987970662974
		outer loop
			vertex 0.8961750268936157 2.4080198407173157 -1.5
			vertex 0.9365571737289429 2.415140300989151 -1.4010050520300865
			vertex 0.8551203012466431 2.561238318681717 -1.5
		endloop
	endfacet
	facet normal -0.8928958632729798 -0.23925083916529633 0.3814393966394945
		outer loop
			vertex 0.9365571737289429 2.415140300989151 -1.4010050520300865
			vertex 0.8936524391174316 2.575262874364853 -1.4010050520300865
			vertex 0.8551203012466431 2.561238318681717 -1.5
		endloop
	endfacet
	facet normal -0.8377853722351002 -0.39066565397320246 0.3814394013137408
		outer loop
			vertex 0.8551203012466431 2.561238318681717 -1.5
			vertex 0.8936524391174316 2.575262874364853 -1.4010050520300865
			vertex 0.7880831360816956 2.705000013113022 -1.5
		endloop
	endfacet
	facet normal -0.8377853953993748 -0.39066591791263083 0.38143908011240113
		outer loop
			vertex 0.8936524391174316 2.575262874364853 -1.4010050520300865
			vertex 0.8235945105552673 2.725502520799637 -1.4010050520300865
			vertex 0.7880831360816956 2.705000013113022 -1.5
		endloop
	endfacet
	facet normal -0.757219213211768 -0.530210608663955 0.3814390824275215
		outer loop
			vertex 0.7880831360816956 2.705000013113022 -1.5
			vertex 0.8235945105552673 2.725502520799637 -1.4010050520300865
			vertex 0.6971004605293274 2.834936738014221 -1.5
		endloop
	endfacet
	facet normal -0.7572192156065384 -0.530210581205369 0.3814391158416818
		outer loop
			vertex 0.8235945105552673 2.725502520799637 -1.4010050520300865
			vertex 0.7285121083259583 2.8612942695617676 -1.4010050520300865
			vertex 0.6971004605293274 2.834936738014221 -1.5
		endloop
	endfacet
	facet normal -0.6536452311987222 -0.6536452311987222 0.3814391477842016
		outer loop
			vertex 0.6971004605293274 2.834936738014221 -1.5
			vertex 0.7285121083259583 2.8612942695617676 -1.4010050520300865
			vertex 0.5849367380142212 2.9471004605293274 -1.5
		endloop
	endfacet
	facet normal -0.6536452311987222 -0.6536452311987222 0.3814391477842016
		outer loop
			vertex 0.7285121083259583 2.8612942695617676 -1.4010050520300865
			vertex 0.6112942695617676 2.9785121083259583 -1.4010050520300865
			vertex 0.5849367380142212 2.9471004605293274 -1.5
		endloop
	endfacet
	facet normal -0.530210600581277 -0.7572192016685076 0.38143911657792734
		outer loop
			vertex 0.5849367380142212 2.9471004605293274 -1.5
			vertex 0.6112942695617676 2.9785121083259583 -1.4010050520300865
			vertex 0.45500001311302185 3.0380831360816956 -1.5
		endloop
	endfacet
	facet normal -0.5302105889395407 -0.7572192266520804 0.38143908316376124
		outer loop
			vertex 0.6112942695617676 2.9785121083259583 -1.4010050520300865
			vertex 0.47550252079963684 3.0735945105552673 -1.4010050520300865
			vertex 0.45500001311302185 3.0380831360816956 -1.5
		endloop
	endfacet
	facet normal -0.39066571122104016 -0.8377854950035097 0.38143907303510877
		outer loop
			vertex 0.45500001311302185 3.0380831360816956 -1.5
			vertex 0.47550252079963684 3.0735945105552673 -1.4010050520300865
			vertex 0.3112383186817169 3.105120301246643 -1.5
		endloop
	endfacet
	facet normal -0.3906658631331516 -0.8377852779244543 0.38143939423645584
		outer loop
			vertex 0.47550252079963684 3.0735945105552673 -1.4010050520300865
			vertex 0.3252628743648529 3.1436524391174316 -1.4010050520300865
			vertex 0.3112383186817169 3.105120301246643 -1.5
		endloop
	endfacet
	facet normal -0.23925050702388748 -0.8928959568169573 0.38143938599565597
		outer loop
			vertex 0.3112383186817169 3.105120301246643 -1.5
			vertex 0.3252628743648529 3.1436524391174316 -1.4010050520300865
			vertex 0.15801984071731567 3.1461750268936157 -1.5
		endloop
	endfacet
	facet normal -0.23925078871118544 -0.8928956749757639 0.38143986906280614
		outer loop
			vertex 0.3252628743648529 3.1436524391174316 -1.4010050520300865
			vertex 0.165140300989151 3.186557173728943 -1.4010050520300865
			vertex 0.15801984071731567 3.1461750268936157 -1.5
		endloop
	endfacet
	facet normal -0.08056653098795948 -0.9208760223229726 0.38143988464132367
		outer loop
			vertex 0.15801984071731567 3.1461750268936157 -1.5
			vertex 0.165140300989151 3.186557173728943 -1.4010050520300865
			vertex 5.572142716041371e-17 3.1600000262260437 -1.5
		endloop
	endfacet
	facet normal -0.08056603983079835 -0.9208763664349131 0.3814391576223057
		outer loop
			vertex 0.165140300989151 3.186557173728943 -1.4010050520300865
			vertex 5.823226442664697e-17 3.2010050415992737 -1.4010050520300865
			vertex 5.572142716041371e-17 3.1600000262260437 -1.5
		endloop
	endfacet
	facet normal 0.08056655771047934 -0.9208763277615656 0.3814391416032941
		outer loop
			vertex 5.572142716041371e-17 3.1600000262260437 -1.5
			vertex 5.823226442664697e-17 3.2010050415992737 -1.4010050520300865
			vertex -0.15801984071731567 3.1461750268936157 -1.5
		endloop
	endfacet
	facet normal 0.08056601426065331 -0.9208760741660831 0.3814398686223228
		outer loop
			vertex 5.823226442664697e-17 3.2010050415992737 -1.4010050520300865
			vertex -0.165140300989151 3.186557173728943 -1.4010050520300865
			vertex -0.15801984071731567 3.1461750268936157 -1.5
		endloop
	endfacet
	facet normal 0.23925045429635922 -0.8928957600349426 0.38143987970662974
		outer loop
			vertex -0.15801984071731567 3.1461750268936157 -1.5
			vertex -0.165140300989151 3.186557173728943 -1.4010050520300865
			vertex -0.3112383186817169 3.105120301246643 -1.5
		endloop
	endfacet
	facet normal 0.23925083916529633 -0.8928958632729798 0.3814393966394945
		outer loop
			vertex -0.165140300989151 3.186557173728943 -1.4010050520300865
			vertex -0.3252628743648529 3.1436524391174316 -1.4010050520300865
			vertex -0.3112383186817169 3.105120301246643 -1.5
		endloop
	endfacet
	facet normal 0.39066565397320246 -0.8377853722351002 0.3814394013137408
		outer loop
			vertex -0.3112383186817169 3.105120301246643 -1.5
			vertex -0.3252628743648529 3.1436524391174316 -1.4010050520300865
			vertex -0.45500001311302185 3.0380831360816956 -1.5
		endloop
	endfacet
	facet normal 0.39066591791263083 -0.8377853953993748 0.38143908011240113
		outer loop
			vertex -0.3252628743648529 3.1436524391174316 -1.4010050520300865
			vertex -0.47550252079963684 3.0735945105552673 -1.4010050520300865
			vertex -0.45500001311302185 3.0380831360816956 -1.5
		endloop
	endfacet
	facet normal 0.530210608663955 -0.757219213211768 0.3814390824275215
		outer loop
			vertex -0.45500001311302185 3.0380831360816956 -1.5
			vertex -0.47550252079963684 3.0735945105552673 -1.4010050520300865
			vertex -0.5849367380142212 2.9471004605293274 -1.5
		endloop
	endfacet
	facet normal 0.530210581205369 -0.7572192156065384 0.3814391158416818
		outer loop
			vertex -0.47550252079963684 3.0735945105552673 -1.4010050520300865
			vertex -0.6112942695617676 2.9785121083259583 -1.4010050520300865
			vertex -0.5849367380142212 2.9471004605293274 -1.5
		endloop
	endfacet
	facet normal 0.6536452311987222 -0.6536452311987222 0.3814391477842016
		outer loop
			vertex -0.5849367380142212 2.9471004605293274 -1.5
			vertex -0.6112942695617676 2.9785121083259583 -1.4010050520300865
			vertex -0.6971004605293274 2.834936738014221 -1.5
		endloop
	endfacet
	facet normal 0.6536452311987222 -0.6536452311987222 0.3814391477842016
		outer loop
			vertex -0.6112942695617676 2.9785121083259583 -1.4010050520300865
			vertex -0.7285121083259583 2.8612942695617676 -1.4010050520300865
			vertex -0.6971004605293274 2.834936738014221 -1.5
		endloop
	endfacet
	facet normal 0.7572192016685076 -0.530210600581277 0.38143911657792734
		outer loop
			vertex -0.6971004605293274 2.834936738014221 -1.5
			vertex -0.7285121083259583 2.8612942695617676 -1.4010050520300865
			vertex -0.7880831360816956 2.705000013113022 -1.5
		endloop
	endfacet
	facet normal 0.7572192266520804 -0.5302105889395407 0.38143908316376124
		outer loop
			vertex -0.7285121083259583 2.8612942695617676 -1.4010050520300865
			vertex -0.8235945105552673 2.725502520799637 -1.4010050520300865
			vertex -0.7880831360816956 2.705000013113022 -1.5
		endloop
	endfacet
	facet normal 0.8377854950035097 -0.39066571122104016 0.38143907303510877
		outer loop
			vertex -0.7880831360816956 2.705000013113022 -1.5
			vertex -0.8235945105552673 2.725502520799637 -1.4010050520300865
			vertex -0.8551203012466431 2.561238318681717 -1.5
		endloop
	endfacet
	facet normal 0.8377852779244543 -0.3906658631331516 0.38143939423645584
		outer loop
			vertex -0.8235945105552673 2.725502520799637 -1.4010050520300865
			vertex -0.8936524391174316 2.575262874364853 -1.4010050520300865
			vertex -0.8551203012466431 2.561238318681717 -1.5
		endloop
	endfacet
	facet normal 0.8928959568169573 -0.23925050702388748 0.38143938599565597
		outer loop
			vertex -0.8551203012466431 2.561238318681717 -1.5
			vertex -0.8936524391174316 2.575262874364853 -1.4010050520300865
			vertex -0.8961750268936157 2.4080198407173157 -1.5
		endloop
	endfacet
	facet normal 0.8928956749757639 -0.23925078871118544 0.38143986906280614
		outer loop
			vertex -0.8936524391174316 2.575262874364853 -1.4010050520300865
			vertex -0.9365571737289429 2.415140300989151 -1.4010050520300865
			vertex -0.8961750268936157 2.4080198407173157 -1.5
		endloop
	endfacet
	facet normal 0.9208760223229726 -0.08056653098795945 0.38143988464132367
		outer loop
			vertex -0.8961750268936157 2.4080198407173157 -1.5
			vertex -0.9365571737289429 2.415140300989151 -1.4010050520300865
			vertex -0.9100000262260437 2.25 -1.5
		endloop
	endfacet
	facet normal 0.9208763664349131 -0.08056603983079831 0.3814391576223057
		outer loop
			vertex -0.9365571737289429 2.415140300989151 -1.4010050520300865
			vertex -0.9510050415992737 2.25 -1.4010050520300865
			vertex -0.9100000262260437 2.25 -1.5
		endloop
	endfacet
	facet normal 0.9208763277615655 0.08056655771047937 0.3814391416032941
		outer loop
			vertex -0.9100000262260437 2.25 -1.5
			vertex -0.9510050415992737 2.25 -1.4010050520300865
			vertex -0.8961750268936157 2.0919801592826843 -1.5
		endloop
	endfacet
	facet normal 0.9208760741660831 0.08056601426065334 0.3814398686223228
		outer loop
			vertex -0.9510050415992737 2.25 -1.4010050520300865
			vertex -0.9365571737289429 2.084859699010849 -1.4010050520300865
			vertex -0.8961750268936157 2.0919801592826843 -1.5
		endloop
	endfacet
	facet normal 0.8928957600349426 0.23925045429635922 0.38143987970662974
		outer loop
			vertex -0.8961750268936157 2.0919801592826843 -1.5
			vertex -0.9365571737289429 2.084859699010849 -1.4010050520300865
			vertex -0.8551203012466431 1.938761681318283 -1.5
		endloop
	endfacet
	facet normal 0.8928958632729798 0.23925083916529633 0.3814393966394945
		outer loop
			vertex -0.9365571737289429 2.084859699010849 -1.4010050520300865
			vertex -0.8936524391174316 1.924737125635147 -1.4010050520300865
			vertex -0.8551203012466431 1.938761681318283 -1.5
		endloop
	endfacet
	facet normal 0.8377853722351002 0.39066565397320246 0.3814394013137408
		outer loop
			vertex -0.8551203012466431 1.938761681318283 -1.5
			vertex -0.8936524391174316 1.924737125635147 -1.4010050520300865
			vertex -0.7880831360816956 1.7949999868869781 -1.5
		endloop
	endfacet
	facet normal 0.8377853953993748 0.39066591791263083 0.38143908011240113
		outer loop
			vertex -0.8936524391174316 1.924737125635147 -1.4010050520300865
			vertex -0.8235945105552673 1.7744974792003632 -1.4010050520300865
			vertex -0.7880831360816956 1.7949999868869781 -1.5
		endloop
	endfacet
	facet normal 0.757219213211768 0.530210608663955 0.3814390824275215
		outer loop
			vertex -0.7880831360816956 1.7949999868869781 -1.5
			vertex -0.8235945105552673 1.7744974792003632 -1.4010050520300865
			vertex -0.6971004605293274 1.6650632619857788 -1.5
		endloop
	endfacet
	facet normal 0.7572192156065384 0.530210581205369 0.3814391158416818
		outer loop
			vertex -0.8235945105552673 1.7744974792003632 -1.4010050520300865
			vertex -0.7285121083259583 1.6387057304382324 -1.4010050520300865
			vertex -0.6971004605293274 1.6650632619857788 -1.5
		endloop
	endfacet
	facet normal 0.6536452311987222 0.6536452311987222 0.3814391477842016
		outer loop
			vertex -0.6971004605293274 1.6650632619857788 -1.5
			vertex -0.7285121083259583 1.6387057304382324 -1.4010050520300865
			vertex -0.5849367380142212 1.5528995394706726 -1.5
		endloop
	endfacet
	facet normal 0.6536452311987222 0.6536452311987222 0.3814391477842016
		outer loop
			vertex -0.7285121083259583 1.6387057304382324 -1.4010050520300865
			vertex -0.6112942695617676 1.5214878916740417 -1.4010050520300865
			vertex -0.5849367380142212 1.5528995394706726 -1.5
		endloop
	endfacet
	facet normal 0.530210600581277 0.7572192016685076 0.38143911657792734
		outer loop
			vertex -0.5849367380142212 1.5528995394706726 -1.5
			vertex -0.6112942695617676 1.5214878916740417 -1.4010050520300865
			vertex -0.45500001311302185 1.4619168639183044 -1.5
		endloop
	endfacet
	facet normal 0.5302105889395407 0.7572192266520804 0.38143908316376124
		outer loop
			vertex -0.6112942695617676 1.5214878916740417 -1.4010050520300865
			vertex -0.47550252079963684 1.4264054894447327 -1.4010050520300865
			vertex -0.45500001311302185 1.4619168639183044 -1.5
		endloop
	endfacet
	facet normal 0.39066571122104016 0.8377854950035097 0.38143907303510877
		outer loop
			vertex -0.45500001311302185 1.4619168639183044 -1.5
			vertex -0.47550252079963684 1.4264054894447327 -1.4010050520300865
			vertex -0.3112383186817169 1.394879698753357 -1.5
		endloop
	endfacet
	facet normal 0.3906658631331516 0.8377852779244543 0.38143939423645584
		outer loop
			vertex -0.47550252079963684 1.4264054894447327 -1.4010050520300865
			vertex -0.3252628743648529 1.3563475608825684 -1.4010050520300865
			vertex -0.3112383186817169 1.394879698753357 -1.5
		endloop
	endfacet
	facet normal 0.23925050702388748 0.8928959568169573 0.38143938599565597
		outer loop
			vertex -0.3112383186817169 1.394879698753357 -1.5
			vertex -0.3252628743648529 1.3563475608825684 -1.4010050520300865
			vertex -0.15801984071731567 1.3538249731063843 -1.5
		endloop
	endfacet
	facet normal 0.23925078871118544 0.8928956749757639 0.38143986906280614
		outer loop
			vertex -0.3252628743648529 1.3563475608825684 -1.4010050520300865
			vertex -0.165140300989151 1.3134428262710571 -1.4010050520300865
			vertex -0.15801984071731567 1.3538249731063843 -1.5
		endloop
	endfacet
	facet normal 0.08056653098795954 0.9208760223229727 0.3814398846413237
		outer loop
			vertex -0.15801984071731567 1.3538249731063843 -1.5
			vertex -0.165140300989151 1.3134428262710571 -1.4010050520300865
			vertex -1.6716428148124112e-16 1.3399999737739563 -1.5
		endloop
	endfacet
	facet normal 0.0805660398307984 0.9208763664349131 0.3814391576223057
		outer loop
			vertex -0.165140300989151 1.3134428262710571 -1.4010050520300865
			vertex -1.746967998973858e-16 1.2989949584007263 -1.4010050520300865
			vertex -1.6716428148124112e-16 1.3399999737739563 -1.5
		endloop
	endfacet
	facet normal -0.0805665577104793 0.9208763277615656 0.3814391416032942
		outer loop
			vertex -1.6716428148124112e-16 1.3399999737739563 -1.5
			vertex -1.746967998973858e-16 1.2989949584007263 -1.4010050520300865
			vertex 0.15801984071731567 1.3538249731063843 -1.5
		endloop
	endfacet
	facet normal -0.08056601426065325 0.9208760741660831 0.3814398686223228
		outer loop
			vertex -1.746967998973858e-16 1.2989949584007263 -1.4010050520300865
			vertex 0.165140300989151 1.3134428262710571 -1.4010050520300865
			vertex 0.15801984071731567 1.3538249731063843 -1.5
		endloop
	endfacet
	facet normal -0.23925045429635922 0.8928957600349426 0.38143987970662974
		outer loop
			vertex 0.15801984071731567 1.3538249731063843 -1.5
			vertex 0.165140300989151 1.3134428262710571 -1.4010050520300865
			vertex 0.3112383186817169 1.394879698753357 -1.5
		endloop
	endfacet
	facet normal -0.23925083916529633 0.8928958632729798 0.3814393966394945
		outer loop
			vertex 0.165140300989151 1.3134428262710571 -1.4010050520300865
			vertex 0.3252628743648529 1.3563475608825684 -1.4010050520300865
			vertex 0.3112383186817169 1.394879698753357 -1.5
		endloop
	endfacet
	facet normal -0.39066565397320246 0.8377853722351002 0.3814394013137408
		outer loop
			vertex 0.3112383186817169 1.394879698753357 -1.5
			vertex 0.3252628743648529 1.3563475608825684 -1.4010050520300865
			vertex 0.45500001311302185 1.4619168639183044 -1.5
		endloop
	endfacet
	facet normal -0.39066591791263083 0.8377853953993748 0.38143908011240113
		outer loop
			vertex 0.3252628743648529 1.3563475608825684 -1.4010050520300865
			vertex 0.47550252079963684 1.4264054894447327 -1.4010050520300865
			vertex 0.45500001311302185 1.4619168639183044 -1.5
		endloop
	endfacet
	facet normal -0.530210608663955 0.757219213211768 0.3814390824275215
		outer loop
			vertex 0.45500001311302185 1.4619168639183044 -1.5
			vertex 0.47550252079963684 1.4264054894447327 -1.4010050520300865
			vertex 0.5849367380142212 1.5528995394706726 -1.5
		endloop
	endfacet
	facet normal -0.530210581205369 0.7572192156065384 0.3814391158416818
		outer loop
			vertex 0.47550252079963684 1.4264054894447327 -1.4010050520300865
			vertex 0.6112942695617676 1.5214878916740417 -1.4010050520300865
			vertex 0.5849367380142212 1.5528995394706726 -1.5
		endloop
	endfacet
	facet normal -0.6536452311987222 0.6536452311987222 0.3814391477842016
		outer loop
			vertex 0.5849367380142212 1.5528995394706726 -1.5
			vertex 0.6112942695617676 1.5214878916740417 -1.4010050520300865
			vertex 0.6971004605293274 1.6650632619857788 -1.5
		endloop
	endfacet
	facet normal -0.6536452311987222 0.6536452311987222 0.3814391477842016
		outer loop
			vertex 0.6112942695617676 1.5214878916740417 -1.4010050520300865
			vertex 0.7285121083259583 1.6387057304382324 -1.4010050520300865
			vertex 0.6971004605293274 1.6650632619857788 -1.5
		endloop
	endfacet
	facet normal -0.7572192016685076 0.530210600581277 0.38143911657792734
		outer loop
			vertex 0.6971004605293274 1.6650632619857788 -1.5
			vertex 0.7285121083259583 1.6387057304382324 -1.4010050520300865
			vertex 0.7880831360816956 1.7949999868869781 -1.5
		endloop
	endfacet
	facet normal -0.7572192266520804 0.5302105889395407 0.38143908316376124
		outer loop
			vertex 0.7285121083259583 1.6387057304382324 -1.4010050520300865
			vertex 0.8235945105552673 1.7744974792003632 -1.4010050520300865
			vertex 0.7880831360816956 1.7949999868869781 -1.5
		endloop
	endfacet
	facet normal -0.8377854950035097 0.39066571122104016 0.38143907303510877
		outer loop
			vertex 0.7880831360816956 1.7949999868869781 -1.5
			vertex 0.8235945105552673 1.7744974792003632 -1.4010050520300865
			vertex 0.8551203012466431 1.938761681318283 -1.5
		endloop
	endfacet
	facet normal -0.8377852779244543 0.3906658631331516 0.38143939423645584
		outer loop
			vertex 0.8235945105552673 1.7744974792003632 -1.4010050520300865
			vertex 0.8936524391174316 1.924737125635147 -1.4010050520300865
			vertex 0.8551203012466431 1.938761681318283 -1.5
		endloop
	endfacet
	facet normal -0.8928959568169573 0.23925050702388748 0.38143938599565597
		outer loop
			vertex 0.8551203012466431 1.938761681318283 -1.5
			vertex 0.8936524391174316 1.924737125635147 -1.4010050520300865
			vertex 0.8961750268936157 2.0919801592826843 -1.5
		endloop
	endfacet
	facet normal -0.8928956749757639 0.23925078871118544 0.38143986906280614
		outer loop
			vertex 0.8936524391174316 1.924737125635147 -1.4010050520300865
			vertex 0.9365571737289429 2.084859699010849 -1.4010050520300865
			vertex 0.8961750268936157 2.0919801592826843 -1.5
		endloop
	endfacet
	facet normal -0.9208760223229726 0.08056653098795968 0.3814398846413237
		outer loop
			vertex 0.8961750268936157 2.0919801592826843 -1.5
			vertex 0.9365571737289429 2.084859699010849 -1.4010050520300865
			vertex 0.9100000262260437 2.2499999999999996 -1.5
		endloop
	endfacet
	facet normal -0.9208763664349131 0.08056603983079855 0.38143915762230574
		outer loop
			vertex 0.9365571737289429 2.084859699010849 -1.4010050520300865
			vertex 0.9510050415992737 2.2499999999999996 -1.4010050520300865
			vertex 0.9100000262260437 2.2499999999999996 -1.5
		endloop
	endfacet
	facet normal -0.9208763664349131 -0.08056603983079831 -0.3814391576223057
		outer loop
			vertex 0.9510050415992737 2.25 -1.5989949479699135
			vertex 0.9100000262260437 2.25 -1.5
			vertex 0.9365571737289429 2.415140300989151 -1.5989949479699135
		endloop
	endfacet
	facet normal -0.9208760223229726 -0.08056653098795945 -0.38143988464132367
		outer loop
			vertex 0.9100000262260437 2.25 -1.5
			vertex 0.8961750268936157 2.4080198407173157 -1.5
			vertex 0.9365571737289429 2.415140300989151 -1.5989949479699135
		endloop
	endfacet
	facet normal -0.8928956749757639 -0.23925078871118544 -0.38143986906280614
		outer loop
			vertex 0.9365571737289429 2.415140300989151 -1.5989949479699135
			vertex 0.8961750268936157 2.4080198407173157 -1.5
			vertex 0.8936524391174316 2.575262874364853 -1.5989949479699135
		endloop
	endfacet
	facet normal -0.8928959568169573 -0.23925050702388748 -0.38143938599565597
		outer loop
			vertex 0.8961750268936157 2.4080198407173157 -1.5
			vertex 0.8551203012466431 2.561238318681717 -1.5
			vertex 0.8936524391174316 2.575262874364853 -1.5989949479699135
		endloop
	endfacet
	facet normal -0.8377852779244543 -0.3906658631331516 -0.38143939423645584
		outer loop
			vertex 0.8936524391174316 2.575262874364853 -1.5989949479699135
			vertex 0.8551203012466431 2.561238318681717 -1.5
			vertex 0.8235945105552673 2.725502520799637 -1.5989949479699135
		endloop
	endfacet
	facet normal -0.8377854950035097 -0.39066571122104016 -0.38143907303510877
		outer loop
			vertex 0.8551203012466431 2.561238318681717 -1.5
			vertex 0.7880831360816956 2.705000013113022 -1.5
			vertex 0.8235945105552673 2.725502520799637 -1.5989949479699135
		endloop
	endfacet
	facet normal -0.7572192266520804 -0.5302105889395407 -0.38143908316376124
		outer loop
			vertex 0.8235945105552673 2.725502520799637 -1.5989949479699135
			vertex 0.7880831360816956 2.705000013113022 -1.5
			vertex 0.7285121083259583 2.8612942695617676 -1.5989949479699135
		endloop
	endfacet
	facet normal -0.7572192016685076 -0.530210600581277 -0.38143911657792734
		outer loop
			vertex 0.7880831360816956 2.705000013113022 -1.5
			vertex 0.6971004605293274 2.834936738014221 -1.5
			vertex 0.7285121083259583 2.8612942695617676 -1.5989949479699135
		endloop
	endfacet
	facet normal -0.6536452311987222 -0.6536452311987222 -0.3814391477842016
		outer loop
			vertex 0.7285121083259583 2.8612942695617676 -1.5989949479699135
			vertex 0.6971004605293274 2.834936738014221 -1.5
			vertex 0.6112942695617676 2.9785121083259583 -1.5989949479699135
		endloop
	endfacet
	facet normal -0.6536452311987222 -0.6536452311987222 -0.3814391477842016
		outer loop
			vertex 0.6971004605293274 2.834936738014221 -1.5
			vertex 0.5849367380142212 2.9471004605293274 -1.5
			vertex 0.6112942695617676 2.9785121083259583 -1.5989949479699135
		endloop
	endfacet
	facet normal -0.530210581205369 -0.7572192156065384 -0.3814391158416818
		outer loop
			vertex 0.6112942695617676 2.9785121083259583 -1.5989949479699135
			vertex 0.5849367380142212 2.9471004605293274 -1.5
			vertex 0.47550252079963684 3.0735945105552673 -1.5989949479699135
		endloop
	endfacet
	facet normal -0.530210608663955 -0.757219213211768 -0.3814390824275215
		outer loop
			vertex 0.5849367380142212 2.9471004605293274 -1.5
			vertex 0.45500001311302185 3.0380831360816956 -1.5
			vertex 0.47550252079963684 3.0735945105552673 -1.5989949479699135
		endloop
	endfacet
	facet normal -0.39066591791263083 -0.8377853953993748 -0.38143908011240113
		outer loop
			vertex 0.47550252079963684 3.0735945105552673 -1.5989949479699135
			vertex 0.45500001311302185 3.0380831360816956 -1.5
			vertex 0.3252628743648529 3.1436524391174316 -1.5989949479699135
		endloop
	endfacet
	facet normal -0.39066565397320246 -0.8377853722351002 -0.3814394013137408
		outer loop
			vertex 0.45500001311302185 3.0380831360816956 -1.5
			vertex 0.3112383186817169 3.105120301246643 -1.5
			vertex 0.3252628743648529 3.1436524391174316 -1.5989949479699135
		endloop
	endfacet
	facet normal -0.23925083916529633 -0.8928958632729798 -0.3814393966394945
		outer loop
			vertex 0.3252628743648529 3.1436524391174316 -1.5989949479699135
			vertex 0.3112383186817169 3.105120301246643 -1.5
			vertex 0.165140300989151 3.186557173728943 -1.5989949479699135
		endloop
	endfacet
	facet normal -0.23925045429635922 -0.8928957600349426 -0.38143987970662974
		outer loop
			vertex 0.3112383186817169 3.105120301246643 -1.5
			vertex 0.15801984071731567 3.1461750268936157 -1.5
			vertex 0.165140300989151 3.186557173728943 -1.5989949479699135
		endloop
	endfacet
	facet normal -0.08056601426065338 -0.9208760741660832 -0.38143986862232293
		outer loop
			vertex 0.165140300989151 3.186557173728943 -1.5989949479699135
			vertex 0.15801984071731567 3.1461750268936157 -1.5
			vertex 5.823226442664697e-17 3.2010050415992737 -1.5989949479699135
		endloop
	endfacet
	facet normal -0.08056655771047941 -0.9208763277615656 -0.38143914160329423
		outer loop
			vertex 0.15801984071731567 3.1461750268936157 -1.5
			vertex 5.572142716041371e-17 3.1600000262260437 -1.5
			vertex 5.823226442664697e-17 3.2010050415992737 -1.5989949479699135
		endloop
	endfacet
	facet normal 0.08056603983079828 -0.9208763664349131 -0.3814391576223057
		outer loop
			vertex 5.823226442664697e-17 3.2010050415992737 -1.5989949479699135
			vertex 5.572142716041371e-17 3.1600000262260437 -1.5
			vertex -0.165140300989151 3.186557173728943 -1.5989949479699135
		endloop
	endfacet
	facet normal 0.0805665309879594 -0.9208760223229726 -0.3814398846413236
		outer loop
			vertex 5.572142716041371e-17 3.1600000262260437 -1.5
			vertex -0.15801984071731567 3.1461750268936157 -1.5
			vertex -0.165140300989151 3.186557173728943 -1.5989949479699135
		endloop
	endfacet
	facet normal 0.23925078871118544 -0.8928956749757639 -0.38143986906280614
		outer loop
			vertex -0.165140300989151 3.186557173728943 -1.5989949479699135
			vertex -0.15801984071731567 3.1461750268936157 -1.5
			vertex -0.3252628743648529 3.1436524391174316 -1.5989949479699135
		endloop
	endfacet
	facet normal 0.23925050702388748 -0.8928959568169573 -0.38143938599565597
		outer loop
			vertex -0.15801984071731567 3.1461750268936157 -1.5
			vertex -0.3112383186817169 3.105120301246643 -1.5
			vertex -0.3252628743648529 3.1436524391174316 -1.5989949479699135
		endloop
	endfacet
	facet normal 0.3906658631331516 -0.8377852779244543 -0.38143939423645584
		outer loop
			vertex -0.3252628743648529 3.1436524391174316 -1.5989949479699135
			vertex -0.3112383186817169 3.105120301246643 -1.5
			vertex -0.47550252079963684 3.0735945105552673 -1.5989949479699135
		endloop
	endfacet
	facet normal 0.39066571122104016 -0.8377854950035097 -0.38143907303510877
		outer loop
			vertex -0.3112383186817169 3.105120301246643 -1.5
			vertex -0.45500001311302185 3.0380831360816956 -1.5
			vertex -0.47550252079963684 3.0735945105552673 -1.5989949479699135
		endloop
	endfacet
	facet normal 0.5302105889395407 -0.7572192266520804 -0.38143908316376124
		outer loop
			vertex -0.47550252079963684 3.0735945105552673 -1.5989949479699135
			vertex -0.45500001311302185 3.0380831360816956 -1.5
			vertex -0.6112942695617676 2.9785121083259583 -1.5989949479699135
		endloop
	endfacet
	facet normal 0.530210600581277 -0.7572192016685076 -0.38143911657792734
		outer loop
			vertex -0.45500001311302185 3.0380831360816956 -1.5
			vertex -0.5849367380142212 2.9471004605293274 -1.5
			vertex -0.6112942695617676 2.9785121083259583 -1.5989949479699135
		endloop
	endfacet
	facet normal 0.6536452311987222 -0.6536452311987222 -0.3814391477842016
		outer loop
			vertex -0.6112942695617676 2.9785121083259583 -1.5989949479699135
			vertex -0.5849367380142212 2.9471004605293274 -1.5
			vertex -0.7285121083259583 2.8612942695617676 -1.5989949479699135
		endloop
	endfacet
	facet normal 0.6536452311987222 -0.6536452311987222 -0.3814391477842016
		outer loop
			vertex -0.5849367380142212 2.9471004605293274 -1.5
			vertex -0.6971004605293274 2.834936738014221 -1.5
			vertex -0.7285121083259583 2.8612942695617676 -1.5989949479699135
		endloop
	endfacet
	facet normal 0.7572192156065384 -0.530210581205369 -0.3814391158416818
		outer loop
			vertex -0.7285121083259583 2.8612942695617676 -1.5989949479699135
			vertex -0.6971004605293274 2.834936738014221 -1.5
			vertex -0.8235945105552673 2.725502520799637 -1.5989949479699135
		endloop
	endfacet
	facet normal 0.757219213211768 -0.530210608663955 -0.3814390824275215
		outer loop
			vertex -0.6971004605293274 2.834936738014221 -1.5
			vertex -0.7880831360816956 2.705000013113022 -1.5
			vertex -0.8235945105552673 2.725502520799637 -1.5989949479699135
		endloop
	endfacet
	facet normal 0.8377853953993748 -0.39066591791263083 -0.38143908011240113
		outer loop
			vertex -0.8235945105552673 2.725502520799637 -1.5989949479699135
			vertex -0.7880831360816956 2.705000013113022 -1.5
			vertex -0.8936524391174316 2.575262874364853 -1.5989949479699135
		endloop
	endfacet
	facet normal 0.8377853722351002 -0.39066565397320246 -0.3814394013137408
		outer loop
			vertex -0.7880831360816956 2.705000013113022 -1.5
			vertex -0.8551203012466431 2.561238318681717 -1.5
			vertex -0.8936524391174316 2.575262874364853 -1.5989949479699135
		endloop
	endfacet
	facet normal 0.8928958632729798 -0.23925083916529633 -0.3814393966394945
		outer loop
			vertex -0.8936524391174316 2.575262874364853 -1.5989949479699135
			vertex -0.8551203012466431 2.561238318681717 -1.5
			vertex -0.9365571737289429 2.415140300989151 -1.5989949479699135
		endloop
	endfacet
	facet normal 0.8928957600349426 -0.23925045429635922 -0.38143987970662974
		outer loop
			vertex -0.8551203012466431 2.561238318681717 -1.5
			vertex -0.8961750268936157 2.4080198407173157 -1.5
			vertex -0.9365571737289429 2.415140300989151 -1.5989949479699135
		endloop
	endfacet
	facet normal 0.9208760741660831 -0.08056601426065334 -0.3814398686223228
		outer loop
			vertex -0.9365571737289429 2.415140300989151 -1.5989949479699135
			vertex -0.8961750268936157 2.4080198407173157 -1.5
			vertex -0.9510050415992737 2.25 -1.5989949479699135
		endloop
	endfacet
	facet normal 0.9208763277615655 -0.08056655771047937 -0.3814391416032941
		outer loop
			vertex -0.8961750268936157 2.4080198407173157 -1.5
			vertex -0.9100000262260437 2.25 -1.5
			vertex -0.9510050415992737 2.25 -1.5989949479699135
		endloop
	endfacet
	facet normal 0.9208763664349131 0.08056603983079831 -0.3814391576223057
		outer loop
			vertex -0.9510050415992737 2.25 -1.5989949479699135
			vertex -0.9100000262260437 2.25 -1.5
			vertex -0.9365571737289429 2.084859699010849 -1.5989949479699135
		endloop
	endfacet
	facet normal 0.9208760223229726 0.08056653098795945 -0.38143988464132367
		outer loop
			vertex -0.9100000262260437 2.25 -1.5
			vertex -0.8961750268936157 2.0919801592826843 -1.5
			vertex -0.9365571737289429 2.084859699010849 -1.5989949479699135
		endloop
	endfacet
	facet normal 0.8928956749757639 0.23925078871118544 -0.38143986906280614
		outer loop
			vertex -0.9365571737289429 2.084859699010849 -1.5989949479699135
			vertex -0.8961750268936157 2.0919801592826843 -1.5
			vertex -0.8936524391174316 1.924737125635147 -1.5989949479699135
		endloop
	endfacet
	facet normal 0.8928959568169573 0.23925050702388748 -0.38143938599565597
		outer loop
			vertex -0.8961750268936157 2.0919801592826843 -1.5
			vertex -0.8551203012466431 1.938761681318283 -1.5
			vertex -0.8936524391174316 1.924737125635147 -1.5989949479699135
		endloop
	endfacet
	facet normal 0.8377852779244543 0.3906658631331516 -0.38143939423645584
		outer loop
			vertex -0.8936524391174316 1.924737125635147 -1.5989949479699135
			vertex -0.8551203012466431 1.938761681318283 -1.5
			vertex -0.8235945105552673 1.7744974792003632 -1.5989949479699135
		endloop
	endfacet
	facet normal 0.8377854950035097 0.39066571122104016 -0.38143907303510877
		outer loop
			vertex -0.8551203012466431 1.938761681318283 -1.5
			vertex -0.7880831360816956 1.7949999868869781 -1.5
			vertex -0.8235945105552673 1.7744974792003632 -1.5989949479699135
		endloop
	endfacet
	facet normal 0.7572192266520804 0.5302105889395407 -0.38143908316376124
		outer loop
			vertex -0.8235945105552673 1.7744974792003632 -1.5989949479699135
			vertex -0.7880831360816956 1.7949999868869781 -1.5
			vertex -0.7285121083259583 1.6387057304382324 -1.5989949479699135
		endloop
	endfacet
	facet normal 0.7572192016685076 0.530210600581277 -0.38143911657792734
		outer loop
			vertex -0.7880831360816956 1.7949999868869781 -1.5
			vertex -0.6971004605293274 1.6650632619857788 -1.5
			vertex -0.7285121083259583 1.6387057304382324 -1.5989949479699135
		endloop
	endfacet
	facet normal 0.6536452311987222 0.6536452311987222 -0.3814391477842016
		outer loop
			vertex -0.7285121083259583 1.6387057304382324 -1.5989949479699135
			vertex -0.6971004605293274 1.6650632619857788 -1.5
			vertex -0.6112942695617676 1.5214878916740417 -1.5989949479699135
		endloop
	endfacet
	facet normal 0.6536452311987222 0.6536452311987222 -0.3814391477842016
		outer loop
			vertex -0.6971004605293274 1.6650632619857788 -1.5
			vertex -0.5849367380142212 1.5528995394706726 -1.5
			vertex -0.6112942695617676 1.5214878916740417 -1.5989949479699135
		endloop
	endfacet
	facet normal 0.530210581205369 0.7572192156065384 -0.3814391158416818
		outer loop
			vertex -0.6112942695617676 1.5214878916740417 -1.5989949479699135
			vertex -0.5849367380142212 1.5528995394706726 -1.5
			vertex -0.47550252079963684 1.4264054894447327 -1.5989949479699135
		endloop
	endfacet
	facet normal 0.530210608663955 0.757219213211768 -0.3814390824275215
		outer loop
			vertex -0.5849367380142212 1.5528995394706726 -1.5
			vertex -0.45500001311302185 1.4619168639183044 -1.5
			vertex -0.47550252079963684 1.4264054894447327 -1.5989949479699135
		endloop
	endfacet
	facet normal 0.39066591791263083 0.8377853953993748 -0.38143908011240113
		outer loop
			vertex -0.47550252079963684 1.4264054894447327 -1.5989949479699135
			vertex -0.45500001311302185 1.4619168639183044 -1.5
			vertex -0.3252628743648529 1.3563475608825684 -1.5989949479699135
		endloop
	endfacet
	facet normal 0.39066565397320246 0.8377853722351002 -0.3814394013137408
		outer loop
			vertex -0.45500001311302185 1.4619168639183044 -1.5
			vertex -0.3112383186817169 1.394879698753357 -1.5
			vertex -0.3252628743648529 1.3563475608825684 -1.5989949479699135
		endloop
	endfacet
	facet normal 0.23925083916529633 0.8928958632729798 -0.3814393966394945
		outer loop
			vertex -0.3252628743648529 1.3563475608825684 -1.5989949479699135
			vertex -0.3112383186817169 1.394879698753357 -1.5
			vertex -0.165140300989151 1.3134428262710571 -1.5989949479699135
		endloop
	endfacet
	facet normal 0.23925045429635922 0.8928957600349426 -0.38143987970662974
		outer loop
			vertex -0.3112383186817169 1.394879698753357 -1.5
			vertex -0.15801984071731567 1.3538249731063843 -1.5
			vertex -0.165140300989151 1.3134428262710571 -1.5989949479699135
		endloop
	endfacet
	facet normal 0.08056601426065343 0.9208760741660832 -0.38143986862232293
		outer loop
			vertex -0.165140300989151 1.3134428262710571 -1.5989949479699135
			vertex -0.15801984071731567 1.3538249731063843 -1.5
			vertex -1.746967998973858e-16 1.2989949584007263 -1.5989949479699135
		endloop
	endfacet
	facet normal 0.08056655771047946 0.9208763277615656 -0.3814391416032942
		outer loop
			vertex -0.15801984071731567 1.3538249731063843 -1.5
			vertex -1.6716428148124112e-16 1.3399999737739563 -1.5
			vertex -1.746967998973858e-16 1.2989949584007263 -1.5989949479699135
		endloop
	endfacet
	facet normal -0.08056603983079823 0.920876366434913 -0.3814391576223056
		outer loop
			vertex -1.746967998973858e-16 1.2989949584007263 -1.5989949479699135
			vertex -1.6716428148124112e-16 1.3399999737739563 -1.5
			vertex 0.165140300989151 1.3134428262710571 -1.5989949479699135
		endloop
	endfacet
	facet normal -0.08056653098795935 0.9208760223229726 -0.3814398846413236
		outer loop
			vertex -1.6716428148124112e-16 1.3399999737739563 -1.5
			vertex 0.15801984071731567 1.3538249731063843 -1.5
			vertex 0.165140300989151 1.3134428262710571 -1.5989949479699135
		endloop
	endfacet
	facet normal -0.23925078871118544 0.8928956749757639 -0.38143986906280614
		outer loop
			vertex 0.165140300989151 1.3134428262710571 -1.5989949479699135
			vertex 0.15801984071731567 1.3538249731063843 -1.5
			vertex 0.3252628743648529 1.3563475608825684 -1.5989949479699135
		endloop
	endfacet
	facet normal -0.23925050702388748 0.8928959568169573 -0.38143938599565597
		outer loop
			vertex 0.15801984071731567 1.3538249731063843 -1.5
			vertex 0.3112383186817169 1.394879698753357 -1.5
			vertex 0.3252628743648529 1.3563475608825684 -1.5989949479699135
		endloop
	endfacet
	facet normal -0.3906658631331516 0.8377852779244543 -0.38143939423645584
		outer loop
			vertex 0.3252628743648529 1.3563475608825684 -1.5989949479699135
			vertex 0.3112383186817169 1.394879698753357 -1.5
			vertex 0.47550252079963684 1.4264054894447327 -1.5989949479699135
		endloop
	endfacet
	facet normal -0.39066571122104016 0.8377854950035097 -0.38143907303510877
		outer loop
			vertex 0.3112383186817169 1.394879698753357 -1.5
			vertex 0.45500001311302185 1.4619168639183044 -1.5
			vertex 0.47550252079963684 1.4264054894447327 -1.5989949479699135
		endloop
	endfacet
	facet normal -0.5302105889395407 0.7572192266520804 -0.38143908316376124
		outer loop
			vertex 0.47550252079963684 1.4264054894447327 -1.5989949479699135
			vertex 0.45500001311302185 1.4619168639183044 -1.5
			vertex 0.6112942695617676 1.5214878916740417 -1.5989949479699135
		endloop
	endfacet
	facet normal -0.530210600581277 0.7572192016685076 -0.38143911657792734
		outer loop
			vertex 0.45500001311302185 1.4619168639183044 -1.5
			vertex 0.5849367380142212 1.5528995394706726 -1.5
			vertex 0.6112942695617676 1.5214878916740417 -1.5989949479699135
		endloop
	endfacet
	facet normal -0.6536452311987222 0.6536452311987222 -0.3814391477842016
		outer loop
			vertex 0.6112942695617676 1.5214878916740417 -1.5989949479699135
			vertex 0.5849367380142212 1.5528995394706726 -1.5
			vertex 0.7285121083259583 1.6387057304382324 -1.5989949479699135
		endloop
	endfacet
	facet normal -0.6536452311987222 0.6536452311987222 -0.3814391477842016
		outer loop
			vertex 0.5849367380142212 1.5528995394706726 -1.5
			vertex 0.6971004605293274 1.6650632619857788 -1.5
			vertex 0.7285121083259583 1.6387057304382324 -1.5989949479699135
		endloop
	endfacet
	facet normal -0.7572192156065384 0.530210581205369 -0.3814391158416818
		outer loop
			vertex 0.7285121083259583 1.6387057304382324 -1.5989949479699135
			vertex 0.6971004605293274 1.6650632619857788 -1.5
			vertex 0.8235945105552673 1.7744974792003632 -1.5989949479699135
		endloop
	endfacet
	facet normal -0.757219213211768 0.530210608663955 -0.3814390824275215
		outer loop
			vertex 0.6971004605293274 1.6650632619857788 -1.5
			vertex 0.7880831360816956 1.7949999868869781 -1.5
			vertex 0.8235945105552673 1.7744974792003632 -1.5989949479699135
		endloop
	endfacet
	facet normal -0.8377853953993748 0.39066591791263083 -0.38143908011240113
		outer loop
			vertex 0.8235945105552673 1.7744974792003632 -1.5989949479699135
			vertex 0.7880831360816956 1.7949999868869781 -1.5
			vertex 0.8936524391174316 1.924737125635147 -1.5989949479699135
		endloop
	endfacet
	facet normal -0.8377853722351002 0.39066565397320246 -0.3814394013137408
		outer loop
			vertex 0.7880831360816956 1.7949999868869781 -1.5
			vertex 0.8551203012466431 1.938761681318283 -1.5
			vertex 0.8936524391174316 1.924737125635147 -1.5989949479699135
		endloop
	endfacet
	facet normal -0.8928958632729798 0.23925083916529633 -0.3814393966394945
		outer loop
			vertex 0.8936524391174316 1.924737125635147 -1.5989949479699135
			vertex 0.8551203012466431 1.938761681318283 -1.5
			vertex 0.9365571737289429 2.084859699010849 -1.5989949479699135
		endloop
	endfacet
	facet normal -0.8928957600349426 0.23925045429635922 -0.38143987970662974
		outer loop
			vertex 0.8551203012466431 1.938761681318283 -1.5
			vertex 0.8961750268936157 2.0919801592826843 -1.5
			vertex 0.9365571737289429 2.084859699010849 -1.5989949479699135
		endloop
	endfacet
	facet normal -0.9208760741660831 0.08056601426065356 -0.3814398686223228
		outer loop
			vertex 0.9365571737289429 2.084859699010849 -1.5989949479699135
			vertex 0.8961750268936157 2.0919801592826843 -1.5
			vertex 0.9510050415992737 2.2499999999999996 -1.5989949479699135
		endloop
	endfacet
	facet normal -0.9208763277615655 0.0805665577104796 -0.3814391416032941
		outer loop
			vertex 0.8961750268936157 2.0919801592826843 -1.5
			vertex 0.9100000262260437 2.2499999999999996 -1.5
			vertex 0.9510050415992737 2.2499999999999996 -1.5989949479699135
		endloop
	endfacet
	facet normal -0.38246927570897704 -0.03346150073431379 -0.9233621072511359
		outer loop
			vertex 1.0499999523162842 2.25 -1.6400000005960464
			vertex 0.9510050415992737 2.25 -1.5989949479699135
			vertex 1.0340481996536255 2.4323305934667587 -1.6400000005960464
		endloop
	endfacet
	facet normal -0.38246905275358867 -0.0334616220606105 -0.9233621952055681
		outer loop
			vertex 0.9510050415992737 2.25 -1.5989949479699135
			vertex 0.9365571737289429 2.415140300989151 -1.5989949479699135
			vertex 1.0340481996536255 2.4323305934667587 -1.6400000005960464
		endloop
	endfacet
	facet normal -0.3708478819806551 -0.09936856890474625 -0.9233621910952846
		outer loop
			vertex 1.0340481996536255 2.4323305934667587 -1.6400000005960464
			vertex 0.9365571737289429 2.415140300989151 -1.5989949479699135
			vertex 0.9866772294044495 2.6091211438179016 -1.6400000005960464
		endloop
	endfacet
	facet normal -0.3708480993468735 -0.09936849594796374 -0.9233621116462659
		outer loop
			vertex 0.9365571737289429 2.415140300989151 -1.5989949479699135
			vertex 0.8936524391174316 2.575262874364853 -1.5989949479699135
			vertex 0.9866772294044495 2.6091211438179016 -1.6400000005960464
		endloop
	endfacet
	facet normal -0.3479589490523064 -0.16225589540612054 -0.9233621143302191
		outer loop
			vertex 0.9866772294044495 2.6091211438179016 -1.6400000005960464
			vertex 0.8936524391174316 2.575262874364853 -1.5989949479699135
			vertex 0.9093266725540161 2.774999976158142 -1.6400000005960464
		endloop
	endfacet
	facet normal -0.3479587889164564 -0.1622559194923825 -0.9233621704431444
		outer loop
			vertex 0.8936524391174316 2.575262874364853 -1.5989949479699135
			vertex 0.8235945105552673 2.725502520799637 -1.5989949479699135
			vertex 0.9093266725540161 2.774999976158142 -1.6400000005960464
		endloop
	endfacet
	facet normal -0.31449715557241975 -0.22021319994583152 -0.923362163891544
		outer loop
			vertex 0.9093266725540161 2.774999976158142 -1.6400000005960464
			vertex 0.8235945105552673 2.725502520799637 -1.5989949479699135
			vertex 0.8043466806411743 2.924926996231079 -1.6400000005960464
		endloop
	endfacet
	facet normal -0.31449705164965797 -0.2202131973222211 -0.9233621999133369
		outer loop
			vertex 0.8235945105552673 2.725502520799637 -1.5989949479699135
			vertex 0.7285121083259583 2.8612942695617676 -1.5989949479699135
			vertex 0.8043466806411743 2.924926996231079 -1.6400000005960464
		endloop
	endfacet
	facet normal -0.2714795197229272 -0.2714795197229272 -0.9233621936932536
		outer loop
			vertex 0.8043466806411743 2.924926996231079 -1.6400000005960464
			vertex 0.7285121083259583 2.8612942695617676 -1.5989949479699135
			vertex 0.6749269962310791 3.0543466806411743 -1.6400000005960464
		endloop
	endfacet
	facet normal -0.2714795197229272 -0.2714795197229272 -0.9233621936932536
		outer loop
			vertex 0.7285121083259583 2.8612942695617676 -1.5989949479699135
			vertex 0.6112942695617676 2.9785121083259583 -1.5989949479699135
			vertex 0.6749269962310791 3.0543466806411743 -1.6400000005960464
		endloop
	endfacet
	facet normal -0.2202131527133048 -0.31449708811735666 -0.9233621981312481
		outer loop
			vertex 0.6749269962310791 3.0543466806411743 -1.6400000005960464
			vertex 0.6112942695617676 2.9785121083259583 -1.5989949479699135
			vertex 0.5249999761581421 3.159326672554016 -1.6400000005960464
		endloop
	endfacet
	facet normal -0.22021324947143348 -0.3144971261264547 -0.9233621621094472
		outer loop
			vertex 0.6112942695617676 2.9785121083259583 -1.5989949479699135
			vertex 0.47550252079963684 3.0735945105552673 -1.5989949479699135
			vertex 0.5249999761581421 3.159326672554016 -1.6400000005960464
		endloop
	endfacet
	facet normal -0.16225584119408842 -0.34795883279420875 -0.9233621676671027
		outer loop
			vertex 0.5249999761581421 3.159326672554016 -1.6400000005960464
			vertex 0.47550252079963684 3.0735945105552673 -1.5989949479699135
			vertex 0.3591211438179016 3.2366772294044495 -1.6400000005960464
		endloop
	endfacet
	facet normal -0.16225597934763586 -0.34795891727640493 -0.9233621115541679
		outer loop
			vertex 0.47550252079963684 3.0735945105552673 -1.5989949479699135
			vertex 0.3252628743648529 3.1436524391174316 -1.5989949479699135
			vertex 0.3591211438179016 3.2366772294044495 -1.6400000005960464
		endloop
	endfacet
	facet normal -0.09936861591255906 -0.3708480574158859 -0.9233621155768122
		outer loop
			vertex 0.3591211438179016 3.2366772294044495 -1.6400000005960464
			vertex 0.3252628743648529 3.1436524391174316 -1.5989949479699135
			vertex 0.18233059346675873 3.2840481996536255 -1.6400000005960464
		endloop
	endfacet
	facet normal -0.09936844404692681 -0.37084790564965875 -0.9233621950258495
		outer loop
			vertex 0.3252628743648529 3.1436524391174316 -1.5989949479699135
			vertex 0.165140300989151 3.186557173728943 -1.5989949479699135
			vertex 0.18233059346675873 3.2840481996536255 -1.6400000005960464
		endloop
	endfacet
	facet normal -0.033461483210231804 -0.3824690754064562 -0.9233621908542183
		outer loop
			vertex 0.18233059346675873 3.2840481996536255 -1.6400000005960464
			vertex 0.165140300989151 3.186557173728943 -1.5989949479699135
			vertex 6.429395645199886e-17 3.299999952316284 -1.6400000005960464
		endloop
	endfacet
	facet normal -0.03346164140894339 -0.38246927390660196 -0.9233621028998192
		outer loop
			vertex 0.165140300989151 3.186557173728943 -1.5989949479699135
			vertex 5.823226442664697e-17 3.2010050415992737 -1.5989949479699135
			vertex 6.429395645199886e-17 3.299999952316284 -1.6400000005960464
		endloop
	endfacet
	facet normal 0.03346150073431378 -0.38246927570897715 -0.923362107251136
		outer loop
			vertex 6.429395645199886e-17 3.299999952316284 -1.6400000005960464
			vertex 5.823226442664697e-17 3.2010050415992737 -1.5989949479699135
			vertex -0.18233059346675873 3.2840481996536255 -1.6400000005960464
		endloop
	endfacet
	facet normal 0.033461622060610485 -0.38246905275358867 -0.9233621952055682
		outer loop
			vertex 5.823226442664697e-17 3.2010050415992737 -1.5989949479699135
			vertex -0.165140300989151 3.186557173728943 -1.5989949479699135
			vertex -0.18233059346675873 3.2840481996536255 -1.6400000005960464
		endloop
	endfacet
	facet normal 0.09936856890474625 -0.3708478819806551 -0.9233621910952846
		outer loop
			vertex -0.18233059346675873 3.2840481996536255 -1.6400000005960464
			vertex -0.165140300989151 3.186557173728943 -1.5989949479699135
			vertex -0.3591211438179016 3.2366772294044495 -1.6400000005960464
		endloop
	endfacet
	facet normal 0.09936849594796374 -0.3708480993468735 -0.9233621116462659
		outer loop
			vertex -0.165140300989151 3.186557173728943 -1.5989949479699135
			vertex -0.3252628743648529 3.1436524391174316 -1.5989949479699135
			vertex -0.3591211438179016 3.2366772294044495 -1.6400000005960464
		endloop
	endfacet
	facet normal 0.16225589540612054 -0.3479589490523064 -0.9233621143302191
		outer loop
			vertex -0.3591211438179016 3.2366772294044495 -1.6400000005960464
			vertex -0.3252628743648529 3.1436524391174316 -1.5989949479699135
			vertex -0.5249999761581421 3.159326672554016 -1.6400000005960464
		endloop
	endfacet
	facet normal 0.1622559194923825 -0.3479587889164564 -0.9233621704431444
		outer loop
			vertex -0.3252628743648529 3.1436524391174316 -1.5989949479699135
			vertex -0.47550252079963684 3.0735945105552673 -1.5989949479699135
			vertex -0.5249999761581421 3.159326672554016 -1.6400000005960464
		endloop
	endfacet
	facet normal 0.22021319994583152 -0.31449715557241975 -0.923362163891544
		outer loop
			vertex -0.5249999761581421 3.159326672554016 -1.6400000005960464
			vertex -0.47550252079963684 3.0735945105552673 -1.5989949479699135
			vertex -0.6749269962310791 3.0543466806411743 -1.6400000005960464
		endloop
	endfacet
	facet normal 0.2202131973222211 -0.31449705164965797 -0.9233621999133369
		outer loop
			vertex -0.47550252079963684 3.0735945105552673 -1.5989949479699135
			vertex -0.6112942695617676 2.9785121083259583 -1.5989949479699135
			vertex -0.6749269962310791 3.0543466806411743 -1.6400000005960464
		endloop
	endfacet
	facet normal 0.2714795197229272 -0.2714795197229272 -0.9233621936932536
		outer loop
			vertex -0.6749269962310791 3.0543466806411743 -1.6400000005960464
			vertex -0.6112942695617676 2.9785121083259583 -1.5989949479699135
			vertex -0.8043466806411743 2.924926996231079 -1.6400000005960464
		endloop
	endfacet
	facet normal 0.2714795197229272 -0.2714795197229272 -0.9233621936932536
		outer loop
			vertex -0.6112942695617676 2.9785121083259583 -1.5989949479699135
			vertex -0.7285121083259583 2.8612942695617676 -1.5989949479699135
			vertex -0.8043466806411743 2.924926996231079 -1.6400000005960464
		endloop
	endfacet
	facet normal 0.31449708811735666 -0.2202131527133048 -0.9233621981312481
		outer loop
			vertex -0.8043466806411743 2.924926996231079 -1.6400000005960464
			vertex -0.7285121083259583 2.8612942695617676 -1.5989949479699135
			vertex -0.9093266725540161 2.774999976158142 -1.6400000005960464
		endloop
	endfacet
	facet normal 0.3144971261264547 -0.22021324947143348 -0.9233621621094472
		outer loop
			vertex -0.7285121083259583 2.8612942695617676 -1.5989949479699135
			vertex -0.8235945105552673 2.725502520799637 -1.5989949479699135
			vertex -0.9093266725540161 2.774999976158142 -1.6400000005960464
		endloop
	endfacet
	facet normal 0.34795883279420875 -0.16225584119408842 -0.9233621676671027
		outer loop
			vertex -0.9093266725540161 2.774999976158142 -1.6400000005960464
			vertex -0.8235945105552673 2.725502520799637 -1.5989949479699135
			vertex -0.9866772294044495 2.6091211438179016 -1.6400000005960464
		endloop
	endfacet
	facet normal 0.34795891727640493 -0.16225597934763586 -0.9233621115541679
		outer loop
			vertex -0.8235945105552673 2.725502520799637 -1.5989949479699135
			vertex -0.8936524391174316 2.575262874364853 -1.5989949479699135
			vertex -0.9866772294044495 2.6091211438179016 -1.6400000005960464
		endloop
	endfacet
	facet normal 0.3708480574158859 -0.09936861591255906 -0.9233621155768122
		outer loop
			vertex -0.9866772294044495 2.6091211438179016 -1.6400000005960464
			vertex -0.8936524391174316 2.575262874364853 -1.5989949479699135
			vertex -1.0340481996536255 2.4323305934667587 -1.6400000005960464
		endloop
	endfacet
	facet normal 0.37084790564965875 -0.09936844404692681 -0.9233621950258495
		outer loop
			vertex -0.8936524391174316 2.575262874364853 -1.5989949479699135
			vertex -0.9365571737289429 2.415140300989151 -1.5989949479699135
			vertex -1.0340481996536255 2.4323305934667587 -1.6400000005960464
		endloop
	endfacet
	facet normal 0.38246907540645614 -0.03346148321023179 -0.9233621908542183
		outer loop
			vertex -1.0340481996536255 2.4323305934667587 -1.6400000005960464
			vertex -0.9365571737289429 2.415140300989151 -1.5989949479699135
			vertex -1.0499999523162842 2.25 -1.6400000005960464
		endloop
	endfacet
	facet normal 0.38246927390660185 -0.03346164140894337 -0.9233621028998191
		outer loop
			vertex -0.9365571737289429 2.415140300989151 -1.5989949479699135
			vertex -0.9510050415992737 2.25 -1.5989949479699135
			vertex -1.0499999523162842 2.25 -1.6400000005960464
		endloop
	endfacet
	facet normal 0.38246927570897704 0.03346150073431379 -0.9233621072511359
		outer loop
			vertex -1.0499999523162842 2.25 -1.6400000005960464
			vertex -0.9510050415992737 2.25 -1.5989949479699135
			vertex -1.0340481996536255 2.0676694065332413 -1.6400000005960464
		endloop
	endfacet
	facet normal 0.38246905275358867 0.0334616220606105 -0.9233621952055681
		outer loop
			vertex -0.9510050415992737 2.25 -1.5989949479699135
			vertex -0.9365571737289429 2.084859699010849 -1.5989949479699135
			vertex -1.0340481996536255 2.0676694065332413 -1.6400000005960464
		endloop
	endfacet
	facet normal 0.3708478819806551 0.09936856890474625 -0.9233621910952846
		outer loop
			vertex -1.0340481996536255 2.0676694065332413 -1.6400000005960464
			vertex -0.9365571737289429 2.084859699010849 -1.5989949479699135
			vertex -0.9866772294044495 1.8908788561820984 -1.6400000005960464
		endloop
	endfacet
	facet normal 0.3708480993468735 0.09936849594796374 -0.9233621116462659
		outer loop
			vertex -0.9365571737289429 2.084859699010849 -1.5989949479699135
			vertex -0.8936524391174316 1.924737125635147 -1.5989949479699135
			vertex -0.9866772294044495 1.8908788561820984 -1.6400000005960464
		endloop
	endfacet
	facet normal 0.3479589490523064 0.16225589540612054 -0.9233621143302191
		outer loop
			vertex -0.9866772294044495 1.8908788561820984 -1.6400000005960464
			vertex -0.8936524391174316 1.924737125635147 -1.5989949479699135
			vertex -0.9093266725540161 1.725000023841858 -1.6400000005960464
		endloop
	endfacet
	facet normal 0.3479587889164564 0.1622559194923825 -0.9233621704431444
		outer loop
			vertex -0.8936524391174316 1.924737125635147 -1.5989949479699135
			vertex -0.8235945105552673 1.7744974792003632 -1.5989949479699135
			vertex -0.9093266725540161 1.725000023841858 -1.6400000005960464
		endloop
	endfacet
	facet normal 0.31449715557241975 0.22021319994583152 -0.923362163891544
		outer loop
			vertex -0.9093266725540161 1.725000023841858 -1.6400000005960464
			vertex -0.8235945105552673 1.7744974792003632 -1.5989949479699135
			vertex -0.8043466806411743 1.575073003768921 -1.6400000005960464
		endloop
	endfacet
	facet normal 0.31449705164965797 0.2202131973222211 -0.9233621999133369
		outer loop
			vertex -0.8235945105552673 1.7744974792003632 -1.5989949479699135
			vertex -0.7285121083259583 1.6387057304382324 -1.5989949479699135
			vertex -0.8043466806411743 1.575073003768921 -1.6400000005960464
		endloop
	endfacet
	facet normal 0.2714795197229272 0.2714795197229272 -0.9233621936932536
		outer loop
			vertex -0.8043466806411743 1.575073003768921 -1.6400000005960464
			vertex -0.7285121083259583 1.6387057304382324 -1.5989949479699135
			vertex -0.6749269962310791 1.4456533193588257 -1.6400000005960464
		endloop
	endfacet
	facet normal 0.2714795197229272 0.2714795197229272 -0.9233621936932536
		outer loop
			vertex -0.7285121083259583 1.6387057304382324 -1.5989949479699135
			vertex -0.6112942695617676 1.5214878916740417 -1.5989949479699135
			vertex -0.6749269962310791 1.4456533193588257 -1.6400000005960464
		endloop
	endfacet
	facet normal 0.2202131527133048 0.31449708811735666 -0.9233621981312481
		outer loop
			vertex -0.6749269962310791 1.4456533193588257 -1.6400000005960464
			vertex -0.6112942695617676 1.5214878916740417 -1.5989949479699135
			vertex -0.5249999761581421 1.3406733274459839 -1.6400000005960464
		endloop
	endfacet
	facet normal 0.22021324947143348 0.3144971261264547 -0.9233621621094472
		outer loop
			vertex -0.6112942695617676 1.5214878916740417 -1.5989949479699135
			vertex -0.47550252079963684 1.4264054894447327 -1.5989949479699135
			vertex -0.5249999761581421 1.3406733274459839 -1.6400000005960464
		endloop
	endfacet
	facet normal 0.16225584119408842 0.34795883279420875 -0.9233621676671027
		outer loop
			vertex -0.5249999761581421 1.3406733274459839 -1.6400000005960464
			vertex -0.47550252079963684 1.4264054894447327 -1.5989949479699135
			vertex -0.3591211438179016 1.2633227705955505 -1.6400000005960464
		endloop
	endfacet
	facet normal 0.16225597934763586 0.34795891727640493 -0.9233621115541679
		outer loop
			vertex -0.47550252079963684 1.4264054894447327 -1.5989949479699135
			vertex -0.3252628743648529 1.3563475608825684 -1.5989949479699135
			vertex -0.3591211438179016 1.2633227705955505 -1.6400000005960464
		endloop
	endfacet
	facet normal 0.09936861591255906 0.3708480574158859 -0.9233621155768122
		outer loop
			vertex -0.3591211438179016 1.2633227705955505 -1.6400000005960464
			vertex -0.3252628743648529 1.3563475608825684 -1.5989949479699135
			vertex -0.18233059346675873 1.2159518003463745 -1.6400000005960464
		endloop
	endfacet
	facet normal 0.09936844404692681 0.37084790564965875 -0.9233621950258495
		outer loop
			vertex -0.3252628743648529 1.3563475608825684 -1.5989949479699135
			vertex -0.165140300989151 1.3134428262710571 -1.5989949479699135
			vertex -0.18233059346675873 1.2159518003463745 -1.6400000005960464
		endloop
	endfacet
	facet normal 0.03346148321023182 0.38246907540645614 -0.9233621908542183
		outer loop
			vertex -0.18233059346675873 1.2159518003463745 -1.6400000005960464
			vertex -0.165140300989151 1.3134428262710571 -1.5989949479699135
			vertex -1.9288186935599659e-16 1.2000000476837158 -1.6400000005960464
		endloop
	endfacet
	facet normal 0.033461641408943414 0.38246927390660196 -0.9233621028998192
		outer loop
			vertex -0.165140300989151 1.3134428262710571 -1.5989949479699135
			vertex -1.746967998973858e-16 1.2989949584007263 -1.5989949479699135
			vertex -1.9288186935599659e-16 1.2000000476837158 -1.6400000005960464
		endloop
	endfacet
	facet normal -0.03346150073431376 0.38246927570897715 -0.9233621072511359
		outer loop
			vertex -1.9288186935599659e-16 1.2000000476837158 -1.6400000005960464
			vertex -1.746967998973858e-16 1.2989949584007263 -1.5989949479699135
			vertex 0.18233059346675873 1.2159518003463745 -1.6400000005960464
		endloop
	endfacet
	facet normal -0.033461622060610464 0.38246905275358867 -0.9233621952055682
		outer loop
			vertex -1.746967998973858e-16 1.2989949584007263 -1.5989949479699135
			vertex 0.165140300989151 1.3134428262710571 -1.5989949479699135
			vertex 0.18233059346675873 1.2159518003463745 -1.6400000005960464
		endloop
	endfacet
	facet normal -0.09936856890474625 0.3708478819806551 -0.9233621910952846
		outer loop
			vertex 0.18233059346675873 1.2159518003463745 -1.6400000005960464
			vertex 0.165140300989151 1.3134428262710571 -1.5989949479699135
			vertex 0.3591211438179016 1.2633227705955505 -1.6400000005960464
		endloop
	endfacet
	facet normal -0.09936849594796374 0.3708480993468735 -0.9233621116462659
		outer loop
			vertex 0.165140300989151 1.3134428262710571 -1.5989949479699135
			vertex 0.3252628743648529 1.3563475608825684 -1.5989949479699135
			vertex 0.3591211438179016 1.2633227705955505 -1.6400000005960464
		endloop
	endfacet
	facet normal -0.16225589540612054 0.3479589490523064 -0.9233621143302191
		outer loop
			vertex 0.3591211438179016 1.2633227705955505 -1.6400000005960464
			vertex 0.3252628743648529 1.3563475608825684 -1.5989949479699135
			vertex 0.5249999761581421 1.3406733274459839 -1.6400000005960464
		endloop
	endfacet
	facet normal -0.1622559194923825 0.3479587889164564 -0.9233621704431444
		outer loop
			vertex 0.3252628743648529 1.3563475608825684 -1.5989949479699135
			vertex 0.47550252079963684 1.4264054894447327 -1.5989949479699135
			vertex 0.5249999761581421 1.3406733274459839 -1.6400000005960464
		endloop
	endfacet
	facet normal -0.22021319994583152 0.31449715557241975 -0.923362163891544
		outer loop
			vertex 0.5249999761581421 1.3406733274459839 -1.6400000005960464
			vertex 0.47550252079963684 1.4264054894447327 -1.5989949479699135
			vertex 0.6749269962310791 1.4456533193588257 -1.6400000005960464
		endloop
	endfacet
	facet normal -0.2202131973222211 0.31449705164965797 -0.9233621999133369
		outer loop
			vertex 0.47550252079963684 1.4264054894447327 -1.5989949479699135
			vertex 0.6112942695617676 1.5214878916740417 -1.5989949479699135
			vertex 0.6749269962310791 1.4456533193588257 -1.6400000005960464
		endloop
	endfacet
	facet normal -0.2714795197229272 0.2714795197229272 -0.9233621936932536
		outer loop
			vertex 0.6749269962310791 1.4456533193588257 -1.6400000005960464
			vertex 0.6112942695617676 1.5214878916740417 -1.5989949479699135
			vertex 0.8043466806411743 1.575073003768921 -1.6400000005960464
		endloop
	endfacet
	facet normal -0.2714795197229272 0.2714795197229272 -0.9233621936932536
		outer loop
			vertex 0.6112942695617676 1.5214878916740417 -1.5989949479699135
			vertex 0.7285121083259583 1.6387057304382324 -1.5989949479699135
			vertex 0.8043466806411743 1.575073003768921 -1.6400000005960464
		endloop
	endfacet
	facet normal -0.31449708811735666 0.2202131527133048 -0.9233621981312481
		outer loop
			vertex 0.8043466806411743 1.575073003768921 -1.6400000005960464
			vertex 0.7285121083259583 1.6387057304382324 -1.5989949479699135
			vertex 0.9093266725540161 1.725000023841858 -1.6400000005960464
		endloop
	endfacet
	facet normal -0.3144971261264547 0.22021324947143348 -0.9233621621094472
		outer loop
			vertex 0.7285121083259583 1.6387057304382324 -1.5989949479699135
			vertex 0.8235945105552673 1.7744974792003632 -1.5989949479699135
			vertex 0.9093266725540161 1.725000023841858 -1.6400000005960464
		endloop
	endfacet
	facet normal -0.34795883279420875 0.16225584119408842 -0.9233621676671027
		outer loop
			vertex 0.9093266725540161 1.725000023841858 -1.6400000005960464
			vertex 0.8235945105552673 1.7744974792003632 -1.5989949479699135
			vertex 0.9866772294044495 1.8908788561820984 -1.6400000005960464
		endloop
	endfacet
	facet normal -0.34795891727640493 0.16225597934763586 -0.9233621115541679
		outer loop
			vertex 0.8235945105552673 1.7744974792003632 -1.5989949479699135
			vertex 0.8936524391174316 1.924737125635147 -1.5989949479699135
			vertex 0.9866772294044495 1.8908788561820984 -1.6400000005960464
		endloop
	endfacet
	facet normal -0.3708480574158859 0.09936861591255906 -0.9233621155768122
		outer loop
			vertex 0.9866772294044495 1.8908788561820984 -1.6400000005960464
			vertex 0.8936524391174316 1.924737125635147 -1.5989949479699135
			vertex 1.0340481996536255 2.0676694065332413 -1.6400000005960464
		endloop
	endfacet
	facet normal -0.37084790564965875 0.09936844404692681 -0.9233621950258495
		outer loop
			vertex 0.8936524391174316 1.924737125635147 -1.5989949479699135
			vertex 0.9365571737289429 2.084859699010849 -1.5989949479699135
			vertex 1.0340481996536255 2.0676694065332413 -1.6400000005960464
		endloop
	endfacet
	facet normal -0.38246907540645614 0.03346148321023187 -0.9233621908542183
		outer loop
			vertex 1.0340481996536255 2.0676694065332413 -1.6400000005960464
			vertex 0.9365571737289429 2.084859699010849 -1.5989949479699135
			vertex 1.0499999523162842 2.2499999999999996 -1.6400000005960464
		endloop
	endfacet
	facet normal -0.3824692739066019 0.03346164140894346 -0.9233621028998191
		outer loop
			vertex 0.9365571737289429 2.084859699010849 -1.5989949479699135
			vertex 0.9510050415992737 2.2499999999999996 -1.5989949479699135
			vertex 1.0499999523162842 2.2499999999999996 -1.6400000005960464
		endloop
	endfacet
	facet normal 0.38246907647442857 0.03346170951417625 -0.923362182210852
		outer loop
			vertex 1.1489949226379395 2.25 -1.5989949479699135
			vertex 1.0499999523162842 2.25 -1.6400000005960464
			vertex 1.1315391063690186 2.4495208859443665 -1.5989949479699135
		endloop
	endfacet
	facet normal 0.38246946808563387 0.03346151756497719 -0.9233620269561345
		outer loop
			vertex 1.0499999523162842 2.25 -1.6400000005960464
			vertex 1.0340481996536255 2.4323305934667587 -1.6400000005960464
			vertex 1.1315391063690186 2.4495208859443665 -1.5989949479699135
		endloop
	endfacet
	facet normal 0.37084827279445 0.09936855369840543 -0.9233620357699683
		outer loop
			vertex 1.1315391063690186 2.4495208859443665 -1.5989949479699135
			vertex 1.0340481996536255 2.4323305934667587 -1.6400000005960464
			vertex 1.0797020196914673 2.6429794132709503 -1.5989949479699135
		endloop
	endfacet
	facet normal 0.3708480574158859 0.09936861591255906 -0.9233621155768122
		outer loop
			vertex 1.0340481996536255 2.4323305934667587 -1.6400000005960464
			vertex 0.9866772294044495 2.6091211438179016 -1.6400000005960464
			vertex 1.0797020196914673 2.6429794132709503 -1.5989949479699135
		endloop
	endfacet
	facet normal 0.34795898392414165 0.1622558032861529 -0.9233621173767333
		outer loop
			vertex 1.0797020196914673 2.6429794132709503 -1.5989949479699135
			vertex 0.9866772294044495 2.6091211438179016 -1.6400000005960464
			vertex 0.9950588345527649 2.8244974613189697 -1.5989949479699135
		endloop
	endfacet
	facet normal 0.34795879490522363 0.16225582352616744 -0.9233621850498048
		outer loop
			vertex 0.9866772294044495 2.6091211438179016 -1.6400000005960464
			vertex 0.9093266725540161 2.774999976158142 -1.6400000005960464
			vertex 0.9950588345527649 2.8244974613189697 -1.5989949479699135
		endloop
	endfacet
	facet normal 0.3144970687089855 0.22021323532708462 -0.9233621850391285
		outer loop
			vertex 0.9950588345527649 2.8244974613189697 -1.5989949479699135
			vertex 0.9093266725540161 2.774999976158142 -1.6400000005960464
			vertex 0.8801811933517456 2.9885597229003906 -1.5989949479699135
		endloop
	endfacet
	facet normal 0.3144972208715494 0.2202132456687579 -0.9233621307461679
		outer loop
			vertex 0.9093266725540161 2.774999976158142 -1.6400000005960464
			vertex 0.8043466806411743 2.924926996231079 -1.6400000005960464
			vertex 0.8801811933517456 2.9885597229003906 -1.5989949479699135
		endloop
	endfacet
	facet normal 0.2714796186440662 0.2714796186440662 -0.9233621355252473
		outer loop
			vertex 0.8801811933517456 2.9885597229003906 -1.5989949479699135
			vertex 0.8043466806411743 2.924926996231079 -1.6400000005960464
			vertex 0.7385597229003906 3.1301811933517456 -1.5989949479699135
		endloop
	endfacet
	facet normal 0.2714796186440662 0.2714796186440662 -0.9233621355252472
		outer loop
			vertex 0.8043466806411743 2.924926996231079 -1.6400000005960464
			vertex 0.6749269962310791 3.0543466806411743 -1.6400000005960464
			vertex 0.7385597229003906 3.1301811933517456 -1.5989949479699135
		endloop
	endfacet
	facet normal 0.22021330685075172 0.3144971708553603 -0.9233621331903485
		outer loop
			vertex 0.7385597229003906 3.1301811933517456 -1.5989949479699135
			vertex 0.6749269962310791 3.0543466806411743 -1.6400000005960464
			vertex 0.5744974613189697 3.245058834552765 -1.5989949479699135
		endloop
	endfacet
	facet normal 0.22021316740179295 0.3144971090946992 -0.9233621874833012
		outer loop
			vertex 0.6749269962310791 3.0543466806411743 -1.6400000005960464
			vertex 0.5249999761581421 3.159326672554016 -1.6400000005960464
			vertex 0.5744974613189697 3.245058834552765 -1.5989949479699135
		endloop
	endfacet
	facet normal 0.16225573759925455 0.3479588430580158 -0.9233621820032749
		outer loop
			vertex 0.5744974613189697 3.245058834552765 -1.5989949479699135
			vertex 0.5249999761581421 3.159326672554016 -1.6400000005960464
			vertex 0.3929794132709503 3.3297020196914673 -1.5989949479699135
		endloop
	endfacet
	facet normal 0.16225589540612054 0.3479589490523064 -0.9233621143302191
		outer loop
			vertex 0.5249999761581421 3.159326672554016 -1.6400000005960464
			vertex 0.3591211438179016 3.2366772294044495 -1.6400000005960464
			vertex 0.3929794132709503 3.3297020196914673 -1.5989949479699135
		endloop
	endfacet
	facet normal 0.09936850625767571 0.37084809574334054 -0.923362111984056
		outer loop
			vertex 0.3929794132709503 3.3297020196914673 -1.5989949479699135
			vertex 0.3591211438179016 3.2366772294044495 -1.6400000005960464
			vertex 0.19952088594436646 3.3815391063690186 -1.5989949479699135
		endloop
	endfacet
	facet normal 0.09936866782609903 0.3708482511595067 -0.9233620321771965
		outer loop
			vertex 0.3591211438179016 3.2366772294044495 -1.6400000005960464
			vertex 0.18233059346675873 3.2840481996536255 -1.6400000005960464
			vertex 0.19952088594436646 3.3815391063690186 -1.5989949479699135
		endloop
	endfacet
	facet normal 0.033461740592352615 0.38246943169959724 -0.9233620339454711
		outer loop
			vertex 0.19952088594436646 3.3815391063690186 -1.5989949479699135
			vertex 0.18233059346675873 3.2840481996536255 -1.6400000005960464
			vertex 7.035564847735076e-17 3.3989949226379395 -1.5989949479699135
		endloop
	endfacet
	facet normal 0.033461483556948834 0.3824690793694766 -0.9233621892001173
		outer loop
			vertex 0.18233059346675873 3.2840481996536255 -1.6400000005960464
			vertex 6.429395645199886e-17 3.299999952316284 -1.6400000005960464
			vertex 7.035564847735076e-17 3.3989949226379395 -1.5989949479699135
		endloop
	endfacet
	facet normal -0.03346170951417624 0.38246907647442857 -0.923362182210852
		outer loop
			vertex 7.035564847735076e-17 3.3989949226379395 -1.5989949479699135
			vertex 6.429395645199886e-17 3.299999952316284 -1.6400000005960464
			vertex -0.19952088594436646 3.3815391063690186 -1.5989949479699135
		endloop
	endfacet
	facet normal -0.03346151756497718 0.3824694680856338 -0.9233620269561345
		outer loop
			vertex 6.429395645199886e-17 3.299999952316284 -1.6400000005960464
			vertex -0.18233059346675873 3.2840481996536255 -1.6400000005960464
			vertex -0.19952088594436646 3.3815391063690186 -1.5989949479699135
		endloop
	endfacet
	facet normal -0.09936855369840543 0.37084827279445 -0.9233620357699683
		outer loop
			vertex -0.19952088594436646 3.3815391063690186 -1.5989949479699135
			vertex -0.18233059346675873 3.2840481996536255 -1.6400000005960464
			vertex -0.3929794132709503 3.3297020196914673 -1.5989949479699135
		endloop
	endfacet
	facet normal -0.09936861591255906 0.3708480574158859 -0.9233621155768122
		outer loop
			vertex -0.18233059346675873 3.2840481996536255 -1.6400000005960464
			vertex -0.3591211438179016 3.2366772294044495 -1.6400000005960464
			vertex -0.3929794132709503 3.3297020196914673 -1.5989949479699135
		endloop
	endfacet
	facet normal -0.1622558032861529 0.34795898392414165 -0.9233621173767333
		outer loop
			vertex -0.3929794132709503 3.3297020196914673 -1.5989949479699135
			vertex -0.3591211438179016 3.2366772294044495 -1.6400000005960464
			vertex -0.5744974613189697 3.245058834552765 -1.5989949479699135
		endloop
	endfacet
	facet normal -0.16225582352616744 0.34795879490522363 -0.9233621850498048
		outer loop
			vertex -0.3591211438179016 3.2366772294044495 -1.6400000005960464
			vertex -0.5249999761581421 3.159326672554016 -1.6400000005960464
			vertex -0.5744974613189697 3.245058834552765 -1.5989949479699135
		endloop
	endfacet
	facet normal -0.22021323532708462 0.3144970687089855 -0.9233621850391285
		outer loop
			vertex -0.5744974613189697 3.245058834552765 -1.5989949479699135
			vertex -0.5249999761581421 3.159326672554016 -1.6400000005960464
			vertex -0.7385597229003906 3.1301811933517456 -1.5989949479699135
		endloop
	endfacet
	facet normal -0.2202132456687579 0.3144972208715494 -0.9233621307461679
		outer loop
			vertex -0.5249999761581421 3.159326672554016 -1.6400000005960464
			vertex -0.6749269962310791 3.0543466806411743 -1.6400000005960464
			vertex -0.7385597229003906 3.1301811933517456 -1.5989949479699135
		endloop
	endfacet
	facet normal -0.2714796186440662 0.2714796186440662 -0.9233621355252473
		outer loop
			vertex -0.7385597229003906 3.1301811933517456 -1.5989949479699135
			vertex -0.6749269962310791 3.0543466806411743 -1.6400000005960464
			vertex -0.8801811933517456 2.9885597229003906 -1.5989949479699135
		endloop
	endfacet
	facet normal -0.2714796186440662 0.2714796186440662 -0.9233621355252472
		outer loop
			vertex -0.6749269962310791 3.0543466806411743 -1.6400000005960464
			vertex -0.8043466806411743 2.924926996231079 -1.6400000005960464
			vertex -0.8801811933517456 2.9885597229003906 -1.5989949479699135
		endloop
	endfacet
	facet normal -0.3144971708553603 0.22021330685075172 -0.9233621331903485
		outer loop
			vertex -0.8801811933517456 2.9885597229003906 -1.5989949479699135
			vertex -0.8043466806411743 2.924926996231079 -1.6400000005960464
			vertex -0.9950588345527649 2.8244974613189697 -1.5989949479699135
		endloop
	endfacet
	facet normal -0.3144971090946992 0.22021316740179295 -0.9233621874833012
		outer loop
			vertex -0.8043466806411743 2.924926996231079 -1.6400000005960464
			vertex -0.9093266725540161 2.774999976158142 -1.6400000005960464
			vertex -0.9950588345527649 2.8244974613189697 -1.5989949479699135
		endloop
	endfacet
	facet normal -0.3479588430580158 0.16225573759925455 -0.9233621820032749
		outer loop
			vertex -0.9950588345527649 2.8244974613189697 -1.5989949479699135
			vertex -0.9093266725540161 2.774999976158142 -1.6400000005960464
			vertex -1.0797020196914673 2.6429794132709503 -1.5989949479699135
		endloop
	endfacet
	facet normal -0.3479589490523064 0.16225589540612054 -0.9233621143302191
		outer loop
			vertex -0.9093266725540161 2.774999976158142 -1.6400000005960464
			vertex -0.9866772294044495 2.6091211438179016 -1.6400000005960464
			vertex -1.0797020196914673 2.6429794132709503 -1.5989949479699135
		endloop
	endfacet
	facet normal -0.37084809574334054 0.09936850625767571 -0.923362111984056
		outer loop
			vertex -1.0797020196914673 2.6429794132709503 -1.5989949479699135
			vertex -0.9866772294044495 2.6091211438179016 -1.6400000005960464
			vertex -1.1315391063690186 2.4495208859443665 -1.5989949479699135
		endloop
	endfacet
	facet normal -0.3708482511595067 0.09936866782609903 -0.9233620321771965
		outer loop
			vertex -0.9866772294044495 2.6091211438179016 -1.6400000005960464
			vertex -1.0340481996536255 2.4323305934667587 -1.6400000005960464
			vertex -1.1315391063690186 2.4495208859443665 -1.5989949479699135
		endloop
	endfacet
	facet normal -0.38246943169959724 0.033461740592352594 -0.923362033945471
		outer loop
			vertex -1.1315391063690186 2.4495208859443665 -1.5989949479699135
			vertex -1.0340481996536255 2.4323305934667587 -1.6400000005960464
			vertex -1.1489949226379395 2.25 -1.5989949479699135
		endloop
	endfacet
	facet normal -0.38246907936947655 0.033461483556948814 -0.9233621892001171
		outer loop
			vertex -1.0340481996536255 2.4323305934667587 -1.6400000005960464
			vertex -1.0499999523162842 2.25 -1.6400000005960464
			vertex -1.1489949226379395 2.25 -1.5989949479699135
		endloop
	endfacet
	facet normal -0.38246907647442857 -0.03346170951417625 -0.923362182210852
		outer loop
			vertex -1.1489949226379395 2.25 -1.5989949479699135
			vertex -1.0499999523162842 2.25 -1.6400000005960464
			vertex -1.1315391063690186 2.0504791140556335 -1.5989949479699135
		endloop
	endfacet
	facet normal -0.38246946808563387 -0.03346151756497719 -0.9233620269561345
		outer loop
			vertex -1.0499999523162842 2.25 -1.6400000005960464
			vertex -1.0340481996536255 2.0676694065332413 -1.6400000005960464
			vertex -1.1315391063690186 2.0504791140556335 -1.5989949479699135
		endloop
	endfacet
	facet normal -0.37084827279445 -0.09936855369840543 -0.9233620357699683
		outer loop
			vertex -1.1315391063690186 2.0504791140556335 -1.5989949479699135
			vertex -1.0340481996536255 2.0676694065332413 -1.6400000005960464
			vertex -1.0797020196914673 1.8570205867290497 -1.5989949479699135
		endloop
	endfacet
	facet normal -0.3708480574158859 -0.09936861591255906 -0.9233621155768122
		outer loop
			vertex -1.0340481996536255 2.0676694065332413 -1.6400000005960464
			vertex -0.9866772294044495 1.8908788561820984 -1.6400000005960464
			vertex -1.0797020196914673 1.8570205867290497 -1.5989949479699135
		endloop
	endfacet
	facet normal -0.34795898392414165 -0.1622558032861529 -0.9233621173767333
		outer loop
			vertex -1.0797020196914673 1.8570205867290497 -1.5989949479699135
			vertex -0.9866772294044495 1.8908788561820984 -1.6400000005960464
			vertex -0.9950588345527649 1.6755025386810303 -1.5989949479699135
		endloop
	endfacet
	facet normal -0.34795879490522363 -0.16225582352616744 -0.9233621850498048
		outer loop
			vertex -0.9866772294044495 1.8908788561820984 -1.6400000005960464
			vertex -0.9093266725540161 1.725000023841858 -1.6400000005960464
			vertex -0.9950588345527649 1.6755025386810303 -1.5989949479699135
		endloop
	endfacet
	facet normal -0.3144970687089855 -0.22021323532708462 -0.9233621850391285
		outer loop
			vertex -0.9950588345527649 1.6755025386810303 -1.5989949479699135
			vertex -0.9093266725540161 1.725000023841858 -1.6400000005960464
			vertex -0.8801811933517456 1.5114402770996094 -1.5989949479699135
		endloop
	endfacet
	facet normal -0.3144972208715494 -0.2202132456687579 -0.9233621307461679
		outer loop
			vertex -0.9093266725540161 1.725000023841858 -1.6400000005960464
			vertex -0.8043466806411743 1.575073003768921 -1.6400000005960464
			vertex -0.8801811933517456 1.5114402770996094 -1.5989949479699135
		endloop
	endfacet
	facet normal -0.2714796186440662 -0.2714796186440662 -0.9233621355252473
		outer loop
			vertex -0.8801811933517456 1.5114402770996094 -1.5989949479699135
			vertex -0.8043466806411743 1.575073003768921 -1.6400000005960464
			vertex -0.7385597229003906 1.3698188066482544 -1.5989949479699135
		endloop
	endfacet
	facet normal -0.2714796186440662 -0.2714796186440662 -0.9233621355252472
		outer loop
			vertex -0.8043466806411743 1.575073003768921 -1.6400000005960464
			vertex -0.6749269962310791 1.4456533193588257 -1.6400000005960464
			vertex -0.7385597229003906 1.3698188066482544 -1.5989949479699135
		endloop
	endfacet
	facet normal -0.22021330685075172 -0.3144971708553603 -0.9233621331903485
		outer loop
			vertex -0.7385597229003906 1.3698188066482544 -1.5989949479699135
			vertex -0.6749269962310791 1.4456533193588257 -1.6400000005960464
			vertex -0.5744974613189697 1.254941165447235 -1.5989949479699135
		endloop
	endfacet
	facet normal -0.22021316740179295 -0.3144971090946992 -0.9233621874833012
		outer loop
			vertex -0.6749269962310791 1.4456533193588257 -1.6400000005960464
			vertex -0.5249999761581421 1.3406733274459839 -1.6400000005960464
			vertex -0.5744974613189697 1.254941165447235 -1.5989949479699135
		endloop
	endfacet
	facet normal -0.16225573759925455 -0.3479588430580158 -0.9233621820032749
		outer loop
			vertex -0.5744974613189697 1.254941165447235 -1.5989949479699135
			vertex -0.5249999761581421 1.3406733274459839 -1.6400000005960464
			vertex -0.3929794132709503 1.1702979803085327 -1.5989949479699135
		endloop
	endfacet
	facet normal -0.16225589540612054 -0.3479589490523064 -0.9233621143302191
		outer loop
			vertex -0.5249999761581421 1.3406733274459839 -1.6400000005960464
			vertex -0.3591211438179016 1.2633227705955505 -1.6400000005960464
			vertex -0.3929794132709503 1.1702979803085327 -1.5989949479699135
		endloop
	endfacet
	facet normal -0.09936850625767571 -0.37084809574334054 -0.923362111984056
		outer loop
			vertex -0.3929794132709503 1.1702979803085327 -1.5989949479699135
			vertex -0.3591211438179016 1.2633227705955505 -1.6400000005960464
			vertex -0.19952088594436646 1.1184608936309814 -1.5989949479699135
		endloop
	endfacet
	facet normal -0.09936866782609903 -0.3708482511595067 -0.9233620321771965
		outer loop
			vertex -0.3591211438179016 1.2633227705955505 -1.6400000005960464
			vertex -0.18233059346675873 1.2159518003463745 -1.6400000005960464
			vertex -0.19952088594436646 1.1184608936309814 -1.5989949479699135
		endloop
	endfacet
	facet normal -0.033461740592352636 -0.38246943169959724 -0.923362033945471
		outer loop
			vertex -0.19952088594436646 1.1184608936309814 -1.5989949479699135
			vertex -0.18233059346675873 1.2159518003463745 -1.6400000005960464
			vertex -2.1106695204949717e-16 1.1010050773620605 -1.5989949479699135
		endloop
	endfacet
	facet normal -0.03346148355694886 -0.3824690793694767 -0.9233621892001174
		outer loop
			vertex -0.18233059346675873 1.2159518003463745 -1.6400000005960464
			vertex -1.9288186935599659e-16 1.2000000476837158 -1.6400000005960464
			vertex -2.1106695204949717e-16 1.1010050773620605 -1.5989949479699135
		endloop
	endfacet
	facet normal 0.03346170951417622 -0.3824690764744286 -0.9233621822108521
		outer loop
			vertex -2.1106695204949717e-16 1.1010050773620605 -1.5989949479699135
			vertex -1.9288186935599659e-16 1.2000000476837158 -1.6400000005960464
			vertex 0.19952088594436646 1.1184608936309814 -1.5989949479699135
		endloop
	endfacet
	facet normal 0.033461517564977165 -0.3824694680856339 -0.9233620269561346
		outer loop
			vertex -1.9288186935599659e-16 1.2000000476837158 -1.6400000005960464
			vertex 0.18233059346675873 1.2159518003463745 -1.6400000005960464
			vertex 0.19952088594436646 1.1184608936309814 -1.5989949479699135
		endloop
	endfacet
	facet normal 0.09936855369840543 -0.37084827279445 -0.9233620357699683
		outer loop
			vertex 0.19952088594436646 1.1184608936309814 -1.5989949479699135
			vertex 0.18233059346675873 1.2159518003463745 -1.6400000005960464
			vertex 0.3929794132709503 1.1702979803085327 -1.5989949479699135
		endloop
	endfacet
	facet normal 0.09936861591255906 -0.3708480574158859 -0.9233621155768122
		outer loop
			vertex 0.18233059346675873 1.2159518003463745 -1.6400000005960464
			vertex 0.3591211438179016 1.2633227705955505 -1.6400000005960464
			vertex 0.3929794132709503 1.1702979803085327 -1.5989949479699135
		endloop
	endfacet
	facet normal 0.1622558032861529 -0.34795898392414165 -0.9233621173767333
		outer loop
			vertex 0.3929794132709503 1.1702979803085327 -1.5989949479699135
			vertex 0.3591211438179016 1.2633227705955505 -1.6400000005960464
			vertex 0.5744974613189697 1.254941165447235 -1.5989949479699135
		endloop
	endfacet
	facet normal 0.16225582352616744 -0.34795879490522363 -0.9233621850498048
		outer loop
			vertex 0.3591211438179016 1.2633227705955505 -1.6400000005960464
			vertex 0.5249999761581421 1.3406733274459839 -1.6400000005960464
			vertex 0.5744974613189697 1.254941165447235 -1.5989949479699135
		endloop
	endfacet
	facet normal 0.22021323532708462 -0.3144970687089855 -0.9233621850391285
		outer loop
			vertex 0.5744974613189697 1.254941165447235 -1.5989949479699135
			vertex 0.5249999761581421 1.3406733274459839 -1.6400000005960464
			vertex 0.7385597229003906 1.3698188066482544 -1.5989949479699135
		endloop
	endfacet
	facet normal 0.2202132456687579 -0.3144972208715494 -0.9233621307461679
		outer loop
			vertex 0.5249999761581421 1.3406733274459839 -1.6400000005960464
			vertex 0.6749269962310791 1.4456533193588257 -1.6400000005960464
			vertex 0.7385597229003906 1.3698188066482544 -1.5989949479699135
		endloop
	endfacet
	facet normal 0.2714796186440662 -0.2714796186440662 -0.9233621355252473
		outer loop
			vertex 0.7385597229003906 1.3698188066482544 -1.5989949479699135
			vertex 0.6749269962310791 1.4456533193588257 -1.6400000005960464
			vertex 0.8801811933517456 1.5114402770996094 -1.5989949479699135
		endloop
	endfacet
	facet normal 0.2714796186440662 -0.2714796186440662 -0.9233621355252472
		outer loop
			vertex 0.6749269962310791 1.4456533193588257 -1.6400000005960464
			vertex 0.8043466806411743 1.575073003768921 -1.6400000005960464
			vertex 0.8801811933517456 1.5114402770996094 -1.5989949479699135
		endloop
	endfacet
	facet normal 0.3144971708553603 -0.22021330685075172 -0.9233621331903485
		outer loop
			vertex 0.8801811933517456 1.5114402770996094 -1.5989949479699135
			vertex 0.8043466806411743 1.575073003768921 -1.6400000005960464
			vertex 0.9950588345527649 1.6755025386810303 -1.5989949479699135
		endloop
	endfacet
	facet normal 0.3144971090946992 -0.22021316740179295 -0.9233621874833012
		outer loop
			vertex 0.8043466806411743 1.575073003768921 -1.6400000005960464
			vertex 0.9093266725540161 1.725000023841858 -1.6400000005960464
			vertex 0.9950588345527649 1.6755025386810303 -1.5989949479699135
		endloop
	endfacet
	facet normal 0.3479588430580158 -0.16225573759925455 -0.9233621820032749
		outer loop
			vertex 0.9950588345527649 1.6755025386810303 -1.5989949479699135
			vertex 0.9093266725540161 1.725000023841858 -1.6400000005960464
			vertex 1.0797020196914673 1.8570205867290497 -1.5989949479699135
		endloop
	endfacet
	facet normal 0.3479589490523064 -0.16225589540612054 -0.9233621143302191
		outer loop
			vertex 0.9093266725540161 1.725000023841858 -1.6400000005960464
			vertex 0.9866772294044495 1.8908788561820984 -1.6400000005960464
			vertex 1.0797020196914673 1.8570205867290497 -1.5989949479699135
		endloop
	endfacet
	facet normal 0.37084809574334054 -0.09936850625767571 -0.923362111984056
		outer loop
			vertex 1.0797020196914673 1.8570205867290497 -1.5989949479699135
			vertex 0.9866772294044495 1.8908788561820984 -1.6400000005960464
			vertex 1.1315391063690186 2.0504791140556335 -1.5989949479699135
		endloop
	endfacet
	facet normal 0.3708482511595067 -0.09936866782609903 -0.9233620321771965
		outer loop
			vertex 0.9866772294044495 1.8908788561820984 -1.6400000005960464
			vertex 1.0340481996536255 2.0676694065332413 -1.6400000005960464
			vertex 1.1315391063690186 2.0504791140556335 -1.5989949479699135
		endloop
	endfacet
	facet normal 0.38246943169959724 -0.03346174059235267 -0.9233620339454711
		outer loop
			vertex 1.1315391063690186 2.0504791140556335 -1.5989949479699135
			vertex 1.0340481996536255 2.0676694065332413 -1.6400000005960464
			vertex 1.1489949226379395 2.2499999999999996 -1.5989949479699135
		endloop
	endfacet
	facet normal 0.38246907936947655 -0.0334614835569489 -0.9233621892001171
		outer loop
			vertex 1.0340481996536255 2.0676694065332413 -1.6400000005960464
			vertex 1.0499999523162842 2.2499999999999996 -1.6400000005960464
			vertex 1.1489949226379395 2.2499999999999996 -1.5989949479699135
		endloop
	endfacet
	facet normal 0.9208759519219948 0.08056634048958886 -0.3814400948404295
		outer loop
			vertex 1.190000057220459 2.25 -1.5
			vertex 1.1489949226379395 2.25 -1.5989949479699135
			vertex 1.1719212532043457 2.4566413313150406 -1.5
		endloop
	endfacet
	facet normal 0.9208760579809302 0.08056621841106625 -0.38143986457689893
		outer loop
			vertex 1.1489949226379395 2.25 -1.5989949479699135
			vertex 1.1315391063690186 2.4495208859443665 -1.5989949479699135
			vertex 1.1719212532043457 2.4566413313150406 -1.5
		endloop
	endfacet
	facet normal 0.8928957466929659 0.23925055826032493 -0.3814398457289614
		outer loop
			vertex 1.1719212532043457 2.4566413313150406 -1.5
			vertex 1.1315391063690186 2.4495208859443665 -1.5989949479699135
			vertex 1.1182342767715454 2.6570039689540863 -1.5
		endloop
	endfacet
	facet normal 0.892895489958391 0.2392507662835264 -0.3814403162287789
		outer loop
			vertex 1.1315391063690186 2.4495208859443665 -1.5989949479699135
			vertex 1.0797020196914673 2.6429794132709503 -1.5989949479699135
			vertex 1.1182342767715454 2.6570039689540863 -1.5
		endloop
	endfacet
	facet normal 0.8377850100028592 0.39066559198775835 -0.38144026039651846
		outer loop
			vertex 1.1182342767715454 2.6570039689540863 -1.5
			vertex 1.0797020196914673 2.6429794132709503 -1.5989949479699135
			vertex 1.0305702686309814 2.8450000286102295 -1.5
		endloop
	endfacet
	facet normal 0.8377853552749008 0.39066540046897963 -0.3814396982005412
		outer loop
			vertex 1.0797020196914673 2.6429794132709503 -1.5989949479699135
			vertex 0.9950588345527649 2.8244974613189697 -1.5989949479699135
			vertex 1.0305702686309814 2.8450000286102295 -1.5
		endloop
	endfacet
	facet normal 0.7572188992930443 0.5302105840133114 -0.3814397398720983
		outer loop
			vertex 1.0305702686309814 2.8450000286102295 -1.5
			vertex 0.9950588345527649 2.8244974613189697 -1.5989949479699135
			vertex 0.9115929007530212 3.014917254447937 -1.5
		endloop
	endfacet
	facet normal 0.757219053905506 0.5302105307256281 -0.381439507012709
		outer loop
			vertex 0.9950588345527649 2.8244974613189697 -1.5989949479699135
			vertex 0.8801811933517456 2.9885597229003906 -1.5989949479699135
			vertex 0.9115929007530212 3.014917254447937 -1.5
		endloop
	endfacet
	facet normal 0.6536451330744031 0.6536451330744031 -0.3814394840814093
		outer loop
			vertex 0.9115929007530212 3.014917254447937 -1.5
			vertex 0.8801811933517456 2.9885597229003906 -1.5989949479699135
			vertex 0.764917254447937 3.1615929007530212 -1.5
		endloop
	endfacet
	facet normal 0.6536451330744031 0.6536451330744031 -0.3814394840814093
		outer loop
			vertex 0.8801811933517456 2.9885597229003906 -1.5989949479699135
			vertex 0.7385597229003906 3.1301811933517456 -1.5989949479699135
			vertex 0.764917254447937 3.1615929007530212 -1.5
		endloop
	endfacet
	facet normal 0.5302106381601174 0.7572189766226678 -0.38143951109495805
		outer loop
			vertex 0.764917254447937 3.1615929007530212 -1.5
			vertex 0.7385597229003906 3.1301811933517456 -1.5989949479699135
			vertex 0.5950000286102295 3.2805702686309814 -1.5
		endloop
	endfacet
	facet normal 0.5302104746464662 0.757218973816169 -0.3814397439543462
		outer loop
			vertex 0.7385597229003906 3.1301811933517456 -1.5989949479699135
			vertex 0.5744974613189697 3.245058834552765 -1.5989949479699135
			vertex 0.5950000286102295 3.2805702686309814 -1.5
		endloop
	endfacet
	facet normal 0.3906656883094385 0.8377852165653551 -0.38143970805653393
		outer loop
			vertex 0.5950000286102295 3.2805702686309814 -1.5
			vertex 0.5744974613189697 3.245058834552765 -1.5989949479699135
			vertex 0.4070039689540863 3.3682342767715454 -1.5
		endloop
	endfacet
	facet normal 0.39066530070983163 0.8377851413405386 -0.3814402702525136
		outer loop
			vertex 0.5744974613189697 3.245058834552765 -1.5989949479699135
			vertex 0.3929794132709503 3.3297020196914673 -1.5989949479699135
			vertex 0.4070039689540863 3.3682342767715454 -1.5
		endloop
	endfacet
	facet normal 0.23925050889252683 0.8928955624497305 -0.38144030798048445
		outer loop
			vertex 0.4070039689540863 3.3682342767715454 -1.5
			vertex 0.3929794132709503 3.3297020196914673 -1.5989949479699135
			vertex 0.2066413313150406 3.4219212532043457 -1.5
		endloop
	endfacet
	facet normal 0.23925081741320411 0.8928956807768337 -0.38143983748055044
		outer loop
			vertex 0.3929794132709503 3.3297020196914673 -1.5989949479699135
			vertex 0.19952088594436646 3.3815391063690186 -1.5989949479699135
			vertex 0.2066413313150406 3.4219212532043457 -1.5
		endloop
	endfacet
	facet normal 0.08056634862557177 0.92087604491655 -0.38143986861364587
		outer loop
			vertex 0.2066413313150406 3.4219212532043457 -1.5
			vertex 0.19952088594436646 3.3815391063690186 -1.5989949479699135
			vertex 7.286648574358402e-17 3.440000057220459 -1.5
		endloop
	endfacet
	facet normal 0.08056620998474225 0.9208759616676092 -0.3814400988772035
		outer loop
			vertex 0.19952088594436646 3.3815391063690186 -1.5989949479699135
			vertex 7.035564847735076e-17 3.3989949226379395 -1.5989949479699135
			vertex 7.286648574358402e-17 3.440000057220459 -1.5
		endloop
	endfacet
	facet normal -0.08056634048958883 0.9208759519219948 -0.38144009484042957
		outer loop
			vertex 7.286648574358402e-17 3.440000057220459 -1.5
			vertex 7.035564847735076e-17 3.3989949226379395 -1.5989949479699135
			vertex -0.2066413313150406 3.4219212532043457 -1.5
		endloop
	endfacet
	facet normal -0.0805662184110662 0.9208760579809301 -0.38143986457689893
		outer loop
			vertex 7.035564847735076e-17 3.3989949226379395 -1.5989949479699135
			vertex -0.19952088594436646 3.3815391063690186 -1.5989949479699135
			vertex -0.2066413313150406 3.4219212532043457 -1.5
		endloop
	endfacet
	facet normal -0.23925055826032493 0.8928957466929659 -0.3814398457289614
		outer loop
			vertex -0.2066413313150406 3.4219212532043457 -1.5
			vertex -0.19952088594436646 3.3815391063690186 -1.5989949479699135
			vertex -0.4070039689540863 3.3682342767715454 -1.5
		endloop
	endfacet
	facet normal -0.2392507662835264 0.892895489958391 -0.3814403162287789
		outer loop
			vertex -0.19952088594436646 3.3815391063690186 -1.5989949479699135
			vertex -0.3929794132709503 3.3297020196914673 -1.5989949479699135
			vertex -0.4070039689540863 3.3682342767715454 -1.5
		endloop
	endfacet
	facet normal -0.39066559198775835 0.8377850100028592 -0.38144026039651846
		outer loop
			vertex -0.4070039689540863 3.3682342767715454 -1.5
			vertex -0.3929794132709503 3.3297020196914673 -1.5989949479699135
			vertex -0.5950000286102295 3.2805702686309814 -1.5
		endloop
	endfacet
	facet normal -0.39066540046897963 0.8377853552749008 -0.3814396982005412
		outer loop
			vertex -0.3929794132709503 3.3297020196914673 -1.5989949479699135
			vertex -0.5744974613189697 3.245058834552765 -1.5989949479699135
			vertex -0.5950000286102295 3.2805702686309814 -1.5
		endloop
	endfacet
	facet normal -0.5302105840133114 0.7572188992930443 -0.3814397398720983
		outer loop
			vertex -0.5950000286102295 3.2805702686309814 -1.5
			vertex -0.5744974613189697 3.245058834552765 -1.5989949479699135
			vertex -0.764917254447937 3.1615929007530212 -1.5
		endloop
	endfacet
	facet normal -0.5302105307256281 0.757219053905506 -0.381439507012709
		outer loop
			vertex -0.5744974613189697 3.245058834552765 -1.5989949479699135
			vertex -0.7385597229003906 3.1301811933517456 -1.5989949479699135
			vertex -0.764917254447937 3.1615929007530212 -1.5
		endloop
	endfacet
	facet normal -0.6536451330744031 0.6536451330744031 -0.3814394840814093
		outer loop
			vertex -0.764917254447937 3.1615929007530212 -1.5
			vertex -0.7385597229003906 3.1301811933517456 -1.5989949479699135
			vertex -0.9115929007530212 3.014917254447937 -1.5
		endloop
	endfacet
	facet normal -0.6536451330744031 0.6536451330744031 -0.3814394840814093
		outer loop
			vertex -0.7385597229003906 3.1301811933517456 -1.5989949479699135
			vertex -0.8801811933517456 2.9885597229003906 -1.5989949479699135
			vertex -0.9115929007530212 3.014917254447937 -1.5
		endloop
	endfacet
	facet normal -0.7572189766226678 0.5302106381601174 -0.38143951109495805
		outer loop
			vertex -0.9115929007530212 3.014917254447937 -1.5
			vertex -0.8801811933517456 2.9885597229003906 -1.5989949479699135
			vertex -1.0305702686309814 2.8450000286102295 -1.5
		endloop
	endfacet
	facet normal -0.757218973816169 0.5302104746464662 -0.3814397439543462
		outer loop
			vertex -0.8801811933517456 2.9885597229003906 -1.5989949479699135
			vertex -0.9950588345527649 2.8244974613189697 -1.5989949479699135
			vertex -1.0305702686309814 2.8450000286102295 -1.5
		endloop
	endfacet
	facet normal -0.8377852165653551 0.3906656883094385 -0.38143970805653393
		outer loop
			vertex -1.0305702686309814 2.8450000286102295 -1.5
			vertex -0.9950588345527649 2.8244974613189697 -1.5989949479699135
			vertex -1.1182342767715454 2.6570039689540863 -1.5
		endloop
	endfacet
	facet normal -0.8377851413405386 0.39066530070983163 -0.3814402702525136
		outer loop
			vertex -0.9950588345527649 2.8244974613189697 -1.5989949479699135
			vertex -1.0797020196914673 2.6429794132709503 -1.5989949479699135
			vertex -1.1182342767715454 2.6570039689540863 -1.5
		endloop
	endfacet
	facet normal -0.8928955624497305 0.23925050889252683 -0.38144030798048445
		outer loop
			vertex -1.1182342767715454 2.6570039689540863 -1.5
			vertex -1.0797020196914673 2.6429794132709503 -1.5989949479699135
			vertex -1.1719212532043457 2.4566413313150406 -1.5
		endloop
	endfacet
	facet normal -0.8928956807768337 0.23925081741320411 -0.38143983748055044
		outer loop
			vertex -1.0797020196914673 2.6429794132709503 -1.5989949479699135
			vertex -1.1315391063690186 2.4495208859443665 -1.5989949479699135
			vertex -1.1719212532043457 2.4566413313150406 -1.5
		endloop
	endfacet
	facet normal -0.92087604491655 0.08056634862557174 -0.3814398686136459
		outer loop
			vertex -1.1719212532043457 2.4566413313150406 -1.5
			vertex -1.1315391063690186 2.4495208859443665 -1.5989949479699135
			vertex -1.190000057220459 2.25 -1.5
		endloop
	endfacet
	facet normal -0.9208759616676092 0.08056620998474222 -0.38144009887720354
		outer loop
			vertex -1.1315391063690186 2.4495208859443665 -1.5989949479699135
			vertex -1.1489949226379395 2.25 -1.5989949479699135
			vertex -1.190000057220459 2.25 -1.5
		endloop
	endfacet
	facet normal -0.9208759519219948 -0.08056634048958886 -0.3814400948404295
		outer loop
			vertex -1.190000057220459 2.25 -1.5
			vertex -1.1489949226379395 2.25 -1.5989949479699135
			vertex -1.1719212532043457 2.0433586686849594 -1.5
		endloop
	endfacet
	facet normal -0.9208760579809302 -0.08056621841106625 -0.38143986457689893
		outer loop
			vertex -1.1489949226379395 2.25 -1.5989949479699135
			vertex -1.1315391063690186 2.0504791140556335 -1.5989949479699135
			vertex -1.1719212532043457 2.0433586686849594 -1.5
		endloop
	endfacet
	facet normal -0.8928957466929659 -0.23925055826032493 -0.3814398457289614
		outer loop
			vertex -1.1719212532043457 2.0433586686849594 -1.5
			vertex -1.1315391063690186 2.0504791140556335 -1.5989949479699135
			vertex -1.1182342767715454 1.8429960310459137 -1.5
		endloop
	endfacet
	facet normal -0.892895489958391 -0.2392507662835264 -0.3814403162287789
		outer loop
			vertex -1.1315391063690186 2.0504791140556335 -1.5989949479699135
			vertex -1.0797020196914673 1.8570205867290497 -1.5989949479699135
			vertex -1.1182342767715454 1.8429960310459137 -1.5
		endloop
	endfacet
	facet normal -0.8377850100028592 -0.39066559198775835 -0.38144026039651846
		outer loop
			vertex -1.1182342767715454 1.8429960310459137 -1.5
			vertex -1.0797020196914673 1.8570205867290497 -1.5989949479699135
			vertex -1.0305702686309814 1.6549999713897705 -1.5
		endloop
	endfacet
	facet normal -0.8377853552749008 -0.39066540046897963 -0.3814396982005412
		outer loop
			vertex -1.0797020196914673 1.8570205867290497 -1.5989949479699135
			vertex -0.9950588345527649 1.6755025386810303 -1.5989949479699135
			vertex -1.0305702686309814 1.6549999713897705 -1.5
		endloop
	endfacet
	facet normal -0.7572188992930443 -0.5302105840133114 -0.3814397398720983
		outer loop
			vertex -1.0305702686309814 1.6549999713897705 -1.5
			vertex -0.9950588345527649 1.6755025386810303 -1.5989949479699135
			vertex -0.9115929007530212 1.485082745552063 -1.5
		endloop
	endfacet
	facet normal -0.757219053905506 -0.5302105307256281 -0.381439507012709
		outer loop
			vertex -0.9950588345527649 1.6755025386810303 -1.5989949479699135
			vertex -0.8801811933517456 1.5114402770996094 -1.5989949479699135
			vertex -0.9115929007530212 1.485082745552063 -1.5
		endloop
	endfacet
	facet normal -0.6536451330744031 -0.6536451330744031 -0.3814394840814093
		outer loop
			vertex -0.9115929007530212 1.485082745552063 -1.5
			vertex -0.8801811933517456 1.5114402770996094 -1.5989949479699135
			vertex -0.764917254447937 1.3384070992469788 -1.5
		endloop
	endfacet
	facet normal -0.6536451330744031 -0.6536451330744031 -0.3814394840814093
		outer loop
			vertex -0.8801811933517456 1.5114402770996094 -1.5989949479699135
			vertex -0.7385597229003906 1.3698188066482544 -1.5989949479699135
			vertex -0.764917254447937 1.3384070992469788 -1.5
		endloop
	endfacet
	facet normal -0.5302106381601174 -0.7572189766226678 -0.38143951109495805
		outer loop
			vertex -0.764917254447937 1.3384070992469788 -1.5
			vertex -0.7385597229003906 1.3698188066482544 -1.5989949479699135
			vertex -0.5950000286102295 1.2194297313690186 -1.5
		endloop
	endfacet
	facet normal -0.5302104746464662 -0.757218973816169 -0.3814397439543462
		outer loop
			vertex -0.7385597229003906 1.3698188066482544 -1.5989949479699135
			vertex -0.5744974613189697 1.254941165447235 -1.5989949479699135
			vertex -0.5950000286102295 1.2194297313690186 -1.5
		endloop
	endfacet
	facet normal -0.3906656883094385 -0.8377852165653551 -0.38143970805653393
		outer loop
			vertex -0.5950000286102295 1.2194297313690186 -1.5
			vertex -0.5744974613189697 1.254941165447235 -1.5989949479699135
			vertex -0.4070039689540863 1.1317657232284546 -1.5
		endloop
	endfacet
	facet normal -0.39066530070983163 -0.8377851413405386 -0.3814402702525136
		outer loop
			vertex -0.5744974613189697 1.254941165447235 -1.5989949479699135
			vertex -0.3929794132709503 1.1702979803085327 -1.5989949479699135
			vertex -0.4070039689540863 1.1317657232284546 -1.5
		endloop
	endfacet
	facet normal -0.23925050889252683 -0.8928955624497305 -0.38144030798048445
		outer loop
			vertex -0.4070039689540863 1.1317657232284546 -1.5
			vertex -0.3929794132709503 1.1702979803085327 -1.5989949479699135
			vertex -0.2066413313150406 1.0780787467956543 -1.5
		endloop
	endfacet
	facet normal -0.23925081741320411 -0.8928956807768337 -0.38143983748055044
		outer loop
			vertex -0.3929794132709503 1.1702979803085327 -1.5989949479699135
			vertex -0.19952088594436646 1.1184608936309814 -1.5989949479699135
			vertex -0.2066413313150406 1.0780787467956543 -1.5
		endloop
	endfacet
	facet normal -0.08056634862557183 -0.9208760449165498 -0.3814398686136458
		outer loop
			vertex -0.2066413313150406 1.0780787467956543 -1.5
			vertex -0.19952088594436646 1.1184608936309814 -1.5989949479699135
			vertex -2.1859945723075205e-16 1.059999942779541 -1.5
		endloop
	endfacet
	facet normal -0.08056620998474229 -0.9208759616676091 -0.3814400988772034
		outer loop
			vertex -0.19952088594436646 1.1184608936309814 -1.5989949479699135
			vertex -2.1106695204949717e-16 1.1010050773620605 -1.5989949479699135
			vertex -2.1859945723075205e-16 1.059999942779541 -1.5
		endloop
	endfacet
	facet normal 0.08056634048958877 -0.9208759519219949 -0.3814400948404295
		outer loop
			vertex -2.1859945723075205e-16 1.059999942779541 -1.5
			vertex -2.1106695204949717e-16 1.1010050773620605 -1.5989949479699135
			vertex 0.2066413313150406 1.0780787467956543 -1.5
		endloop
	endfacet
	facet normal 0.08056621841106616 -0.9208760579809302 -0.38143986457689893
		outer loop
			vertex -2.1106695204949717e-16 1.1010050773620605 -1.5989949479699135
			vertex 0.19952088594436646 1.1184608936309814 -1.5989949479699135
			vertex 0.2066413313150406 1.0780787467956543 -1.5
		endloop
	endfacet
	facet normal 0.23925055826032493 -0.8928957466929659 -0.3814398457289614
		outer loop
			vertex 0.2066413313150406 1.0780787467956543 -1.5
			vertex 0.19952088594436646 1.1184608936309814 -1.5989949479699135
			vertex 0.4070039689540863 1.1317657232284546 -1.5
		endloop
	endfacet
	facet normal 0.2392507662835264 -0.892895489958391 -0.3814403162287789
		outer loop
			vertex 0.19952088594436646 1.1184608936309814 -1.5989949479699135
			vertex 0.3929794132709503 1.1702979803085327 -1.5989949479699135
			vertex 0.4070039689540863 1.1317657232284546 -1.5
		endloop
	endfacet
	facet normal 0.39066559198775835 -0.8377850100028592 -0.38144026039651846
		outer loop
			vertex 0.4070039689540863 1.1317657232284546 -1.5
			vertex 0.3929794132709503 1.1702979803085327 -1.5989949479699135
			vertex 0.5950000286102295 1.2194297313690186 -1.5
		endloop
	endfacet
	facet normal 0.39066540046897963 -0.8377853552749008 -0.3814396982005412
		outer loop
			vertex 0.3929794132709503 1.1702979803085327 -1.5989949479699135
			vertex 0.5744974613189697 1.254941165447235 -1.5989949479699135
			vertex 0.5950000286102295 1.2194297313690186 -1.5
		endloop
	endfacet
	facet normal 0.5302105840133114 -0.7572188992930443 -0.3814397398720983
		outer loop
			vertex 0.5950000286102295 1.2194297313690186 -1.5
			vertex 0.5744974613189697 1.254941165447235 -1.5989949479699135
			vertex 0.764917254447937 1.3384070992469788 -1.5
		endloop
	endfacet
	facet normal 0.5302105307256281 -0.757219053905506 -0.381439507012709
		outer loop
			vertex 0.5744974613189697 1.254941165447235 -1.5989949479699135
			vertex 0.7385597229003906 1.3698188066482544 -1.5989949479699135
			vertex 0.764917254447937 1.3384070992469788 -1.5
		endloop
	endfacet
	facet normal 0.6536451330744031 -0.6536451330744031 -0.3814394840814093
		outer loop
			vertex 0.764917254447937 1.3384070992469788 -1.5
			vertex 0.7385597229003906 1.3698188066482544 -1.5989949479699135
			vertex 0.9115929007530212 1.485082745552063 -1.5
		endloop
	endfacet
	facet normal 0.6536451330744031 -0.6536451330744031 -0.3814394840814093
		outer loop
			vertex 0.7385597229003906 1.3698188066482544 -1.5989949479699135
			vertex 0.8801811933517456 1.5114402770996094 -1.5989949479699135
			vertex 0.9115929007530212 1.485082745552063 -1.5
		endloop
	endfacet
	facet normal 0.7572189766226678 -0.5302106381601174 -0.38143951109495805
		outer loop
			vertex 0.9115929007530212 1.485082745552063 -1.5
			vertex 0.8801811933517456 1.5114402770996094 -1.5989949479699135
			vertex 1.0305702686309814 1.6549999713897705 -1.5
		endloop
	endfacet
	facet normal 0.757218973816169 -0.5302104746464662 -0.3814397439543462
		outer loop
			vertex 0.8801811933517456 1.5114402770996094 -1.5989949479699135
			vertex 0.9950588345527649 1.6755025386810303 -1.5989949479699135
			vertex 1.0305702686309814 1.6549999713897705 -1.5
		endloop
	endfacet
	facet normal 0.8377852165653551 -0.3906656883094385 -0.38143970805653393
		outer loop
			vertex 1.0305702686309814 1.6549999713897705 -1.5
			vertex 0.9950588345527649 1.6755025386810303 -1.5989949479699135
			vertex 1.1182342767715454 1.8429960310459137 -1.5
		endloop
	endfacet
	facet normal 0.8377851413405386 -0.39066530070983163 -0.3814402702525136
		outer loop
			vertex 0.9950588345527649 1.6755025386810303 -1.5989949479699135
			vertex 1.0797020196914673 1.8570205867290497 -1.5989949479699135
			vertex 1.1182342767715454 1.8429960310459137 -1.5
		endloop
	endfacet
	facet normal 0.8928955624497305 -0.23925050889252683 -0.38144030798048445
		outer loop
			vertex 1.1182342767715454 1.8429960310459137 -1.5
			vertex 1.0797020196914673 1.8570205867290497 -1.5989949479699135
			vertex 1.1719212532043457 2.0433586686849594 -1.5
		endloop
	endfacet
	facet normal 0.8928956807768337 -0.23925081741320411 -0.38143983748055044
		outer loop
			vertex 1.0797020196914673 1.8570205867290497 -1.5989949479699135
			vertex 1.1315391063690186 2.0504791140556335 -1.5989949479699135
			vertex 1.1719212532043457 2.0433586686849594 -1.5
		endloop
	endfacet
	facet normal 0.9208760449165497 -0.08056634862557191 -0.38143986861364587
		outer loop
			vertex 1.1719212532043457 2.0433586686849594 -1.5
			vertex 1.1315391063690186 2.0504791140556335 -1.5989949479699135
			vertex 1.190000057220459 2.2499999999999996 -1.5
		endloop
	endfacet
	facet normal 0.920875961667609 -0.08056620998474238 -0.3814400988772035
		outer loop
			vertex 1.1315391063690186 2.0504791140556335 -1.5989949479699135
			vertex 1.1489949226379395 2.2499999999999996 -1.5989949479699135
			vertex 1.190000057220459 2.2499999999999996 -1.5
		endloop
	endfacet
	facet normal 1 0 0
		outer loop
			vertex 1.6749999523162842 2.174999997615814 0.07999999821186066
			vertex 1.6749999523162842 2.0450000023841857 0.07999999821186066
			vertex 1.6749999523162842 2.174999997615814 -0.07999999821186066
		endloop
	endfacet
	facet normal 1 0 0
		outer loop
			vertex 1.6749999523162842 2.0450000023841857 0.07999999821186066
			vertex 1.6749999523162842 2.0450000023841857 -0.07999999821186066
			vertex 1.6749999523162842 2.174999997615814 -0.07999999821186066
		endloop
	endfacet
	facet normal -1 0 0
		outer loop
			vertex -1.6749999523162842 2.174999997615814 -0.07999999821186066
			vertex -1.6749999523162842 2.0450000023841857 -0.07999999821186066
			vertex -1.6749999523162842 2.174999997615814 0.07999999821186066
		endloop
	endfacet
	facet normal -1 0 0
		outer loop
			vertex -1.6749999523162842 2.0450000023841857 -0.07999999821186066
			vertex -1.6749999523162842 2.0450000023841857 0.07999999821186066
			vertex -1.6749999523162842 2.174999997615814 0.07999999821186066
		endloop
	endfacet
	facet normal 0 1 0
		outer loop
			vertex -1.6749999523162842 2.174999997615814 -0.07999999821186066
			vertex -1.6749999523162842 2.174999997615814 0.07999999821186066
			vertex 1.6749999523162842 2.174999997615814 -0.07999999821186066
		endloop
	endfacet
	facet normal 0 1 0
		outer loop
			vertex -1.6749999523162842 2.174999997615814 0.07999999821186066
			vertex 1.6749999523162842 2.174999997615814 0.07999999821186066
			vertex 1.6749999523162842 2.174999997615814 -0.07999999821186066
		endloop
	endfacet
	facet normal 0 -1 0
		outer loop
			vertex -1.6749999523162842 2.0450000023841857 0.07999999821186066
			vertex -1.6749999523162842 2.0450000023841857 -0.07999999821186066
			vertex 1.6749999523162842 2.0450000023841857 0.07999999821186066
		endloop
	endfacet
	facet normal 0 -1 0
		outer loop
			vertex -1.6749999523162842 2.0450000023841857 -0.07999999821186066
			vertex 1.6749999523162842 2.0450000023841857 -0.07999999821186066
			vertex 1.6749999523162842 2.0450000023841857 0.07999999821186066
		endloop
	endfacet
	facet normal 0 0 1
		outer loop
			vertex -1.6749999523162842 2.174999997615814 0.07999999821186066
			vertex -1.6749999523162842 2.0450000023841857 0.07999999821186066
			vertex 1.6749999523162842 2.174999997615814 0.07999999821186066
		endloop
	endfacet
	facet normal 0 0 1
		outer loop
			vertex -1.6749999523162842 2.0450000023841857 0.07999999821186066
			vertex 1.6749999523162842 2.0450000023841857 0.07999999821186066
			vertex 1.6749999523162842 2.174999997615814 0.07999999821186066
		endloop
	endfacet
	facet normal 0 0 -1
		outer loop
			vertex 1.6749999523162842 2.174999997615814 -0.07999999821186066
			vertex 1.6749999523162842 2.0450000023841857 -0.07999999821186066
			vertex -1.6749999523162842 2.174999997615814 -0.07999999821186066
		endloop
	endfacet
	facet normal 0 0 -1
		outer loop
			vertex 1.6749999523162842 2.0450000023841857 -0.07999999821186066
			vertex -1.6749999523162842 2.0450000023841857 -0.07999999821186066
			vertex -1.6749999523162842 2.174999997615814 -0.07999999821186066
		endloop
	endfacet
	facet normal 0.9208759616676092 0.08056620998474222 0.38144009887720354
		outer loop
			vertex 1.1489949226379395 2.83 0.09899494796991348
			vertex 1.190000057220459 2.83 0
			vertex 1.1315391063690186 3.0295208859443665 0.09899494796991348
		endloop
	endfacet
	facet normal 0.92087604491655 0.08056634862557174 0.3814398686136459
		outer loop
			vertex 1.190000057220459 2.83 0
			vertex 1.1719212532043457 3.0366413313150407 0
			vertex 1.1315391063690186 3.0295208859443665 0.09899494796991348
		endloop
	endfacet
	facet normal 0.8928956807768337 0.23925081741320411 0.38143983748055044
		outer loop
			vertex 1.1315391063690186 3.0295208859443665 0.09899494796991348
			vertex 1.1719212532043457 3.0366413313150407 0
			vertex 1.0797020196914673 3.2229794132709504 0.09899494796991348
		endloop
	endfacet
	facet normal 0.8928955624497305 0.23925050889252683 0.38144030798048445
		outer loop
			vertex 1.1719212532043457 3.0366413313150407 0
			vertex 1.1182342767715454 3.2370039689540864 0
			vertex 1.0797020196914673 3.2229794132709504 0.09899494796991348
		endloop
	endfacet
	facet normal 0.8377851413405386 0.39066530070983163 0.3814402702525136
		outer loop
			vertex 1.0797020196914673 3.2229794132709504 0.09899494796991348
			vertex 1.1182342767715454 3.2370039689540864 0
			vertex 0.9950588345527649 3.40449746131897 0.09899494796991348
		endloop
	endfacet
	facet normal 0.8377852165653551 0.3906656883094385 0.38143970805653393
		outer loop
			vertex 1.1182342767715454 3.2370039689540864 0
			vertex 1.0305702686309814 3.4250000286102296 0
			vertex 0.9950588345527649 3.40449746131897 0.09899494796991348
		endloop
	endfacet
	facet normal 0.757218973816169 0.5302104746464662 0.3814397439543462
		outer loop
			vertex 0.9950588345527649 3.40449746131897 0.09899494796991348
			vertex 1.0305702686309814 3.4250000286102296 0
			vertex 0.8801811933517456 3.5685597229003907 0.09899494796991348
		endloop
	endfacet
	facet normal 0.7572189766226678 0.5302106381601174 0.38143951109495805
		outer loop
			vertex 1.0305702686309814 3.4250000286102296 0
			vertex 0.9115929007530212 3.594917254447937 0
			vertex 0.8801811933517456 3.5685597229003907 0.09899494796991348
		endloop
	endfacet
	facet normal 0.6536451330744031 0.6536451330744031 0.3814394840814093
		outer loop
			vertex 0.8801811933517456 3.5685597229003907 0.09899494796991348
			vertex 0.9115929007530212 3.594917254447937 0
			vertex 0.7385597229003906 3.7101811933517457 0.09899494796991348
		endloop
	endfacet
	facet normal 0.6536451330744031 0.6536451330744031 0.3814394840814093
		outer loop
			vertex 0.9115929007530212 3.594917254447937 0
			vertex 0.764917254447937 3.7415929007530213 0
			vertex 0.7385597229003906 3.7101811933517457 0.09899494796991348
		endloop
	endfacet
	facet normal 0.5302105307256281 0.757219053905506 0.381439507012709
		outer loop
			vertex 0.7385597229003906 3.7101811933517457 0.09899494796991348
			vertex 0.764917254447937 3.7415929007530213 0
			vertex 0.5744974613189697 3.825058834552765 0.09899494796991348
		endloop
	endfacet
	facet normal 0.5302105840133114 0.7572188992930443 0.3814397398720983
		outer loop
			vertex 0.764917254447937 3.7415929007530213 0
			vertex 0.5950000286102295 3.8605702686309815 0
			vertex 0.5744974613189697 3.825058834552765 0.09899494796991348
		endloop
	endfacet
	facet normal 0.39066540046897963 0.8377853552749008 0.3814396982005412
		outer loop
			vertex 0.5744974613189697 3.825058834552765 0.09899494796991348
			vertex 0.5950000286102295 3.8605702686309815 0
			vertex 0.3929794132709503 3.9097020196914674 0.09899494796991348
		endloop
	endfacet
	facet normal 0.39066559198775835 0.8377850100028592 0.38144026039651846
		outer loop
			vertex 0.5950000286102295 3.8605702686309815 0
			vertex 0.4070039689540863 3.9482342767715455 0
			vertex 0.3929794132709503 3.9097020196914674 0.09899494796991348
		endloop
	endfacet
	facet normal 0.2392507662835264 0.892895489958391 0.3814403162287789
		outer loop
			vertex 0.3929794132709503 3.9097020196914674 0.09899494796991348
			vertex 0.4070039689540863 3.9482342767715455 0
			vertex 0.19952088594436646 3.9615391063690186 0.09899494796991348
		endloop
	endfacet
	facet normal 0.23925055826032493 0.8928957466929659 0.3814398457289614
		outer loop
			vertex 0.4070039689540863 3.9482342767715455 0
			vertex 0.2066413313150406 4.001921253204346 0
			vertex 0.19952088594436646 3.9615391063690186 0.09899494796991348
		endloop
	endfacet
	facet normal 0.08056621841106627 0.9208760579809301 0.3814398645768989
		outer loop
			vertex 0.19952088594436646 3.9615391063690186 0.09899494796991348
			vertex 0.2066413313150406 4.001921253204346 0
			vertex 7.035564847735076e-17 3.9789949226379395 0.09899494796991348
		endloop
	endfacet
	facet normal 0.08056634048958887 0.9208759519219948 0.38144009484042946
		outer loop
			vertex 0.2066413313150406 4.001921253204346 0
			vertex 7.286648574358402e-17 4.020000057220459 0
			vertex 7.035564847735076e-17 3.9789949226379395 0.09899494796991348
		endloop
	endfacet
	facet normal -0.08056620998474218 0.9208759616676092 0.3814400988772035
		outer loop
			vertex 7.035564847735076e-17 3.9789949226379395 0.09899494796991348
			vertex 7.286648574358402e-17 4.020000057220459 0
			vertex -0.19952088594436646 3.9615391063690186 0.09899494796991348
		endloop
	endfacet
	facet normal -0.08056634862557173 0.92087604491655 0.3814398686136459
		outer loop
			vertex 7.286648574358402e-17 4.020000057220459 0
			vertex -0.2066413313150406 4.001921253204346 0
			vertex -0.19952088594436646 3.9615391063690186 0.09899494796991348
		endloop
	endfacet
	facet normal -0.23925081741320411 0.8928956807768337 0.38143983748055044
		outer loop
			vertex -0.19952088594436646 3.9615391063690186 0.09899494796991348
			vertex -0.2066413313150406 4.001921253204346 0
			vertex -0.3929794132709503 3.9097020196914674 0.09899494796991348
		endloop
	endfacet
	facet normal -0.23925050889252683 0.8928955624497305 0.38144030798048445
		outer loop
			vertex -0.2066413313150406 4.001921253204346 0
			vertex -0.4070039689540863 3.9482342767715455 0
			vertex -0.3929794132709503 3.9097020196914674 0.09899494796991348
		endloop
	endfacet
	facet normal -0.39066530070983163 0.8377851413405386 0.3814402702525136
		outer loop
			vertex -0.3929794132709503 3.9097020196914674 0.09899494796991348
			vertex -0.4070039689540863 3.9482342767715455 0
			vertex -0.5744974613189697 3.825058834552765 0.09899494796991348
		endloop
	endfacet
	facet normal -0.3906656883094385 0.8377852165653551 0.38143970805653393
		outer loop
			vertex -0.4070039689540863 3.9482342767715455 0
			vertex -0.5950000286102295 3.8605702686309815 0
			vertex -0.5744974613189697 3.825058834552765 0.09899494796991348
		endloop
	endfacet
	facet normal -0.5302104746464662 0.757218973816169 0.3814397439543462
		outer loop
			vertex -0.5744974613189697 3.825058834552765 0.09899494796991348
			vertex -0.5950000286102295 3.8605702686309815 0
			vertex -0.7385597229003906 3.7101811933517457 0.09899494796991348
		endloop
	endfacet
	facet normal -0.5302106381601174 0.7572189766226678 0.38143951109495805
		outer loop
			vertex -0.5950000286102295 3.8605702686309815 0
			vertex -0.764917254447937 3.7415929007530213 0
			vertex -0.7385597229003906 3.7101811933517457 0.09899494796991348
		endloop
	endfacet
	facet normal -0.6536451330744031 0.6536451330744031 0.3814394840814093
		outer loop
			vertex -0.7385597229003906 3.7101811933517457 0.09899494796991348
			vertex -0.764917254447937 3.7415929007530213 0
			vertex -0.8801811933517456 3.5685597229003907 0.09899494796991348
		endloop
	endfacet
	facet normal -0.6536451330744031 0.6536451330744031 0.3814394840814093
		outer loop
			vertex -0.764917254447937 3.7415929007530213 0
			vertex -0.9115929007530212 3.594917254447937 0
			vertex -0.8801811933517456 3.5685597229003907 0.09899494796991348
		endloop
	endfacet
	facet normal -0.757219053905506 0.5302105307256281 0.381439507012709
		outer loop
			vertex -0.8801811933517456 3.5685597229003907 0.09899494796991348
			vertex -0.9115929007530212 3.594917254447937 0
			vertex -0.9950588345527649 3.40449746131897 0.09899494796991348
		endloop
	endfacet
	facet normal -0.7572188992930443 0.5302105840133114 0.3814397398720983
		outer loop
			vertex -0.9115929007530212 3.594917254447937 0
			vertex -1.0305702686309814 3.4250000286102296 0
			vertex -0.9950588345527649 3.40449746131897 0.09899494796991348
		endloop
	endfacet
	facet normal -0.8377853552749008 0.39066540046897963 0.3814396982005412
		outer loop
			vertex -0.9950588345527649 3.40449746131897 0.09899494796991348
			vertex -1.0305702686309814 3.4250000286102296 0
			vertex -1.0797020196914673 3.2229794132709504 0.09899494796991348
		endloop
	endfacet
	facet normal -0.8377850100028592 0.39066559198775835 0.38144026039651846
		outer loop
			vertex -1.0305702686309814 3.4250000286102296 0
			vertex -1.1182342767715454 3.2370039689540864 0
			vertex -1.0797020196914673 3.2229794132709504 0.09899494796991348
		endloop
	endfacet
	facet normal -0.892895489958391 0.2392507662835264 0.3814403162287789
		outer loop
			vertex -1.0797020196914673 3.2229794132709504 0.09899494796991348
			vertex -1.1182342767715454 3.2370039689540864 0
			vertex -1.1315391063690186 3.0295208859443665 0.09899494796991348
		endloop
	endfacet
	facet normal -0.8928957466929659 0.23925055826032493 0.3814398457289614
		outer loop
			vertex -1.1182342767715454 3.2370039689540864 0
			vertex -1.1719212532043457 3.0366413313150407 0
			vertex -1.1315391063690186 3.0295208859443665 0.09899494796991348
		endloop
	endfacet
	facet normal -0.9208760579809302 0.08056621841106625 0.38143986457689893
		outer loop
			vertex -1.1315391063690186 3.0295208859443665 0.09899494796991348
			vertex -1.1719212532043457 3.0366413313150407 0
			vertex -1.1489949226379395 2.83 0.09899494796991348
		endloop
	endfacet
	facet normal -0.9208759519219948 0.08056634048958886 0.3814400948404295
		outer loop
			vertex -1.1719212532043457 3.0366413313150407 0
			vertex -1.190000057220459 2.83 0
			vertex -1.1489949226379395 2.83 0.09899494796991348
		endloop
	endfacet
	facet normal -0.9208759616676092 -0.08056620998474222 0.38144009887720354
		outer loop
			vertex -1.1489949226379395 2.83 0.09899494796991348
			vertex -1.190000057220459 2.83 0
			vertex -1.1315391063690186 2.6304791140556336 0.09899494796991348
		endloop
	endfacet
	facet normal -0.92087604491655 -0.08056634862557174 0.3814398686136459
		outer loop
			vertex -1.190000057220459 2.83 0
			vertex -1.1719212532043457 2.6233586686849595 0
			vertex -1.1315391063690186 2.6304791140556336 0.09899494796991348
		endloop
	endfacet
	facet normal -0.8928956807768337 -0.23925081741320411 0.38143983748055044
		outer loop
			vertex -1.1315391063690186 2.6304791140556336 0.09899494796991348
			vertex -1.1719212532043457 2.6233586686849595 0
			vertex -1.0797020196914673 2.4370205867290498 0.09899494796991348
		endloop
	endfacet
	facet normal -0.8928955624497305 -0.23925050889252683 0.38144030798048445
		outer loop
			vertex -1.1719212532043457 2.6233586686849595 0
			vertex -1.1182342767715454 2.4229960310459138 0
			vertex -1.0797020196914673 2.4370205867290498 0.09899494796991348
		endloop
	endfacet
	facet normal -0.8377851413405386 -0.39066530070983163 0.3814402702525136
		outer loop
			vertex -1.0797020196914673 2.4370205867290498 0.09899494796991348
			vertex -1.1182342767715454 2.4229960310459138 0
			vertex -0.9950588345527649 2.2555025386810303 0.09899494796991348
		endloop
	endfacet
	facet normal -0.8377852165653551 -0.3906656883094385 0.38143970805653393
		outer loop
			vertex -1.1182342767715454 2.4229960310459138 0
			vertex -1.0305702686309814 2.2349999713897706 0
			vertex -0.9950588345527649 2.2555025386810303 0.09899494796991348
		endloop
	endfacet
	facet normal -0.757218973816169 -0.5302104746464662 0.3814397439543462
		outer loop
			vertex -0.9950588345527649 2.2555025386810303 0.09899494796991348
			vertex -1.0305702686309814 2.2349999713897706 0
			vertex -0.8801811933517456 2.0914402770996094 0.09899494796991348
		endloop
	endfacet
	facet normal -0.7572189766226678 -0.5302106381601174 0.38143951109495805
		outer loop
			vertex -1.0305702686309814 2.2349999713897706 0
			vertex -0.9115929007530212 2.065082745552063 0
			vertex -0.8801811933517456 2.0914402770996094 0.09899494796991348
		endloop
	endfacet
	facet normal -0.6536451330744031 -0.6536451330744031 0.3814394840814093
		outer loop
			vertex -0.8801811933517456 2.0914402770996094 0.09899494796991348
			vertex -0.9115929007530212 2.065082745552063 0
			vertex -0.7385597229003906 1.9498188066482545 0.09899494796991348
		endloop
	endfacet
	facet normal -0.6536451330744031 -0.6536451330744031 0.3814394840814093
		outer loop
			vertex -0.9115929007530212 2.065082745552063 0
			vertex -0.764917254447937 1.9184070992469788 0
			vertex -0.7385597229003906 1.9498188066482545 0.09899494796991348
		endloop
	endfacet
	facet normal -0.5302105307256281 -0.757219053905506 0.381439507012709
		outer loop
			vertex -0.7385597229003906 1.9498188066482545 0.09899494796991348
			vertex -0.764917254447937 1.9184070992469788 0
			vertex -0.5744974613189697 1.8349411654472352 0.09899494796991348
		endloop
	endfacet
	facet normal -0.5302105840133114 -0.7572188992930443 0.3814397398720983
		outer loop
			vertex -0.764917254447937 1.9184070992469788 0
			vertex -0.5950000286102295 1.7994297313690186 0
			vertex -0.5744974613189697 1.8349411654472352 0.09899494796991348
		endloop
	endfacet
	facet normal -0.39066540046897963 -0.8377853552749008 0.3814396982005412
		outer loop
			vertex -0.5744974613189697 1.8349411654472352 0.09899494796991348
			vertex -0.5950000286102295 1.7994297313690186 0
			vertex -0.3929794132709503 1.7502979803085328 0.09899494796991348
		endloop
	endfacet
	facet normal -0.39066559198775835 -0.8377850100028592 0.38144026039651846
		outer loop
			vertex -0.5950000286102295 1.7994297313690186 0
			vertex -0.4070039689540863 1.7117657232284547 0
			vertex -0.3929794132709503 1.7502979803085328 0.09899494796991348
		endloop
	endfacet
	facet normal -0.2392507662835264 -0.892895489958391 0.3814403162287789
		outer loop
			vertex -0.3929794132709503 1.7502979803085328 0.09899494796991348
			vertex -0.4070039689540863 1.7117657232284547 0
			vertex -0.19952088594436646 1.6984608936309815 0.09899494796991348
		endloop
	endfacet
	facet normal -0.23925055826032493 -0.8928957466929659 0.3814398457289614
		outer loop
			vertex -0.4070039689540863 1.7117657232284547 0
			vertex -0.2066413313150406 1.6580787467956544 0
			vertex -0.19952088594436646 1.6984608936309815 0.09899494796991348
		endloop
	endfacet
	facet normal -0.08056621841106633 -0.9208760579809302 0.38143986457689893
		outer loop
			vertex -0.19952088594436646 1.6984608936309815 0.09899494796991348
			vertex -0.2066413313150406 1.6580787467956544 0
			vertex -2.1106695204949717e-16 1.6810050773620606 0.09899494796991348
		endloop
	endfacet
	facet normal -0.08056634048958893 -0.9208759519219947 0.3814400948404294
		outer loop
			vertex -0.2066413313150406 1.6580787467956544 0
			vertex -2.1859945723075205e-16 1.639999942779541 0
			vertex -2.1106695204949717e-16 1.6810050773620606 0.09899494796991348
		endloop
	endfacet
	facet normal 0.08056620998474213 -0.9208759616676092 0.38144009887720354
		outer loop
			vertex -2.1106695204949717e-16 1.6810050773620606 0.09899494796991348
			vertex -2.1859945723075205e-16 1.639999942779541 0
			vertex 0.19952088594436646 1.6984608936309815 0.09899494796991348
		endloop
	endfacet
	facet normal 0.08056634862557166 -0.9208760449165498 0.38143986861364587
		outer loop
			vertex -2.1859945723075205e-16 1.639999942779541 0
			vertex 0.2066413313150406 1.6580787467956544 0
			vertex 0.19952088594436646 1.6984608936309815 0.09899494796991348
		endloop
	endfacet
	facet normal 0.23925081741320411 -0.8928956807768337 0.38143983748055044
		outer loop
			vertex 0.19952088594436646 1.6984608936309815 0.09899494796991348
			vertex 0.2066413313150406 1.6580787467956544 0
			vertex 0.3929794132709503 1.7502979803085328 0.09899494796991348
		endloop
	endfacet
	facet normal 0.23925050889252683 -0.8928955624497305 0.38144030798048445
		outer loop
			vertex 0.2066413313150406 1.6580787467956544 0
			vertex 0.4070039689540863 1.7117657232284547 0
			vertex 0.3929794132709503 1.7502979803085328 0.09899494796991348
		endloop
	endfacet
	facet normal 0.39066530070983163 -0.8377851413405386 0.3814402702525136
		outer loop
			vertex 0.3929794132709503 1.7502979803085328 0.09899494796991348
			vertex 0.4070039689540863 1.7117657232284547 0
			vertex 0.5744974613189697 1.8349411654472352 0.09899494796991348
		endloop
	endfacet
	facet normal 0.3906656883094385 -0.8377852165653551 0.38143970805653393
		outer loop
			vertex 0.4070039689540863 1.7117657232284547 0
			vertex 0.5950000286102295 1.7994297313690186 0
			vertex 0.5744974613189697 1.8349411654472352 0.09899494796991348
		endloop
	endfacet
	facet normal 0.5302104746464662 -0.757218973816169 0.3814397439543462
		outer loop
			vertex 0.5744974613189697 1.8349411654472352 0.09899494796991348
			vertex 0.5950000286102295 1.7994297313690186 0
			vertex 0.7385597229003906 1.9498188066482545 0.09899494796991348
		endloop
	endfacet
	facet normal 0.5302106381601174 -0.7572189766226678 0.38143951109495805
		outer loop
			vertex 0.5950000286102295 1.7994297313690186 0
			vertex 0.764917254447937 1.9184070992469788 0
			vertex 0.7385597229003906 1.9498188066482545 0.09899494796991348
		endloop
	endfacet
	facet normal 0.6536451330744031 -0.6536451330744031 0.3814394840814093
		outer loop
			vertex 0.7385597229003906 1.9498188066482545 0.09899494796991348
			vertex 0.764917254447937 1.9184070992469788 0
			vertex 0.8801811933517456 2.0914402770996094 0.09899494796991348
		endloop
	endfacet
	facet normal 0.6536451330744031 -0.6536451330744031 0.3814394840814093
		outer loop
			vertex 0.764917254447937 1.9184070992469788 0
			vertex 0.9115929007530212 2.065082745552063 0
			vertex 0.8801811933517456 2.0914402770996094 0.09899494796991348
		endloop
	endfacet
	facet normal 0.757219053905506 -0.5302105307256281 0.381439507012709
		outer loop
			vertex 0.8801811933517456 2.0914402770996094 0.09899494796991348
			vertex 0.9115929007530212 2.065082745552063 0
			vertex 0.9950588345527649 2.2555025386810303 0.09899494796991348
		endloop
	endfacet
	facet normal 0.7572188992930443 -0.5302105840133114 0.3814397398720983
		outer loop
			vertex 0.9115929007530212 2.065082745552063 0
			vertex 1.0305702686309814 2.2349999713897706 0
			vertex 0.9950588345527649 2.2555025386810303 0.09899494796991348
		endloop
	endfacet
	facet normal 0.8377853552749008 -0.39066540046897963 0.3814396982005412
		outer loop
			vertex 0.9950588345527649 2.2555025386810303 0.09899494796991348
			vertex 1.0305702686309814 2.2349999713897706 0
			vertex 1.0797020196914673 2.4370205867290498 0.09899494796991348
		endloop
	endfacet
	facet normal 0.8377850100028592 -0.39066559198775835 0.38144026039651846
		outer loop
			vertex 1.0305702686309814 2.2349999713897706 0
			vertex 1.1182342767715454 2.4229960310459138 0
			vertex 1.0797020196914673 2.4370205867290498 0.09899494796991348
		endloop
	endfacet
	facet normal 0.892895489958391 -0.2392507662835264 0.3814403162287789
		outer loop
			vertex 1.0797020196914673 2.4370205867290498 0.09899494796991348
			vertex 1.1182342767715454 2.4229960310459138 0
			vertex 1.1315391063690186 2.6304791140556336 0.09899494796991348
		endloop
	endfacet
	facet normal 0.8928957466929659 -0.23925055826032493 0.3814398457289614
		outer loop
			vertex 1.1182342767715454 2.4229960310459138 0
			vertex 1.1719212532043457 2.6233586686849595 0
			vertex 1.1315391063690186 2.6304791140556336 0.09899494796991348
		endloop
	endfacet
	facet normal 0.9208760579809301 -0.08056621841106641 0.38143986457689893
		outer loop
			vertex 1.1315391063690186 2.6304791140556336 0.09899494796991348
			vertex 1.1719212532043457 2.6233586686849595 0
			vertex 1.1489949226379395 2.8299999999999996 0.09899494796991348
		endloop
	endfacet
	facet normal 0.9208759519219948 -0.08056634048958902 0.38144009484042957
		outer loop
			vertex 1.1719212532043457 2.6233586686849595 0
			vertex 1.190000057220459 2.8299999999999996 0
			vertex 1.1489949226379395 2.8299999999999996 0.09899494796991348
		endloop
	endfacet
	facet normal 0.38246907936947655 0.033461483556948814 0.9233621892001171
		outer loop
			vertex 1.0499999523162842 2.83 0.14000000059604645
			vertex 1.1489949226379395 2.83 0.09899494796991348
			vertex 1.0340481996536255 3.012330593466759 0.14000000059604645
		endloop
	endfacet
	facet normal 0.38246943169959724 0.033461740592352594 0.923362033945471
		outer loop
			vertex 1.1489949226379395 2.83 0.09899494796991348
			vertex 1.1315391063690186 3.0295208859443665 0.09899494796991348
			vertex 1.0340481996536255 3.012330593466759 0.14000000059604645
		endloop
	endfacet
	facet normal 0.3708482511595067 0.09936866782609903 0.9233620321771965
		outer loop
			vertex 1.0340481996536255 3.012330593466759 0.14000000059604645
			vertex 1.1315391063690186 3.0295208859443665 0.09899494796991348
			vertex 0.9866772294044495 3.1891211438179017 0.14000000059604645
		endloop
	endfacet
	facet normal 0.37084809574334054 0.09936850625767571 0.923362111984056
		outer loop
			vertex 1.1315391063690186 3.0295208859443665 0.09899494796991348
			vertex 1.0797020196914673 3.2229794132709504 0.09899494796991348
			vertex 0.9866772294044495 3.1891211438179017 0.14000000059604645
		endloop
	endfacet
	facet normal 0.3479589490523064 0.16225589540612054 0.9233621143302191
		outer loop
			vertex 0.9866772294044495 3.1891211438179017 0.14000000059604645
			vertex 1.0797020196914673 3.2229794132709504 0.09899494796991348
			vertex 0.9093266725540161 3.354999976158142 0.14000000059604645
		endloop
	endfacet
	facet normal 0.3479588430580158 0.16225573759925455 0.9233621820032749
		outer loop
			vertex 1.0797020196914673 3.2229794132709504 0.09899494796991348
			vertex 0.9950588345527649 3.40449746131897 0.09899494796991348
			vertex 0.9093266725540161 3.354999976158142 0.14000000059604645
		endloop
	endfacet
	facet normal 0.3144971090946992 0.22021316740179295 0.9233621874833012
		outer loop
			vertex 0.9093266725540161 3.354999976158142 0.14000000059604645
			vertex 0.9950588345527649 3.40449746131897 0.09899494796991348
			vertex 0.8043466806411743 3.504926996231079 0.14000000059604645
		endloop
	endfacet
	facet normal 0.3144971708553603 0.22021330685075172 0.9233621331903485
		outer loop
			vertex 0.9950588345527649 3.40449746131897 0.09899494796991348
			vertex 0.8801811933517456 3.5685597229003907 0.09899494796991348
			vertex 0.8043466806411743 3.504926996231079 0.14000000059604645
		endloop
	endfacet
	facet normal 0.2714796186440662 0.2714796186440662 0.9233621355252472
		outer loop
			vertex 0.8043466806411743 3.504926996231079 0.14000000059604645
			vertex 0.8801811933517456 3.5685597229003907 0.09899494796991348
			vertex 0.6749269962310791 3.6343466806411744 0.14000000059604645
		endloop
	endfacet
	facet normal 0.2714796186440662 0.2714796186440662 0.9233621355252473
		outer loop
			vertex 0.8801811933517456 3.5685597229003907 0.09899494796991348
			vertex 0.7385597229003906 3.7101811933517457 0.09899494796991348
			vertex 0.6749269962310791 3.6343466806411744 0.14000000059604645
		endloop
	endfacet
	facet normal 0.2202132456687579 0.3144972208715494 0.9233621307461679
		outer loop
			vertex 0.6749269962310791 3.6343466806411744 0.14000000059604645
			vertex 0.7385597229003906 3.7101811933517457 0.09899494796991348
			vertex 0.5249999761581421 3.739326672554016 0.14000000059604645
		endloop
	endfacet
	facet normal 0.22021323532708462 0.3144970687089855 0.9233621850391285
		outer loop
			vertex 0.7385597229003906 3.7101811933517457 0.09899494796991348
			vertex 0.5744974613189697 3.825058834552765 0.09899494796991348
			vertex 0.5249999761581421 3.739326672554016 0.14000000059604645
		endloop
	endfacet
	facet normal 0.16225582352616744 0.34795879490522363 0.9233621850498048
		outer loop
			vertex 0.5249999761581421 3.739326672554016 0.14000000059604645
			vertex 0.5744974613189697 3.825058834552765 0.09899494796991348
			vertex 0.3591211438179016 3.8166772294044495 0.14000000059604645
		endloop
	endfacet
	facet normal 0.1622558032861529 0.34795898392414165 0.9233621173767333
		outer loop
			vertex 0.5744974613189697 3.825058834552765 0.09899494796991348
			vertex 0.3929794132709503 3.9097020196914674 0.09899494796991348
			vertex 0.3591211438179016 3.8166772294044495 0.14000000059604645
		endloop
	endfacet
	facet normal 0.09936861591255906 0.3708480574158859 0.9233621155768122
		outer loop
			vertex 0.3591211438179016 3.8166772294044495 0.14000000059604645
			vertex 0.3929794132709503 3.9097020196914674 0.09899494796991348
			vertex 0.18233059346675873 3.8640481996536256 0.14000000059604645
		endloop
	endfacet
	facet normal 0.09936855369840543 0.37084827279445 0.9233620357699683
		outer loop
			vertex 0.3929794132709503 3.9097020196914674 0.09899494796991348
			vertex 0.19952088594436646 3.9615391063690186 0.09899494796991348
			vertex 0.18233059346675873 3.8640481996536256 0.14000000059604645
		endloop
	endfacet
	facet normal 0.0334615175649772 0.38246946808563387 0.9233620269561345
		outer loop
			vertex 0.18233059346675873 3.8640481996536256 0.14000000059604645
			vertex 0.19952088594436646 3.9615391063690186 0.09899494796991348
			vertex 6.429395645199886e-17 3.8799999523162843 0.14000000059604645
		endloop
	endfacet
	facet normal 0.03346170951417627 0.3824690764744286 0.923362182210852
		outer loop
			vertex 0.19952088594436646 3.9615391063690186 0.09899494796991348
			vertex 7.035564847735076e-17 3.9789949226379395 0.09899494796991348
			vertex 6.429395645199886e-17 3.8799999523162843 0.14000000059604645
		endloop
	endfacet
	facet normal -0.033461483556948814 0.3824690793694767 0.9233621892001174
		outer loop
			vertex 6.429395645199886e-17 3.8799999523162843 0.14000000059604645
			vertex 7.035564847735076e-17 3.9789949226379395 0.09899494796991348
			vertex -0.18233059346675873 3.8640481996536256 0.14000000059604645
		endloop
	endfacet
	facet normal -0.03346174059235259 0.3824694316995973 0.9233620339454711
		outer loop
			vertex 7.035564847735076e-17 3.9789949226379395 0.09899494796991348
			vertex -0.19952088594436646 3.9615391063690186 0.09899494796991348
			vertex -0.18233059346675873 3.8640481996536256 0.14000000059604645
		endloop
	endfacet
	facet normal -0.09936866782609903 0.3708482511595067 0.9233620321771965
		outer loop
			vertex -0.18233059346675873 3.8640481996536256 0.14000000059604645
			vertex -0.19952088594436646 3.9615391063690186 0.09899494796991348
			vertex -0.3591211438179016 3.8166772294044495 0.14000000059604645
		endloop
	endfacet
	facet normal -0.09936850625767571 0.37084809574334054 0.923362111984056
		outer loop
			vertex -0.19952088594436646 3.9615391063690186 0.09899494796991348
			vertex -0.3929794132709503 3.9097020196914674 0.09899494796991348
			vertex -0.3591211438179016 3.8166772294044495 0.14000000059604645
		endloop
	endfacet
	facet normal -0.16225589540612054 0.3479589490523064 0.9233621143302191
		outer loop
			vertex -0.3591211438179016 3.8166772294044495 0.14000000059604645
			vertex -0.3929794132709503 3.9097020196914674 0.09899494796991348
			vertex -0.5249999761581421 3.739326672554016 0.14000000059604645
		endloop
	endfacet
	facet normal -0.16225573759925455 0.3479588430580158 0.9233621820032749
		outer loop
			vertex -0.3929794132709503 3.9097020196914674 0.09899494796991348
			vertex -0.5744974613189697 3.825058834552765 0.09899494796991348
			vertex -0.5249999761581421 3.739326672554016 0.14000000059604645
		endloop
	endfacet
	facet normal -0.22021316740179295 0.3144971090946992 0.9233621874833012
		outer loop
			vertex -0.5249999761581421 3.739326672554016 0.14000000059604645
			vertex -0.5744974613189697 3.825058834552765 0.09899494796991348
			vertex -0.6749269962310791 3.6343466806411744 0.14000000059604645
		endloop
	endfacet
	facet normal -0.22021330685075172 0.3144971708553603 0.9233621331903485
		outer loop
			vertex -0.5744974613189697 3.825058834552765 0.09899494796991348
			vertex -0.7385597229003906 3.7101811933517457 0.09899494796991348
			vertex -0.6749269962310791 3.6343466806411744 0.14000000059604645
		endloop
	endfacet
	facet normal -0.2714796186440662 0.2714796186440662 0.9233621355252472
		outer loop
			vertex -0.6749269962310791 3.6343466806411744 0.14000000059604645
			vertex -0.7385597229003906 3.7101811933517457 0.09899494796991348
			vertex -0.8043466806411743 3.504926996231079 0.14000000059604645
		endloop
	endfacet
	facet normal -0.2714796186440662 0.2714796186440662 0.9233621355252473
		outer loop
			vertex -0.7385597229003906 3.7101811933517457 0.09899494796991348
			vertex -0.8801811933517456 3.5685597229003907 0.09899494796991348
			vertex -0.8043466806411743 3.504926996231079 0.14000000059604645
		endloop
	endfacet
	facet normal -0.3144972208715494 0.2202132456687579 0.9233621307461679
		outer loop
			vertex -0.8043466806411743 3.504926996231079 0.14000000059604645
			vertex -0.8801811933517456 3.5685597229003907 0.09899494796991348
			vertex -0.9093266725540161 3.354999976158142 0.14000000059604645
		endloop
	endfacet
	facet normal -0.3144970687089855 0.22021323532708462 0.9233621850391285
		outer loop
			vertex -0.8801811933517456 3.5685597229003907 0.09899494796991348
			vertex -0.9950588345527649 3.40449746131897 0.09899494796991348
			vertex -0.9093266725540161 3.354999976158142 0.14000000059604645
		endloop
	endfacet
	facet normal -0.34795879490522363 0.16225582352616744 0.9233621850498048
		outer loop
			vertex -0.9093266725540161 3.354999976158142 0.14000000059604645
			vertex -0.9950588345527649 3.40449746131897 0.09899494796991348
			vertex -0.9866772294044495 3.1891211438179017 0.14000000059604645
		endloop
	endfacet
	facet normal -0.34795898392414165 0.1622558032861529 0.9233621173767333
		outer loop
			vertex -0.9950588345527649 3.40449746131897 0.09899494796991348
			vertex -1.0797020196914673 3.2229794132709504 0.09899494796991348
			vertex -0.9866772294044495 3.1891211438179017 0.14000000059604645
		endloop
	endfacet
	facet normal -0.3708480574158859 0.09936861591255906 0.9233621155768122
		outer loop
			vertex -0.9866772294044495 3.1891211438179017 0.14000000059604645
			vertex -1.0797020196914673 3.2229794132709504 0.09899494796991348
			vertex -1.0340481996536255 3.012330593466759 0.14000000059604645
		endloop
	endfacet
	facet normal -0.37084827279445 0.09936855369840543 0.9233620357699683
		outer loop
			vertex -1.0797020196914673 3.2229794132709504 0.09899494796991348
			vertex -1.1315391063690186 3.0295208859443665 0.09899494796991348
			vertex -1.0340481996536255 3.012330593466759 0.14000000059604645
		endloop
	endfacet
	facet normal -0.38246946808563387 0.03346151756497719 0.9233620269561345
		outer loop
			vertex -1.0340481996536255 3.012330593466759 0.14000000059604645
			vertex -1.1315391063690186 3.0295208859443665 0.09899494796991348
			vertex -1.0499999523162842 2.83 0.14000000059604645
		endloop
	endfacet
	facet normal -0.38246907647442857 0.03346170951417625 0.923362182210852
		outer loop
			vertex -1.1315391063690186 3.0295208859443665 0.09899494796991348
			vertex -1.1489949226379395 2.83 0.09899494796991348
			vertex -1.0499999523162842 2.83 0.14000000059604645
		endloop
	endfacet
	facet normal -0.38246907936947655 -0.033461483556948814 0.9233621892001171
		outer loop
			vertex -1.0499999523162842 2.83 0.14000000059604645
			vertex -1.1489949226379395 2.83 0.09899494796991348
			vertex -1.0340481996536255 2.6476694065332413 0.14000000059604645
		endloop
	endfacet
	facet normal -0.38246943169959724 -0.033461740592352594 0.923362033945471
		outer loop
			vertex -1.1489949226379395 2.83 0.09899494796991348
			vertex -1.1315391063690186 2.6304791140556336 0.09899494796991348
			vertex -1.0340481996536255 2.6476694065332413 0.14000000059604645
		endloop
	endfacet
	facet normal -0.3708482511595067 -0.09936866782609903 0.9233620321771965
		outer loop
			vertex -1.0340481996536255 2.6476694065332413 0.14000000059604645
			vertex -1.1315391063690186 2.6304791140556336 0.09899494796991348
			vertex -0.9866772294044495 2.4708788561820985 0.14000000059604645
		endloop
	endfacet
	facet normal -0.37084809574334054 -0.09936850625767571 0.923362111984056
		outer loop
			vertex -1.1315391063690186 2.6304791140556336 0.09899494796991348
			vertex -1.0797020196914673 2.4370205867290498 0.09899494796991348
			vertex -0.9866772294044495 2.4708788561820985 0.14000000059604645
		endloop
	endfacet
	facet normal -0.3479589490523064 -0.16225589540612054 0.9233621143302191
		outer loop
			vertex -0.9866772294044495 2.4708788561820985 0.14000000059604645
			vertex -1.0797020196914673 2.4370205867290498 0.09899494796991348
			vertex -0.9093266725540161 2.305000023841858 0.14000000059604645
		endloop
	endfacet
	facet normal -0.3479588430580158 -0.16225573759925455 0.9233621820032749
		outer loop
			vertex -1.0797020196914673 2.4370205867290498 0.09899494796991348
			vertex -0.9950588345527649 2.2555025386810303 0.09899494796991348
			vertex -0.9093266725540161 2.305000023841858 0.14000000059604645
		endloop
	endfacet
	facet normal -0.3144971090946992 -0.22021316740179295 0.9233621874833012
		outer loop
			vertex -0.9093266725540161 2.305000023841858 0.14000000059604645
			vertex -0.9950588345527649 2.2555025386810303 0.09899494796991348
			vertex -0.8043466806411743 2.155073003768921 0.14000000059604645
		endloop
	endfacet
	facet normal -0.3144971708553603 -0.22021330685075172 0.9233621331903485
		outer loop
			vertex -0.9950588345527649 2.2555025386810303 0.09899494796991348
			vertex -0.8801811933517456 2.0914402770996094 0.09899494796991348
			vertex -0.8043466806411743 2.155073003768921 0.14000000059604645
		endloop
	endfacet
	facet normal -0.2714796186440662 -0.2714796186440662 0.9233621355252472
		outer loop
			vertex -0.8043466806411743 2.155073003768921 0.14000000059604645
			vertex -0.8801811933517456 2.0914402770996094 0.09899494796991348
			vertex -0.6749269962310791 2.0256533193588258 0.14000000059604645
		endloop
	endfacet
	facet normal -0.2714796186440662 -0.2714796186440662 0.9233621355252473
		outer loop
			vertex -0.8801811933517456 2.0914402770996094 0.09899494796991348
			vertex -0.7385597229003906 1.9498188066482545 0.09899494796991348
			vertex -0.6749269962310791 2.0256533193588258 0.14000000059604645
		endloop
	endfacet
	facet normal -0.2202132456687579 -0.3144972208715494 0.9233621307461679
		outer loop
			vertex -0.6749269962310791 2.0256533193588258 0.14000000059604645
			vertex -0.7385597229003906 1.9498188066482545 0.09899494796991348
			vertex -0.5249999761581421 1.920673327445984 0.14000000059604645
		endloop
	endfacet
	facet normal -0.22021323532708462 -0.3144970687089855 0.9233621850391285
		outer loop
			vertex -0.7385597229003906 1.9498188066482545 0.09899494796991348
			vertex -0.5744974613189697 1.8349411654472352 0.09899494796991348
			vertex -0.5249999761581421 1.920673327445984 0.14000000059604645
		endloop
	endfacet
	facet normal -0.16225582352616744 -0.34795879490522363 0.9233621850498048
		outer loop
			vertex -0.5249999761581421 1.920673327445984 0.14000000059604645
			vertex -0.5744974613189697 1.8349411654472352 0.09899494796991348
			vertex -0.3591211438179016 1.8433227705955506 0.14000000059604645
		endloop
	endfacet
	facet normal -0.1622558032861529 -0.34795898392414165 0.9233621173767333
		outer loop
			vertex -0.5744974613189697 1.8349411654472352 0.09899494796991348
			vertex -0.3929794132709503 1.7502979803085328 0.09899494796991348
			vertex -0.3591211438179016 1.8433227705955506 0.14000000059604645
		endloop
	endfacet
	facet normal -0.09936861591255906 -0.3708480574158859 0.9233621155768122
		outer loop
			vertex -0.3591211438179016 1.8433227705955506 0.14000000059604645
			vertex -0.3929794132709503 1.7502979803085328 0.09899494796991348
			vertex -0.18233059346675873 1.7959518003463746 0.14000000059604645
		endloop
	endfacet
	facet normal -0.09936855369840543 -0.37084827279445 0.9233620357699683
		outer loop
			vertex -0.3929794132709503 1.7502979803085328 0.09899494796991348
			vertex -0.19952088594436646 1.6984608936309815 0.09899494796991348
			vertex -0.18233059346675873 1.7959518003463746 0.14000000059604645
		endloop
	endfacet
	facet normal -0.03346151756497723 -0.3824694680856338 0.9233620269561346
		outer loop
			vertex -0.18233059346675873 1.7959518003463746 0.14000000059604645
			vertex -0.19952088594436646 1.6984608936309815 0.09899494796991348
			vertex -1.9288186935599659e-16 1.780000047683716 0.14000000059604645
		endloop
	endfacet
	facet normal -0.03346170951417629 -0.38246907647442857 0.923362182210852
		outer loop
			vertex -0.19952088594436646 1.6984608936309815 0.09899494796991348
			vertex -2.1106695204949717e-16 1.6810050773620606 0.09899494796991348
			vertex -1.9288186935599659e-16 1.780000047683716 0.14000000059604645
		endloop
	endfacet
	facet normal 0.033461483556948786 -0.3824690793694766 0.9233621892001173
		outer loop
			vertex -1.9288186935599659e-16 1.780000047683716 0.14000000059604645
			vertex -2.1106695204949717e-16 1.6810050773620606 0.09899494796991348
			vertex 0.18233059346675873 1.7959518003463746 0.14000000059604645
		endloop
	endfacet
	facet normal 0.03346174059235256 -0.38246943169959724 0.923362033945471
		outer loop
			vertex -2.1106695204949717e-16 1.6810050773620606 0.09899494796991348
			vertex 0.19952088594436646 1.6984608936309815 0.09899494796991348
			vertex 0.18233059346675873 1.7959518003463746 0.14000000059604645
		endloop
	endfacet
	facet normal 0.09936866782609903 -0.3708482511595067 0.9233620321771965
		outer loop
			vertex 0.18233059346675873 1.7959518003463746 0.14000000059604645
			vertex 0.19952088594436646 1.6984608936309815 0.09899494796991348
			vertex 0.3591211438179016 1.8433227705955506 0.14000000059604645
		endloop
	endfacet
	facet normal 0.09936850625767571 -0.37084809574334054 0.923362111984056
		outer loop
			vertex 0.19952088594436646 1.6984608936309815 0.09899494796991348
			vertex 0.3929794132709503 1.7502979803085328 0.09899494796991348
			vertex 0.3591211438179016 1.8433227705955506 0.14000000059604645
		endloop
	endfacet
	facet normal 0.16225589540612054 -0.3479589490523064 0.9233621143302191
		outer loop
			vertex 0.3591211438179016 1.8433227705955506 0.14000000059604645
			vertex 0.3929794132709503 1.7502979803085328 0.09899494796991348
			vertex 0.5249999761581421 1.920673327445984 0.14000000059604645
		endloop
	endfacet
	facet normal 0.16225573759925455 -0.3479588430580158 0.9233621820032749
		outer loop
			vertex 0.3929794132709503 1.7502979803085328 0.09899494796991348
			vertex 0.5744974613189697 1.8349411654472352 0.09899494796991348
			vertex 0.5249999761581421 1.920673327445984 0.14000000059604645
		endloop
	endfacet
	facet normal 0.22021316740179295 -0.3144971090946992 0.9233621874833012
		outer loop
			vertex 0.5249999761581421 1.920673327445984 0.14000000059604645
			vertex 0.5744974613189697 1.8349411654472352 0.09899494796991348
			vertex 0.6749269962310791 2.0256533193588258 0.14000000059604645
		endloop
	endfacet
	facet normal 0.22021330685075172 -0.3144971708553603 0.9233621331903485
		outer loop
			vertex 0.5744974613189697 1.8349411654472352 0.09899494796991348
			vertex 0.7385597229003906 1.9498188066482545 0.09899494796991348
			vertex 0.6749269962310791 2.0256533193588258 0.14000000059604645
		endloop
	endfacet
	facet normal 0.2714796186440662 -0.2714796186440662 0.9233621355252472
		outer loop
			vertex 0.6749269962310791 2.0256533193588258 0.14000000059604645
			vertex 0.7385597229003906 1.9498188066482545 0.09899494796991348
			vertex 0.8043466806411743 2.155073003768921 0.14000000059604645
		endloop
	endfacet
	facet normal 0.2714796186440662 -0.2714796186440662 0.9233621355252473
		outer loop
			vertex 0.7385597229003906 1.9498188066482545 0.09899494796991348
			vertex 0.8801811933517456 2.0914402770996094 0.09899494796991348
			vertex 0.8043466806411743 2.155073003768921 0.14000000059604645
		endloop
	endfacet
	facet normal 0.3144972208715494 -0.2202132456687579 0.9233621307461679
		outer loop
			vertex 0.8043466806411743 2.155073003768921 0.14000000059604645
			vertex 0.8801811933517456 2.0914402770996094 0.09899494796991348
			vertex 0.9093266725540161 2.305000023841858 0.14000000059604645
		endloop
	endfacet
	facet normal 0.3144970687089855 -0.22021323532708462 0.9233621850391285
		outer loop
			vertex 0.8801811933517456 2.0914402770996094 0.09899494796991348
			vertex 0.9950588345527649 2.2555025386810303 0.09899494796991348
			vertex 0.9093266725540161 2.305000023841858 0.14000000059604645
		endloop
	endfacet
	facet normal 0.34795879490522363 -0.16225582352616744 0.9233621850498048
		outer loop
			vertex 0.9093266725540161 2.305000023841858 0.14000000059604645
			vertex 0.9950588345527649 2.2555025386810303 0.09899494796991348
			vertex 0.9866772294044495 2.4708788561820985 0.14000000059604645
		endloop
	endfacet
	facet normal 0.34795898392414165 -0.1622558032861529 0.9233621173767333
		outer loop
			vertex 0.9950588345527649 2.2555025386810303 0.09899494796991348
			vertex 1.0797020196914673 2.4370205867290498 0.09899494796991348
			vertex 0.9866772294044495 2.4708788561820985 0.14000000059604645
		endloop
	endfacet
	facet normal 0.3708480574158859 -0.09936861591255906 0.9233621155768122
		outer loop
			vertex 0.9866772294044495 2.4708788561820985 0.14000000059604645
			vertex 1.0797020196914673 2.4370205867290498 0.09899494796991348
			vertex 1.0340481996536255 2.6476694065332413 0.14000000059604645
		endloop
	endfacet
	facet normal 0.37084827279445 -0.09936855369840543 0.9233620357699683
		outer loop
			vertex 1.0797020196914673 2.4370205867290498 0.09899494796991348
			vertex 1.1315391063690186 2.6304791140556336 0.09899494796991348
			vertex 1.0340481996536255 2.6476694065332413 0.14000000059604645
		endloop
	endfacet
	facet normal 0.38246946808563387 -0.03346151756497727 0.9233620269561346
		outer loop
			vertex 1.0340481996536255 2.6476694065332413 0.14000000059604645
			vertex 1.1315391063690186 2.6304791140556336 0.09899494796991348
			vertex 1.0499999523162842 2.8299999999999996 0.14000000059604645
		endloop
	endfacet
	facet normal 0.3824690764744286 -0.033461709514176326 0.923362182210852
		outer loop
			vertex 1.1315391063690186 2.6304791140556336 0.09899494796991348
			vertex 1.1489949226379395 2.8299999999999996 0.09899494796991348
			vertex 1.0499999523162842 2.8299999999999996 0.14000000059604645
		endloop
	endfacet
	facet normal -0.38246927390660185 -0.03346164140894337 0.9233621028998191
		outer loop
			vertex 0.9510050415992737 2.83 0.09899494796991348
			vertex 1.0499999523162842 2.83 0.14000000059604645
			vertex 0.9365571737289429 2.995140300989151 0.09899494796991348
		endloop
	endfacet
	facet normal -0.38246907540645614 -0.03346148321023179 0.9233621908542183
		outer loop
			vertex 1.0499999523162842 2.83 0.14000000059604645
			vertex 1.0340481996536255 3.012330593466759 0.14000000059604645
			vertex 0.9365571737289429 2.995140300989151 0.09899494796991348
		endloop
	endfacet
	facet normal -0.37084790564965875 -0.09936844404692681 0.9233621950258495
		outer loop
			vertex 0.9365571737289429 2.995140300989151 0.09899494796991348
			vertex 1.0340481996536255 3.012330593466759 0.14000000059604645
			vertex 0.8936524391174316 3.155262874364853 0.09899494796991348
		endloop
	endfacet
	facet normal -0.3708480574158859 -0.09936861591255906 0.9233621155768122
		outer loop
			vertex 1.0340481996536255 3.012330593466759 0.14000000059604645
			vertex 0.9866772294044495 3.1891211438179017 0.14000000059604645
			vertex 0.8936524391174316 3.155262874364853 0.09899494796991348
		endloop
	endfacet
	facet normal -0.34795891727640493 -0.16225597934763586 0.9233621115541679
		outer loop
			vertex 0.8936524391174316 3.155262874364853 0.09899494796991348
			vertex 0.9866772294044495 3.1891211438179017 0.14000000059604645
			vertex 0.8235945105552673 3.305502520799637 0.09899494796991348
		endloop
	endfacet
	facet normal -0.34795883279420875 -0.16225584119408842 0.9233621676671027
		outer loop
			vertex 0.9866772294044495 3.1891211438179017 0.14000000059604645
			vertex 0.9093266725540161 3.354999976158142 0.14000000059604645
			vertex 0.8235945105552673 3.305502520799637 0.09899494796991348
		endloop
	endfacet
	facet normal -0.3144971261264547 -0.22021324947143348 0.9233621621094472
		outer loop
			vertex 0.8235945105552673 3.305502520799637 0.09899494796991348
			vertex 0.9093266725540161 3.354999976158142 0.14000000059604645
			vertex 0.7285121083259583 3.4412942695617676 0.09899494796991348
		endloop
	endfacet
	facet normal -0.31449708811735666 -0.2202131527133048 0.9233621981312481
		outer loop
			vertex 0.9093266725540161 3.354999976158142 0.14000000059604645
			vertex 0.8043466806411743 3.504926996231079 0.14000000059604645
			vertex 0.7285121083259583 3.4412942695617676 0.09899494796991348
		endloop
	endfacet
	facet normal -0.2714795197229272 -0.2714795197229272 0.9233621936932536
		outer loop
			vertex 0.7285121083259583 3.4412942695617676 0.09899494796991348
			vertex 0.8043466806411743 3.504926996231079 0.14000000059604645
			vertex 0.6112942695617676 3.5585121083259583 0.09899494796991348
		endloop
	endfacet
	facet normal -0.2714795197229272 -0.2714795197229272 0.9233621936932536
		outer loop
			vertex 0.8043466806411743 3.504926996231079 0.14000000059604645
			vertex 0.6749269962310791 3.6343466806411744 0.14000000059604645
			vertex 0.6112942695617676 3.5585121083259583 0.09899494796991348
		endloop
	endfacet
	facet normal -0.2202131973222211 -0.31449705164965797 0.9233621999133369
		outer loop
			vertex 0.6112942695617676 3.5585121083259583 0.09899494796991348
			vertex 0.6749269962310791 3.6343466806411744 0.14000000059604645
			vertex 0.47550252079963684 3.6535945105552674 0.09899494796991348
		endloop
	endfacet
	facet normal -0.22021319994583152 -0.31449715557241975 0.923362163891544
		outer loop
			vertex 0.6749269962310791 3.6343466806411744 0.14000000059604645
			vertex 0.5249999761581421 3.739326672554016 0.14000000059604645
			vertex 0.47550252079963684 3.6535945105552674 0.09899494796991348
		endloop
	endfacet
	facet normal -0.1622559194923825 -0.3479587889164564 0.9233621704431444
		outer loop
			vertex 0.47550252079963684 3.6535945105552674 0.09899494796991348
			vertex 0.5249999761581421 3.739326672554016 0.14000000059604645
			vertex 0.3252628743648529 3.7236524391174317 0.09899494796991348
		endloop
	endfacet
	facet normal -0.16225589540612054 -0.3479589490523064 0.9233621143302191
		outer loop
			vertex 0.5249999761581421 3.739326672554016 0.14000000059604645
			vertex 0.3591211438179016 3.8166772294044495 0.14000000059604645
			vertex 0.3252628743648529 3.7236524391174317 0.09899494796991348
		endloop
	endfacet
	facet normal -0.09936849594796374 -0.3708480993468735 0.9233621116462659
		outer loop
			vertex 0.3252628743648529 3.7236524391174317 0.09899494796991348
			vertex 0.3591211438179016 3.8166772294044495 0.14000000059604645
			vertex 0.165140300989151 3.766557173728943 0.09899494796991348
		endloop
	endfacet
	facet normal -0.09936856890474625 -0.3708478819806551 0.9233621910952846
		outer loop
			vertex 0.3591211438179016 3.8166772294044495 0.14000000059604645
			vertex 0.18233059346675873 3.8640481996536256 0.14000000059604645
			vertex 0.165140300989151 3.766557173728943 0.09899494796991348
		endloop
	endfacet
	facet normal -0.03346162206061051 -0.3824690527535886 0.9233621952055681
		outer loop
			vertex 0.165140300989151 3.766557173728943 0.09899494796991348
			vertex 0.18233059346675873 3.8640481996536256 0.14000000059604645
			vertex 5.823226442664697e-17 3.7810050415992738 0.09899494796991348
		endloop
	endfacet
	facet normal -0.0334615007343138 -0.38246927570897715 0.923362107251136
		outer loop
			vertex 0.18233059346675873 3.8640481996536256 0.14000000059604645
			vertex 6.429395645199886e-17 3.8799999523162843 0.14000000059604645
			vertex 5.823226442664697e-17 3.7810050415992738 0.09899494796991348
		endloop
	endfacet
	facet normal 0.03346164140894336 -0.38246927390660185 0.9233621028998191
		outer loop
			vertex 5.823226442664697e-17 3.7810050415992738 0.09899494796991348
			vertex 6.429395645199886e-17 3.8799999523162843 0.14000000059604645
			vertex -0.165140300989151 3.766557173728943 0.09899494796991348
		endloop
	endfacet
	facet normal 0.03346148321023178 -0.3824690754064562 0.9233621908542184
		outer loop
			vertex 6.429395645199886e-17 3.8799999523162843 0.14000000059604645
			vertex -0.18233059346675873 3.8640481996536256 0.14000000059604645
			vertex -0.165140300989151 3.766557173728943 0.09899494796991348
		endloop
	endfacet
	facet normal 0.09936844404692681 -0.37084790564965875 0.9233621950258495
		outer loop
			vertex -0.165140300989151 3.766557173728943 0.09899494796991348
			vertex -0.18233059346675873 3.8640481996536256 0.14000000059604645
			vertex -0.3252628743648529 3.7236524391174317 0.09899494796991348
		endloop
	endfacet
	facet normal 0.09936861591255906 -0.3708480574158859 0.9233621155768122
		outer loop
			vertex -0.18233059346675873 3.8640481996536256 0.14000000059604645
			vertex -0.3591211438179016 3.8166772294044495 0.14000000059604645
			vertex -0.3252628743648529 3.7236524391174317 0.09899494796991348
		endloop
	endfacet
	facet normal 0.16225597934763586 -0.34795891727640493 0.9233621115541679
		outer loop
			vertex -0.3252628743648529 3.7236524391174317 0.09899494796991348
			vertex -0.3591211438179016 3.8166772294044495 0.14000000059604645
			vertex -0.47550252079963684 3.6535945105552674 0.09899494796991348
		endloop
	endfacet
	facet normal 0.16225584119408842 -0.34795883279420875 0.9233621676671027
		outer loop
			vertex -0.3591211438179016 3.8166772294044495 0.14000000059604645
			vertex -0.5249999761581421 3.739326672554016 0.14000000059604645
			vertex -0.47550252079963684 3.6535945105552674 0.09899494796991348
		endloop
	endfacet
	facet normal 0.22021324947143348 -0.3144971261264547 0.9233621621094472
		outer loop
			vertex -0.47550252079963684 3.6535945105552674 0.09899494796991348
			vertex -0.5249999761581421 3.739326672554016 0.14000000059604645
			vertex -0.6112942695617676 3.5585121083259583 0.09899494796991348
		endloop
	endfacet
	facet normal 0.2202131527133048 -0.31449708811735666 0.9233621981312481
		outer loop
			vertex -0.5249999761581421 3.739326672554016 0.14000000059604645
			vertex -0.6749269962310791 3.6343466806411744 0.14000000059604645
			vertex -0.6112942695617676 3.5585121083259583 0.09899494796991348
		endloop
	endfacet
	facet normal 0.2714795197229272 -0.2714795197229272 0.9233621936932536
		outer loop
			vertex -0.6112942695617676 3.5585121083259583 0.09899494796991348
			vertex -0.6749269962310791 3.6343466806411744 0.14000000059604645
			vertex -0.7285121083259583 3.4412942695617676 0.09899494796991348
		endloop
	endfacet
	facet normal 0.2714795197229272 -0.2714795197229272 0.9233621936932536
		outer loop
			vertex -0.6749269962310791 3.6343466806411744 0.14000000059604645
			vertex -0.8043466806411743 3.504926996231079 0.14000000059604645
			vertex -0.7285121083259583 3.4412942695617676 0.09899494796991348
		endloop
	endfacet
	facet normal 0.31449705164965797 -0.2202131973222211 0.9233621999133369
		outer loop
			vertex -0.7285121083259583 3.4412942695617676 0.09899494796991348
			vertex -0.8043466806411743 3.504926996231079 0.14000000059604645
			vertex -0.8235945105552673 3.305502520799637 0.09899494796991348
		endloop
	endfacet
	facet normal 0.31449715557241975 -0.22021319994583152 0.923362163891544
		outer loop
			vertex -0.8043466806411743 3.504926996231079 0.14000000059604645
			vertex -0.9093266725540161 3.354999976158142 0.14000000059604645
			vertex -0.8235945105552673 3.305502520799637 0.09899494796991348
		endloop
	endfacet
	facet normal 0.3479587889164564 -0.1622559194923825 0.9233621704431444
		outer loop
			vertex -0.8235945105552673 3.305502520799637 0.09899494796991348
			vertex -0.9093266725540161 3.354999976158142 0.14000000059604645
			vertex -0.8936524391174316 3.155262874364853 0.09899494796991348
		endloop
	endfacet
	facet normal 0.3479589490523064 -0.16225589540612054 0.9233621143302191
		outer loop
			vertex -0.9093266725540161 3.354999976158142 0.14000000059604645
			vertex -0.9866772294044495 3.1891211438179017 0.14000000059604645
			vertex -0.8936524391174316 3.155262874364853 0.09899494796991348
		endloop
	endfacet
	facet normal 0.3708480993468735 -0.09936849594796374 0.9233621116462659
		outer loop
			vertex -0.8936524391174316 3.155262874364853 0.09899494796991348
			vertex -0.9866772294044495 3.1891211438179017 0.14000000059604645
			vertex -0.9365571737289429 2.995140300989151 0.09899494796991348
		endloop
	endfacet
	facet normal 0.3708478819806551 -0.09936856890474625 0.9233621910952846
		outer loop
			vertex -0.9866772294044495 3.1891211438179017 0.14000000059604645
			vertex -1.0340481996536255 3.012330593466759 0.14000000059604645
			vertex -0.9365571737289429 2.995140300989151 0.09899494796991348
		endloop
	endfacet
	facet normal 0.38246905275358867 -0.0334616220606105 0.9233621952055681
		outer loop
			vertex -0.9365571737289429 2.995140300989151 0.09899494796991348
			vertex -1.0340481996536255 3.012330593466759 0.14000000059604645
			vertex -0.9510050415992737 2.83 0.09899494796991348
		endloop
	endfacet
	facet normal 0.38246927570897704 -0.03346150073431379 0.9233621072511359
		outer loop
			vertex -1.0340481996536255 3.012330593466759 0.14000000059604645
			vertex -1.0499999523162842 2.83 0.14000000059604645
			vertex -0.9510050415992737 2.83 0.09899494796991348
		endloop
	endfacet
	facet normal 0.38246927390660185 0.03346164140894337 0.9233621028998191
		outer loop
			vertex -0.9510050415992737 2.83 0.09899494796991348
			vertex -1.0499999523162842 2.83 0.14000000059604645
			vertex -0.9365571737289429 2.664859699010849 0.09899494796991348
		endloop
	endfacet
	facet normal 0.38246907540645614 0.03346148321023179 0.9233621908542183
		outer loop
			vertex -1.0499999523162842 2.83 0.14000000059604645
			vertex -1.0340481996536255 2.6476694065332413 0.14000000059604645
			vertex -0.9365571737289429 2.664859699010849 0.09899494796991348
		endloop
	endfacet
	facet normal 0.37084790564965875 0.09936844404692681 0.9233621950258495
		outer loop
			vertex -0.9365571737289429 2.664859699010849 0.09899494796991348
			vertex -1.0340481996536255 2.6476694065332413 0.14000000059604645
			vertex -0.8936524391174316 2.504737125635147 0.09899494796991348
		endloop
	endfacet
	facet normal 0.3708480574158859 0.09936861591255906 0.9233621155768122
		outer loop
			vertex -1.0340481996536255 2.6476694065332413 0.14000000059604645
			vertex -0.9866772294044495 2.4708788561820985 0.14000000059604645
			vertex -0.8936524391174316 2.504737125635147 0.09899494796991348
		endloop
	endfacet
	facet normal 0.34795891727640493 0.16225597934763586 0.9233621115541679
		outer loop
			vertex -0.8936524391174316 2.504737125635147 0.09899494796991348
			vertex -0.9866772294044495 2.4708788561820985 0.14000000059604645
			vertex -0.8235945105552673 2.3544974792003632 0.09899494796991348
		endloop
	endfacet
	facet normal 0.34795883279420875 0.16225584119408842 0.9233621676671027
		outer loop
			vertex -0.9866772294044495 2.4708788561820985 0.14000000059604645
			vertex -0.9093266725540161 2.305000023841858 0.14000000059604645
			vertex -0.8235945105552673 2.3544974792003632 0.09899494796991348
		endloop
	endfacet
	facet normal 0.3144971261264547 0.22021324947143348 0.9233621621094472
		outer loop
			vertex -0.8235945105552673 2.3544974792003632 0.09899494796991348
			vertex -0.9093266725540161 2.305000023841858 0.14000000059604645
			vertex -0.7285121083259583 2.2187057304382325 0.09899494796991348
		endloop
	endfacet
	facet normal 0.31449708811735666 0.2202131527133048 0.9233621981312481
		outer loop
			vertex -0.9093266725540161 2.305000023841858 0.14000000059604645
			vertex -0.8043466806411743 2.155073003768921 0.14000000059604645
			vertex -0.7285121083259583 2.2187057304382325 0.09899494796991348
		endloop
	endfacet
	facet normal 0.2714795197229272 0.2714795197229272 0.9233621936932536
		outer loop
			vertex -0.7285121083259583 2.2187057304382325 0.09899494796991348
			vertex -0.8043466806411743 2.155073003768921 0.14000000059604645
			vertex -0.6112942695617676 2.101487891674042 0.09899494796991348
		endloop
	endfacet
	facet normal 0.2714795197229272 0.2714795197229272 0.9233621936932536
		outer loop
			vertex -0.8043466806411743 2.155073003768921 0.14000000059604645
			vertex -0.6749269962310791 2.0256533193588258 0.14000000059604645
			vertex -0.6112942695617676 2.101487891674042 0.09899494796991348
		endloop
	endfacet
	facet normal 0.2202131973222211 0.31449705164965797 0.9233621999133369
		outer loop
			vertex -0.6112942695617676 2.101487891674042 0.09899494796991348
			vertex -0.6749269962310791 2.0256533193588258 0.14000000059604645
			vertex -0.47550252079963684 2.0064054894447327 0.09899494796991348
		endloop
	endfacet
	facet normal 0.22021319994583152 0.31449715557241975 0.923362163891544
		outer loop
			vertex -0.6749269962310791 2.0256533193588258 0.14000000059604645
			vertex -0.5249999761581421 1.920673327445984 0.14000000059604645
			vertex -0.47550252079963684 2.0064054894447327 0.09899494796991348
		endloop
	endfacet
	facet normal 0.1622559194923825 0.3479587889164564 0.9233621704431444
		outer loop
			vertex -0.47550252079963684 2.0064054894447327 0.09899494796991348
			vertex -0.5249999761581421 1.920673327445984 0.14000000059604645
			vertex -0.3252628743648529 1.9363475608825684 0.09899494796991348
		endloop
	endfacet
	facet normal 0.16225589540612054 0.3479589490523064 0.9233621143302191
		outer loop
			vertex -0.5249999761581421 1.920673327445984 0.14000000059604645
			vertex -0.3591211438179016 1.8433227705955506 0.14000000059604645
			vertex -0.3252628743648529 1.9363475608825684 0.09899494796991348
		endloop
	endfacet
	facet normal 0.09936849594796374 0.3708480993468735 0.9233621116462659
		outer loop
			vertex -0.3252628743648529 1.9363475608825684 0.09899494796991348
			vertex -0.3591211438179016 1.8433227705955506 0.14000000059604645
			vertex -0.165140300989151 1.8934428262710572 0.09899494796991348
		endloop
	endfacet
	facet normal 0.09936856890474625 0.3708478819806551 0.9233621910952846
		outer loop
			vertex -0.3591211438179016 1.8433227705955506 0.14000000059604645
			vertex -0.18233059346675873 1.7959518003463746 0.14000000059604645
			vertex -0.165140300989151 1.8934428262710572 0.09899494796991348
		endloop
	endfacet
	facet normal 0.033461622060610534 0.3824690527535887 0.9233621952055682
		outer loop
			vertex -0.165140300989151 1.8934428262710572 0.09899494796991348
			vertex -0.18233059346675873 1.7959518003463746 0.14000000059604645
			vertex -1.746967998973858e-16 1.8789949584007264 0.09899494796991348
		endloop
	endfacet
	facet normal 0.03346150073431383 0.38246927570897715 0.9233621072511359
		outer loop
			vertex -0.18233059346675873 1.7959518003463746 0.14000000059604645
			vertex -1.9288186935599659e-16 1.780000047683716 0.14000000059604645
			vertex -1.746967998973858e-16 1.8789949584007264 0.09899494796991348
		endloop
	endfacet
	facet normal -0.03346164140894334 0.38246927390660185 0.9233621028998191
		outer loop
			vertex -1.746967998973858e-16 1.8789949584007264 0.09899494796991348
			vertex -1.9288186935599659e-16 1.780000047683716 0.14000000059604645
			vertex 0.165140300989151 1.8934428262710572 0.09899494796991348
		endloop
	endfacet
	facet normal -0.03346148321023176 0.38246907540645625 0.9233621908542184
		outer loop
			vertex -1.9288186935599659e-16 1.780000047683716 0.14000000059604645
			vertex 0.18233059346675873 1.7959518003463746 0.14000000059604645
			vertex 0.165140300989151 1.8934428262710572 0.09899494796991348
		endloop
	endfacet
	facet normal -0.09936844404692681 0.37084790564965875 0.9233621950258495
		outer loop
			vertex 0.165140300989151 1.8934428262710572 0.09899494796991348
			vertex 0.18233059346675873 1.7959518003463746 0.14000000059604645
			vertex 0.3252628743648529 1.9363475608825684 0.09899494796991348
		endloop
	endfacet
	facet normal -0.09936861591255906 0.3708480574158859 0.9233621155768122
		outer loop
			vertex 0.18233059346675873 1.7959518003463746 0.14000000059604645
			vertex 0.3591211438179016 1.8433227705955506 0.14000000059604645
			vertex 0.3252628743648529 1.9363475608825684 0.09899494796991348
		endloop
	endfacet
	facet normal -0.16225597934763586 0.34795891727640493 0.9233621115541679
		outer loop
			vertex 0.3252628743648529 1.9363475608825684 0.09899494796991348
			vertex 0.3591211438179016 1.8433227705955506 0.14000000059604645
			vertex 0.47550252079963684 2.0064054894447327 0.09899494796991348
		endloop
	endfacet
	facet normal -0.16225584119408842 0.34795883279420875 0.9233621676671027
		outer loop
			vertex 0.3591211438179016 1.8433227705955506 0.14000000059604645
			vertex 0.5249999761581421 1.920673327445984 0.14000000059604645
			vertex 0.47550252079963684 2.0064054894447327 0.09899494796991348
		endloop
	endfacet
	facet normal -0.22021324947143348 0.3144971261264547 0.9233621621094472
		outer loop
			vertex 0.47550252079963684 2.0064054894447327 0.09899494796991348
			vertex 0.5249999761581421 1.920673327445984 0.14000000059604645
			vertex 0.6112942695617676 2.101487891674042 0.09899494796991348
		endloop
	endfacet
	facet normal -0.2202131527133048 0.31449708811735666 0.9233621981312481
		outer loop
			vertex 0.5249999761581421 1.920673327445984 0.14000000059604645
			vertex 0.6749269962310791 2.0256533193588258 0.14000000059604645
			vertex 0.6112942695617676 2.101487891674042 0.09899494796991348
		endloop
	endfacet
	facet normal -0.2714795197229272 0.2714795197229272 0.9233621936932536
		outer loop
			vertex 0.6112942695617676 2.101487891674042 0.09899494796991348
			vertex 0.6749269962310791 2.0256533193588258 0.14000000059604645
			vertex 0.7285121083259583 2.2187057304382325 0.09899494796991348
		endloop
	endfacet
	facet normal -0.2714795197229272 0.2714795197229272 0.9233621936932536
		outer loop
			vertex 0.6749269962310791 2.0256533193588258 0.14000000059604645
			vertex 0.8043466806411743 2.155073003768921 0.14000000059604645
			vertex 0.7285121083259583 2.2187057304382325 0.09899494796991348
		endloop
	endfacet
	facet normal -0.31449705164965797 0.2202131973222211 0.9233621999133369
		outer loop
			vertex 0.7285121083259583 2.2187057304382325 0.09899494796991348
			vertex 0.8043466806411743 2.155073003768921 0.14000000059604645
			vertex 0.8235945105552673 2.3544974792003632 0.09899494796991348
		endloop
	endfacet
	facet normal -0.31449715557241975 0.22021319994583152 0.923362163891544
		outer loop
			vertex 0.8043466806411743 2.155073003768921 0.14000000059604645
			vertex 0.9093266725540161 2.305000023841858 0.14000000059604645
			vertex 0.8235945105552673 2.3544974792003632 0.09899494796991348
		endloop
	endfacet
	facet normal -0.3479587889164564 0.1622559194923825 0.9233621704431444
		outer loop
			vertex 0.8235945105552673 2.3544974792003632 0.09899494796991348
			vertex 0.9093266725540161 2.305000023841858 0.14000000059604645
			vertex 0.8936524391174316 2.504737125635147 0.09899494796991348
		endloop
	endfacet
	facet normal -0.3479589490523064 0.16225589540612054 0.9233621143302191
		outer loop
			vertex 0.9093266725540161 2.305000023841858 0.14000000059604645
			vertex 0.9866772294044495 2.4708788561820985 0.14000000059604645
			vertex 0.8936524391174316 2.504737125635147 0.09899494796991348
		endloop
	endfacet
	facet normal -0.3708480993468735 0.09936849594796374 0.9233621116462659
		outer loop
			vertex 0.8936524391174316 2.504737125635147 0.09899494796991348
			vertex 0.9866772294044495 2.4708788561820985 0.14000000059604645
			vertex 0.9365571737289429 2.664859699010849 0.09899494796991348
		endloop
	endfacet
	facet normal -0.3708478819806551 0.09936856890474625 0.9233621910952846
		outer loop
			vertex 0.9866772294044495 2.4708788561820985 0.14000000059604645
			vertex 1.0340481996536255 2.6476694065332413 0.14000000059604645
			vertex 0.9365571737289429 2.664859699010849 0.09899494796991348
		endloop
	endfacet
	facet normal -0.38246905275358856 0.03346162206061058 0.9233621952055681
		outer loop
			vertex 0.9365571737289429 2.664859699010849 0.09899494796991348
			vertex 1.0340481996536255 2.6476694065332413 0.14000000059604645
			vertex 0.9510050415992737 2.8299999999999996 0.09899494796991348
		endloop
	endfacet
	facet normal -0.3824692757089771 0.03346150073431387 0.9233621072511359
		outer loop
			vertex 1.0340481996536255 2.6476694065332413 0.14000000059604645
			vertex 1.0499999523162842 2.8299999999999996 0.14000000059604645
			vertex 0.9510050415992737 2.8299999999999996 0.09899494796991348
		endloop
	endfacet
	facet normal -0.9208763277615655 -0.0805665577104794 0.38143914160329423
		outer loop
			vertex 0.9100000262260437 2.83 1.714505527444786e-17
			vertex 0.9510050415992737 2.83 0.09899494796991348
			vertex 0.8961750268936157 2.9880198407173157 1.714505527444786e-17
		endloop
	endfacet
	facet normal -0.9208760741660831 -0.08056601426065335 0.3814398686223229
		outer loop
			vertex 0.9510050415992737 2.83 0.09899494796991348
			vertex 0.9365571737289429 2.995140300989151 0.09899494796991348
			vertex 0.8961750268936157 2.9880198407173157 1.714505527444786e-17
		endloop
	endfacet
	facet normal -0.8928957600349425 -0.23925045429635916 0.38143987970662974
		outer loop
			vertex 0.8961750268936157 2.9880198407173157 1.714505527444786e-17
			vertex 0.9365571737289429 2.995140300989151 0.09899494796991348
			vertex 0.8551203012466431 3.141238318681717 1.714505527444786e-17
		endloop
	endfacet
	facet normal -0.8928958632729799 -0.23925083916529635 0.38143939663949467
		outer loop
			vertex 0.9365571737289429 2.995140300989151 0.09899494796991348
			vertex 0.8936524391174316 3.155262874364853 0.09899494796991348
			vertex 0.8551203012466431 3.141238318681717 1.714505527444786e-17
		endloop
	endfacet
	facet normal -0.8377853722351001 -0.39066565397320235 0.3814394013137408
		outer loop
			vertex 0.8551203012466431 3.141238318681717 1.714505527444786e-17
			vertex 0.8936524391174316 3.155262874364853 0.09899494796991348
			vertex 0.7880831360816956 3.285000013113022 1.714505527444786e-17
		endloop
	endfacet
	facet normal -0.8377853953993748 -0.39066591791263083 0.3814390801124012
		outer loop
			vertex 0.8936524391174316 3.155262874364853 0.09899494796991348
			vertex 0.8235945105552673 3.305502520799637 0.09899494796991348
			vertex 0.7880831360816956 3.285000013113022 1.714505527444786e-17
		endloop
	endfacet
	facet normal -0.7572192132117681 -0.530210608663955 0.3814390824275216
		outer loop
			vertex 0.7880831360816956 3.285000013113022 1.714505527444786e-17
			vertex 0.8235945105552673 3.305502520799637 0.09899494796991348
			vertex 0.6971004605293274 3.4149367380142213 1.714505527444786e-17
		endloop
	endfacet
	facet normal -0.7572192156065383 -0.530210581205369 0.3814391158416818
		outer loop
			vertex 0.8235945105552673 3.305502520799637 0.09899494796991348
			vertex 0.7285121083259583 3.4412942695617676 0.09899494796991348
			vertex 0.6971004605293274 3.4149367380142213 1.714505527444786e-17
		endloop
	endfacet
	facet normal -0.6536452311987222 -0.6536452311987222 0.38143914778420174
		outer loop
			vertex 0.6971004605293274 3.4149367380142213 1.714505527444786e-17
			vertex 0.7285121083259583 3.4412942695617676 0.09899494796991348
			vertex 0.5849367380142212 3.5271004605293275 1.714505527444786e-17
		endloop
	endfacet
	facet normal -0.6536452311987222 -0.6536452311987222 0.38143914778420174
		outer loop
			vertex 0.7285121083259583 3.4412942695617676 0.09899494796991348
			vertex 0.6112942695617676 3.5585121083259583 0.09899494796991348
			vertex 0.5849367380142212 3.5271004605293275 1.714505527444786e-17
		endloop
	endfacet
	facet normal -0.530210600581277 -0.7572192016685078 0.38143911657792745
		outer loop
			vertex 0.5849367380142212 3.5271004605293275 1.714505527444786e-17
			vertex 0.6112942695617676 3.5585121083259583 0.09899494796991348
			vertex 0.45500001311302185 3.6180831360816956 1.714505527444786e-17
		endloop
	endfacet
	facet normal -0.5302105889395407 -0.7572192266520806 0.38143908316376135
		outer loop
			vertex 0.6112942695617676 3.5585121083259583 0.09899494796991348
			vertex 0.47550252079963684 3.6535945105552674 0.09899494796991348
			vertex 0.45500001311302185 3.6180831360816956 1.714505527444786e-17
		endloop
	endfacet
	facet normal -0.39066571122104027 -0.8377854950035099 0.38143907303510893
		outer loop
			vertex 0.45500001311302185 3.6180831360816956 1.714505527444786e-17
			vertex 0.47550252079963684 3.6535945105552674 0.09899494796991348
			vertex 0.3112383186817169 3.685120301246643 1.714505527444786e-17
		endloop
	endfacet
	facet normal -0.39066586313315166 -0.8377852779244545 0.38143939423645595
		outer loop
			vertex 0.47550252079963684 3.6535945105552674 0.09899494796991348
			vertex 0.3252628743648529 3.7236524391174317 0.09899494796991348
			vertex 0.3112383186817169 3.685120301246643 1.714505527444786e-17
		endloop
	endfacet
	facet normal -0.23925050702388748 -0.8928959568169573 0.3814393859956561
		outer loop
			vertex 0.3112383186817169 3.685120301246643 1.714505527444786e-17
			vertex 0.3252628743648529 3.7236524391174317 0.09899494796991348
			vertex 0.15801984071731567 3.726175026893616 1.714505527444786e-17
		endloop
	endfacet
	facet normal -0.23925078871118544 -0.8928956749757639 0.38143986906280625
		outer loop
			vertex 0.3252628743648529 3.7236524391174317 0.09899494796991348
			vertex 0.165140300989151 3.766557173728943 0.09899494796991348
			vertex 0.15801984071731567 3.726175026893616 1.714505527444786e-17
		endloop
	endfacet
	facet normal -0.08056653098795945 -0.9208760223229726 0.38143988464132367
		outer loop
			vertex 0.15801984071731567 3.726175026893616 1.714505527444786e-17
			vertex 0.165140300989151 3.766557173728943 0.09899494796991348
			vertex 5.572142716041371e-17 3.7400000262260438 1.714505527444786e-17
		endloop
	endfacet
	facet normal -0.08056603983079834 -0.9208763664349131 0.3814391576223057
		outer loop
			vertex 0.165140300989151 3.766557173728943 0.09899494796991348
			vertex 5.823226442664697e-17 3.7810050415992738 0.09899494796991348
			vertex 5.572142716041371e-17 3.7400000262260438 1.714505527444786e-17
		endloop
	endfacet
	facet normal 0.08056655771047935 -0.9208763277615655 0.3814391416032942
		outer loop
			vertex 5.572142716041371e-17 3.7400000262260438 1.714505527444786e-17
			vertex 5.823226442664697e-17 3.7810050415992738 0.09899494796991348
			vertex -0.15801984071731567 3.726175026893616 1.714505527444786e-17
		endloop
	endfacet
	facet normal 0.08056601426065331 -0.9208760741660832 0.3814398686223229
		outer loop
			vertex 5.823226442664697e-17 3.7810050415992738 0.09899494796991348
			vertex -0.165140300989151 3.766557173728943 0.09899494796991348
			vertex -0.15801984071731567 3.726175026893616 1.714505527444786e-17
		endloop
	endfacet
	facet normal 0.23925045429635916 -0.8928957600349425 0.38143987970662974
		outer loop
			vertex -0.15801984071731567 3.726175026893616 1.714505527444786e-17
			vertex -0.165140300989151 3.766557173728943 0.09899494796991348
			vertex -0.3112383186817169 3.685120301246643 1.714505527444786e-17
		endloop
	endfacet
	facet normal 0.23925083916529635 -0.8928958632729799 0.38143939663949467
		outer loop
			vertex -0.165140300989151 3.766557173728943 0.09899494796991348
			vertex -0.3252628743648529 3.7236524391174317 0.09899494796991348
			vertex -0.3112383186817169 3.685120301246643 1.714505527444786e-17
		endloop
	endfacet
	facet normal 0.39066565397320235 -0.8377853722351001 0.3814394013137408
		outer loop
			vertex -0.3112383186817169 3.685120301246643 1.714505527444786e-17
			vertex -0.3252628743648529 3.7236524391174317 0.09899494796991348
			vertex -0.45500001311302185 3.6180831360816956 1.714505527444786e-17
		endloop
	endfacet
	facet normal 0.39066591791263083 -0.8377853953993748 0.3814390801124012
		outer loop
			vertex -0.3252628743648529 3.7236524391174317 0.09899494796991348
			vertex -0.47550252079963684 3.6535945105552674 0.09899494796991348
			vertex -0.45500001311302185 3.6180831360816956 1.714505527444786e-17
		endloop
	endfacet
	facet normal 0.530210608663955 -0.7572192132117681 0.3814390824275216
		outer loop
			vertex -0.45500001311302185 3.6180831360816956 1.714505527444786e-17
			vertex -0.47550252079963684 3.6535945105552674 0.09899494796991348
			vertex -0.5849367380142212 3.5271004605293275 1.714505527444786e-17
		endloop
	endfacet
	facet normal 0.530210581205369 -0.7572192156065383 0.3814391158416818
		outer loop
			vertex -0.47550252079963684 3.6535945105552674 0.09899494796991348
			vertex -0.6112942695617676 3.5585121083259583 0.09899494796991348
			vertex -0.5849367380142212 3.5271004605293275 1.714505527444786e-17
		endloop
	endfacet
	facet normal 0.6536452311987222 -0.6536452311987222 0.38143914778420174
		outer loop
			vertex -0.5849367380142212 3.5271004605293275 1.714505527444786e-17
			vertex -0.6112942695617676 3.5585121083259583 0.09899494796991348
			vertex -0.6971004605293274 3.4149367380142213 1.714505527444786e-17
		endloop
	endfacet
	facet normal 0.6536452311987222 -0.6536452311987222 0.38143914778420174
		outer loop
			vertex -0.6112942695617676 3.5585121083259583 0.09899494796991348
			vertex -0.7285121083259583 3.4412942695617676 0.09899494796991348
			vertex -0.6971004605293274 3.4149367380142213 1.714505527444786e-17
		endloop
	endfacet
	facet normal 0.7572192016685078 -0.530210600581277 0.38143911657792745
		outer loop
			vertex -0.6971004605293274 3.4149367380142213 1.714505527444786e-17
			vertex -0.7285121083259583 3.4412942695617676 0.09899494796991348
			vertex -0.7880831360816956 3.285000013113022 1.714505527444786e-17
		endloop
	endfacet
	facet normal 0.7572192266520806 -0.5302105889395407 0.38143908316376135
		outer loop
			vertex -0.7285121083259583 3.4412942695617676 0.09899494796991348
			vertex -0.8235945105552673 3.305502520799637 0.09899494796991348
			vertex -0.7880831360816956 3.285000013113022 1.714505527444786e-17
		endloop
	endfacet
	facet normal 0.8377854950035099 -0.39066571122104027 0.38143907303510893
		outer loop
			vertex -0.7880831360816956 3.285000013113022 1.714505527444786e-17
			vertex -0.8235945105552673 3.305502520799637 0.09899494796991348
			vertex -0.8551203012466431 3.141238318681717 1.714505527444786e-17
		endloop
	endfacet
	facet normal 0.8377852779244545 -0.39066586313315166 0.38143939423645595
		outer loop
			vertex -0.8235945105552673 3.305502520799637 0.09899494796991348
			vertex -0.8936524391174316 3.155262874364853 0.09899494796991348
			vertex -0.8551203012466431 3.141238318681717 1.714505527444786e-17
		endloop
	endfacet
	facet normal 0.8928959568169573 -0.23925050702388748 0.3814393859956561
		outer loop
			vertex -0.8551203012466431 3.141238318681717 1.714505527444786e-17
			vertex -0.8936524391174316 3.155262874364853 0.09899494796991348
			vertex -0.8961750268936157 2.9880198407173157 1.714505527444786e-17
		endloop
	endfacet
	facet normal 0.8928956749757639 -0.23925078871118544 0.38143986906280625
		outer loop
			vertex -0.8936524391174316 3.155262874364853 0.09899494796991348
			vertex -0.9365571737289429 2.995140300989151 0.09899494796991348
			vertex -0.8961750268936157 2.9880198407173157 1.714505527444786e-17
		endloop
	endfacet
	facet normal 0.9208760223229727 -0.08056653098795943 0.3814398846413238
		outer loop
			vertex -0.8961750268936157 2.9880198407173157 1.714505527444786e-17
			vertex -0.9365571737289429 2.995140300989151 0.09899494796991348
			vertex -0.9100000262260437 2.83 1.714505527444786e-17
		endloop
	endfacet
	facet normal 0.9208763664349131 -0.08056603983079832 0.3814391576223058
		outer loop
			vertex -0.9365571737289429 2.995140300989151 0.09899494796991348
			vertex -0.9510050415992737 2.83 0.09899494796991348
			vertex -0.9100000262260437 2.83 1.714505527444786e-17
		endloop
	endfacet
	facet normal 0.9208763277615655 0.0805665577104794 0.38143914160329423
		outer loop
			vertex -0.9100000262260437 2.83 1.714505527444786e-17
			vertex -0.9510050415992737 2.83 0.09899494796991348
			vertex -0.8961750268936157 2.6719801592826844 1.714505527444786e-17
		endloop
	endfacet
	facet normal 0.9208760741660831 0.08056601426065335 0.3814398686223229
		outer loop
			vertex -0.9510050415992737 2.83 0.09899494796991348
			vertex -0.9365571737289429 2.664859699010849 0.09899494796991348
			vertex -0.8961750268936157 2.6719801592826844 1.714505527444786e-17
		endloop
	endfacet
	facet normal 0.8928957600349425 0.23925045429635916 0.38143987970662974
		outer loop
			vertex -0.8961750268936157 2.6719801592826844 1.714505527444786e-17
			vertex -0.9365571737289429 2.664859699010849 0.09899494796991348
			vertex -0.8551203012466431 2.518761681318283 1.714505527444786e-17
		endloop
	endfacet
	facet normal 0.8928958632729799 0.23925083916529635 0.38143939663949467
		outer loop
			vertex -0.9365571737289429 2.664859699010849 0.09899494796991348
			vertex -0.8936524391174316 2.504737125635147 0.09899494796991348
			vertex -0.8551203012466431 2.518761681318283 1.714505527444786e-17
		endloop
	endfacet
	facet normal 0.8377853722351001 0.39066565397320235 0.3814394013137408
		outer loop
			vertex -0.8551203012466431 2.518761681318283 1.714505527444786e-17
			vertex -0.8936524391174316 2.504737125635147 0.09899494796991348
			vertex -0.7880831360816956 2.374999986886978 1.714505527444786e-17
		endloop
	endfacet
	facet normal 0.8377853953993748 0.39066591791263083 0.3814390801124012
		outer loop
			vertex -0.8936524391174316 2.504737125635147 0.09899494796991348
			vertex -0.8235945105552673 2.3544974792003632 0.09899494796991348
			vertex -0.7880831360816956 2.374999986886978 1.714505527444786e-17
		endloop
	endfacet
	facet normal 0.7572192132117681 0.530210608663955 0.3814390824275216
		outer loop
			vertex -0.7880831360816956 2.374999986886978 1.714505527444786e-17
			vertex -0.8235945105552673 2.3544974792003632 0.09899494796991348
			vertex -0.6971004605293274 2.245063261985779 1.714505527444786e-17
		endloop
	endfacet
	facet normal 0.7572192156065383 0.530210581205369 0.3814391158416818
		outer loop
			vertex -0.8235945105552673 2.3544974792003632 0.09899494796991348
			vertex -0.7285121083259583 2.2187057304382325 0.09899494796991348
			vertex -0.6971004605293274 2.245063261985779 1.714505527444786e-17
		endloop
	endfacet
	facet normal 0.6536452311987222 0.6536452311987222 0.38143914778420174
		outer loop
			vertex -0.6971004605293274 2.245063261985779 1.714505527444786e-17
			vertex -0.7285121083259583 2.2187057304382325 0.09899494796991348
			vertex -0.5849367380142212 2.1328995394706727 1.714505527444786e-17
		endloop
	endfacet
	facet normal 0.6536452311987222 0.6536452311987222 0.38143914778420174
		outer loop
			vertex -0.7285121083259583 2.2187057304382325 0.09899494796991348
			vertex -0.6112942695617676 2.101487891674042 0.09899494796991348
			vertex -0.5849367380142212 2.1328995394706727 1.714505527444786e-17
		endloop
	endfacet
	facet normal 0.530210600581277 0.7572192016685078 0.38143911657792745
		outer loop
			vertex -0.5849367380142212 2.1328995394706727 1.714505527444786e-17
			vertex -0.6112942695617676 2.101487891674042 0.09899494796991348
			vertex -0.45500001311302185 2.0419168639183045 1.714505527444786e-17
		endloop
	endfacet
	facet normal 0.5302105889395407 0.7572192266520806 0.38143908316376135
		outer loop
			vertex -0.6112942695617676 2.101487891674042 0.09899494796991348
			vertex -0.47550252079963684 2.0064054894447327 0.09899494796991348
			vertex -0.45500001311302185 2.0419168639183045 1.714505527444786e-17
		endloop
	endfacet
	facet normal 0.39066571122104027 0.8377854950035099 0.38143907303510893
		outer loop
			vertex -0.45500001311302185 2.0419168639183045 1.714505527444786e-17
			vertex -0.47550252079963684 2.0064054894447327 0.09899494796991348
			vertex -0.3112383186817169 1.974879698753357 1.714505527444786e-17
		endloop
	endfacet
	facet normal 0.39066586313315166 0.8377852779244545 0.38143939423645595
		outer loop
			vertex -0.47550252079963684 2.0064054894447327 0.09899494796991348
			vertex -0.3252628743648529 1.9363475608825684 0.09899494796991348
			vertex -0.3112383186817169 1.974879698753357 1.714505527444786e-17
		endloop
	endfacet
	facet normal 0.23925050702388748 0.8928959568169573 0.3814393859956561
		outer loop
			vertex -0.3112383186817169 1.974879698753357 1.714505527444786e-17
			vertex -0.3252628743648529 1.9363475608825684 0.09899494796991348
			vertex -0.15801984071731567 1.9338249731063843 1.714505527444786e-17
		endloop
	endfacet
	facet normal 0.23925078871118544 0.8928956749757639 0.38143986906280625
		outer loop
			vertex -0.3252628743648529 1.9363475608825684 0.09899494796991348
			vertex -0.165140300989151 1.8934428262710572 0.09899494796991348
			vertex -0.15801984071731567 1.9338249731063843 1.714505527444786e-17
		endloop
	endfacet
	facet normal 0.08056653098795952 0.9208760223229727 0.3814398846413237
		outer loop
			vertex -0.15801984071731567 1.9338249731063843 1.714505527444786e-17
			vertex -0.165140300989151 1.8934428262710572 0.09899494796991348
			vertex -1.6716428148124112e-16 1.9199999737739564 1.714505527444786e-17
		endloop
	endfacet
	facet normal 0.08056603983079838 0.9208763664349131 0.3814391576223057
		outer loop
			vertex -0.165140300989151 1.8934428262710572 0.09899494796991348
			vertex -1.746967998973858e-16 1.8789949584007264 0.09899494796991348
			vertex -1.6716428148124112e-16 1.9199999737739564 1.714505527444786e-17
		endloop
	endfacet
	facet normal -0.08056655771047931 0.9208763277615656 0.3814391416032943
		outer loop
			vertex -1.6716428148124112e-16 1.9199999737739564 1.714505527444786e-17
			vertex -1.746967998973858e-16 1.8789949584007264 0.09899494796991348
			vertex 0.15801984071731567 1.9338249731063843 1.714505527444786e-17
		endloop
	endfacet
	facet normal -0.08056601426065325 0.9208760741660832 0.38143986862232293
		outer loop
			vertex -1.746967998973858e-16 1.8789949584007264 0.09899494796991348
			vertex 0.165140300989151 1.8934428262710572 0.09899494796991348
			vertex 0.15801984071731567 1.9338249731063843 1.714505527444786e-17
		endloop
	endfacet
	facet normal -0.23925045429635916 0.8928957600349425 0.38143987970662974
		outer loop
			vertex 0.15801984071731567 1.9338249731063843 1.714505527444786e-17
			vertex 0.165140300989151 1.8934428262710572 0.09899494796991348
			vertex 0.3112383186817169 1.974879698753357 1.714505527444786e-17
		endloop
	endfacet
	facet normal -0.23925083916529635 0.8928958632729799 0.38143939663949467
		outer loop
			vertex 0.165140300989151 1.8934428262710572 0.09899494796991348
			vertex 0.3252628743648529 1.9363475608825684 0.09899494796991348
			vertex 0.3112383186817169 1.974879698753357 1.714505527444786e-17
		endloop
	endfacet
	facet normal -0.39066565397320235 0.8377853722351001 0.3814394013137408
		outer loop
			vertex 0.3112383186817169 1.974879698753357 1.714505527444786e-17
			vertex 0.3252628743648529 1.9363475608825684 0.09899494796991348
			vertex 0.45500001311302185 2.0419168639183045 1.714505527444786e-17
		endloop
	endfacet
	facet normal -0.39066591791263083 0.8377853953993748 0.3814390801124012
		outer loop
			vertex 0.3252628743648529 1.9363475608825684 0.09899494796991348
			vertex 0.47550252079963684 2.0064054894447327 0.09899494796991348
			vertex 0.45500001311302185 2.0419168639183045 1.714505527444786e-17
		endloop
	endfacet
	facet normal -0.530210608663955 0.7572192132117681 0.3814390824275216
		outer loop
			vertex 0.45500001311302185 2.0419168639183045 1.714505527444786e-17
			vertex 0.47550252079963684 2.0064054894447327 0.09899494796991348
			vertex 0.5849367380142212 2.1328995394706727 1.714505527444786e-17
		endloop
	endfacet
	facet normal -0.530210581205369 0.7572192156065383 0.3814391158416818
		outer loop
			vertex 0.47550252079963684 2.0064054894447327 0.09899494796991348
			vertex 0.6112942695617676 2.101487891674042 0.09899494796991348
			vertex 0.5849367380142212 2.1328995394706727 1.714505527444786e-17
		endloop
	endfacet
	facet normal -0.6536452311987222 0.6536452311987222 0.38143914778420174
		outer loop
			vertex 0.5849367380142212 2.1328995394706727 1.714505527444786e-17
			vertex 0.6112942695617676 2.101487891674042 0.09899494796991348
			vertex 0.6971004605293274 2.245063261985779 1.714505527444786e-17
		endloop
	endfacet
	facet normal -0.6536452311987222 0.6536452311987222 0.38143914778420174
		outer loop
			vertex 0.6112942695617676 2.101487891674042 0.09899494796991348
			vertex 0.7285121083259583 2.2187057304382325 0.09899494796991348
			vertex 0.6971004605293274 2.245063261985779 1.714505527444786e-17
		endloop
	endfacet
	facet normal -0.7572192016685078 0.530210600581277 0.38143911657792745
		outer loop
			vertex 0.6971004605293274 2.245063261985779 1.714505527444786e-17
			vertex 0.7285121083259583 2.2187057304382325 0.09899494796991348
			vertex 0.7880831360816956 2.374999986886978 1.714505527444786e-17
		endloop
	endfacet
	facet normal -0.7572192266520806 0.5302105889395407 0.38143908316376135
		outer loop
			vertex 0.7285121083259583 2.2187057304382325 0.09899494796991348
			vertex 0.8235945105552673 2.3544974792003632 0.09899494796991348
			vertex 0.7880831360816956 2.374999986886978 1.714505527444786e-17
		endloop
	endfacet
	facet normal -0.8377854950035099 0.39066571122104027 0.38143907303510893
		outer loop
			vertex 0.7880831360816956 2.374999986886978 1.714505527444786e-17
			vertex 0.8235945105552673 2.3544974792003632 0.09899494796991348
			vertex 0.8551203012466431 2.518761681318283 1.714505527444786e-17
		endloop
	endfacet
	facet normal -0.8377852779244545 0.39066586313315166 0.38143939423645595
		outer loop
			vertex 0.8235945105552673 2.3544974792003632 0.09899494796991348
			vertex 0.8936524391174316 2.504737125635147 0.09899494796991348
			vertex 0.8551203012466431 2.518761681318283 1.714505527444786e-17
		endloop
	endfacet
	facet normal -0.8928959568169573 0.23925050702388748 0.3814393859956561
		outer loop
			vertex 0.8551203012466431 2.518761681318283 1.714505527444786e-17
			vertex 0.8936524391174316 2.504737125635147 0.09899494796991348
			vertex 0.8961750268936157 2.6719801592826844 1.714505527444786e-17
		endloop
	endfacet
	facet normal -0.8928956749757639 0.23925078871118544 0.38143986906280625
		outer loop
			vertex 0.8936524391174316 2.504737125635147 0.09899494796991348
			vertex 0.9365571737289429 2.664859699010849 0.09899494796991348
			vertex 0.8961750268936157 2.6719801592826844 1.714505527444786e-17
		endloop
	endfacet
	facet normal -0.9208760223229726 0.08056653098795966 0.3814398846413237
		outer loop
			vertex 0.8961750268936157 2.6719801592826844 1.714505527444786e-17
			vertex 0.9365571737289429 2.664859699010849 0.09899494796991348
			vertex 0.9100000262260437 2.8299999999999996 1.714505527444786e-17
		endloop
	endfacet
	facet normal -0.9208763664349131 0.08056603983079853 0.38143915762230574
		outer loop
			vertex 0.9365571737289429 2.664859699010849 0.09899494796991348
			vertex 0.9510050415992737 2.8299999999999996 0.09899494796991348
			vertex 0.9100000262260437 2.8299999999999996 1.714505527444786e-17
		endloop
	endfacet
	facet normal -0.920876366434913 -0.08056603983079831 -0.3814391576223055
		outer loop
			vertex 0.9510050415992737 2.83 -0.09899494796991348
			vertex 0.9100000262260437 2.83 1.714505527444786e-17
			vertex 0.9365571737289429 2.995140300989151 -0.09899494796991348
		endloop
	endfacet
	facet normal -0.9208760223229726 -0.08056653098795943 -0.3814398846413236
		outer loop
			vertex 0.9100000262260437 2.83 1.714505527444786e-17
			vertex 0.8961750268936157 2.9880198407173157 1.714505527444786e-17
			vertex 0.9365571737289429 2.995140300989151 -0.09899494796991348
		endloop
	endfacet
	facet normal -0.892895674975764 -0.23925078871118544 -0.38143986906280614
		outer loop
			vertex 0.9365571737289429 2.995140300989151 -0.09899494796991348
			vertex 0.8961750268936157 2.9880198407173157 1.714505527444786e-17
			vertex 0.8936524391174316 3.155262874364853 -0.09899494796991348
		endloop
	endfacet
	facet normal -0.8928959568169574 -0.2392505070238875 -0.38143938599565597
		outer loop
			vertex 0.8961750268936157 2.9880198407173157 1.714505527444786e-17
			vertex 0.8551203012466431 3.141238318681717 1.714505527444786e-17
			vertex 0.8936524391174316 3.155262874364853 -0.09899494796991348
		endloop
	endfacet
	facet normal -0.8377852779244546 -0.3906658631331517 -0.3814393942364559
		outer loop
			vertex 0.8936524391174316 3.155262874364853 -0.09899494796991348
			vertex 0.8551203012466431 3.141238318681717 1.714505527444786e-17
			vertex 0.8235945105552673 3.305502520799637 -0.09899494796991348
		endloop
	endfacet
	facet normal -0.8377854950035099 -0.3906657112210402 -0.38143907303510877
		outer loop
			vertex 0.8551203012466431 3.141238318681717 1.714505527444786e-17
			vertex 0.7880831360816956 3.285000013113022 1.714505527444786e-17
			vertex 0.8235945105552673 3.305502520799637 -0.09899494796991348
		endloop
	endfacet
	facet normal -0.7572192266520805 -0.5302105889395407 -0.38143908316376124
		outer loop
			vertex 0.8235945105552673 3.305502520799637 -0.09899494796991348
			vertex 0.7880831360816956 3.285000013113022 1.714505527444786e-17
			vertex 0.7285121083259583 3.4412942695617676 -0.09899494796991348
		endloop
	endfacet
	facet normal -0.7572192016685076 -0.530210600581277 -0.3814391165779273
		outer loop
			vertex 0.7880831360816956 3.285000013113022 1.714505527444786e-17
			vertex 0.6971004605293274 3.4149367380142213 1.714505527444786e-17
			vertex 0.7285121083259583 3.4412942695617676 -0.09899494796991348
		endloop
	endfacet
	facet normal -0.6536452311987222 -0.6536452311987222 -0.38143914778420157
		outer loop
			vertex 0.7285121083259583 3.4412942695617676 -0.09899494796991348
			vertex 0.6971004605293274 3.4149367380142213 1.714505527444786e-17
			vertex 0.6112942695617676 3.5585121083259583 -0.09899494796991348
		endloop
	endfacet
	facet normal -0.6536452311987223 -0.6536452311987223 -0.3814391477842016
		outer loop
			vertex 0.6971004605293274 3.4149367380142213 1.714505527444786e-17
			vertex 0.5849367380142212 3.5271004605293275 1.714505527444786e-17
			vertex 0.6112942695617676 3.5585121083259583 -0.09899494796991348
		endloop
	endfacet
	facet normal -0.530210581205369 -0.7572192156065383 -0.38143911584168166
		outer loop
			vertex 0.6112942695617676 3.5585121083259583 -0.09899494796991348
			vertex 0.5849367380142212 3.5271004605293275 1.714505527444786e-17
			vertex 0.47550252079963684 3.6535945105552674 -0.09899494796991348
		endloop
	endfacet
	facet normal -0.5302106086639551 -0.7572192132117681 -0.38143908242752156
		outer loop
			vertex 0.5849367380142212 3.5271004605293275 1.714505527444786e-17
			vertex 0.45500001311302185 3.6180831360816956 1.714505527444786e-17
			vertex 0.47550252079963684 3.6535945105552674 -0.09899494796991348
		endloop
	endfacet
	facet normal -0.39066591791263094 -0.8377853953993749 -0.38143908011240113
		outer loop
			vertex 0.47550252079963684 3.6535945105552674 -0.09899494796991348
			vertex 0.45500001311302185 3.6180831360816956 1.714505527444786e-17
			vertex 0.3252628743648529 3.7236524391174317 -0.09899494796991348
		endloop
	endfacet
	facet normal -0.3906656539732024 -0.8377853722351001 -0.3814394013137407
		outer loop
			vertex 0.45500001311302185 3.6180831360816956 1.714505527444786e-17
			vertex 0.3112383186817169 3.685120301246643 1.714505527444786e-17
			vertex 0.3252628743648529 3.7236524391174317 -0.09899494796991348
		endloop
	endfacet
	facet normal -0.2392508391652964 -0.89289586327298 -0.3814393966394945
		outer loop
			vertex 0.3252628743648529 3.7236524391174317 -0.09899494796991348
			vertex 0.3112383186817169 3.685120301246643 1.714505527444786e-17
			vertex 0.165140300989151 3.766557173728943 -0.09899494796991348
		endloop
	endfacet
	facet normal -0.23925045429635922 -0.8928957600349425 -0.3814398797066296
		outer loop
			vertex 0.3112383186817169 3.685120301246643 1.714505527444786e-17
			vertex 0.15801984071731567 3.726175026893616 1.714505527444786e-17
			vertex 0.165140300989151 3.766557173728943 -0.09899494796991348
		endloop
	endfacet
	facet normal -0.08056601426065337 -0.9208760741660831 -0.38143986862232276
		outer loop
			vertex 0.165140300989151 3.766557173728943 -0.09899494796991348
			vertex 0.15801984071731567 3.726175026893616 1.714505527444786e-17
			vertex 5.823226442664697e-17 3.7810050415992738 -0.09899494796991348
		endloop
	endfacet
	facet normal -0.0805665577104794 -0.9208763277615655 -0.38143914160329406
		outer loop
			vertex 0.15801984071731567 3.726175026893616 1.714505527444786e-17
			vertex 5.572142716041371e-17 3.7400000262260438 1.714505527444786e-17
			vertex 5.823226442664697e-17 3.7810050415992738 -0.09899494796991348
		endloop
	endfacet
	facet normal 0.08056603983079831 -0.9208763664349131 -0.3814391576223057
		outer loop
			vertex 5.823226442664697e-17 3.7810050415992738 -0.09899494796991348
			vertex 5.572142716041371e-17 3.7400000262260438 1.714505527444786e-17
			vertex -0.165140300989151 3.766557173728943 -0.09899494796991348
		endloop
	endfacet
	facet normal 0.08056653098795942 -0.9208760223229726 -0.3814398846413236
		outer loop
			vertex 5.572142716041371e-17 3.7400000262260438 1.714505527444786e-17
			vertex -0.15801984071731567 3.726175026893616 1.714505527444786e-17
			vertex -0.165140300989151 3.766557173728943 -0.09899494796991348
		endloop
	endfacet
	facet normal 0.23925078871118544 -0.892895674975764 -0.38143986906280614
		outer loop
			vertex -0.165140300989151 3.766557173728943 -0.09899494796991348
			vertex -0.15801984071731567 3.726175026893616 1.714505527444786e-17
			vertex -0.3252628743648529 3.7236524391174317 -0.09899494796991348
		endloop
	endfacet
	facet normal 0.2392505070238875 -0.8928959568169574 -0.38143938599565597
		outer loop
			vertex -0.15801984071731567 3.726175026893616 1.714505527444786e-17
			vertex -0.3112383186817169 3.685120301246643 1.714505527444786e-17
			vertex -0.3252628743648529 3.7236524391174317 -0.09899494796991348
		endloop
	endfacet
	facet normal 0.3906658631331517 -0.8377852779244546 -0.3814393942364559
		outer loop
			vertex -0.3252628743648529 3.7236524391174317 -0.09899494796991348
			vertex -0.3112383186817169 3.685120301246643 1.714505527444786e-17
			vertex -0.47550252079963684 3.6535945105552674 -0.09899494796991348
		endloop
	endfacet
	facet normal 0.3906657112210402 -0.8377854950035099 -0.38143907303510877
		outer loop
			vertex -0.3112383186817169 3.685120301246643 1.714505527444786e-17
			vertex -0.45500001311302185 3.6180831360816956 1.714505527444786e-17
			vertex -0.47550252079963684 3.6535945105552674 -0.09899494796991348
		endloop
	endfacet
	facet normal 0.5302105889395407 -0.7572192266520805 -0.38143908316376124
		outer loop
			vertex -0.47550252079963684 3.6535945105552674 -0.09899494796991348
			vertex -0.45500001311302185 3.6180831360816956 1.714505527444786e-17
			vertex -0.6112942695617676 3.5585121083259583 -0.09899494796991348
		endloop
	endfacet
	facet normal 0.530210600581277 -0.7572192016685076 -0.3814391165779273
		outer loop
			vertex -0.45500001311302185 3.6180831360816956 1.714505527444786e-17
			vertex -0.5849367380142212 3.5271004605293275 1.714505527444786e-17
			vertex -0.6112942695617676 3.5585121083259583 -0.09899494796991348
		endloop
	endfacet
	facet normal 0.6536452311987222 -0.6536452311987222 -0.38143914778420157
		outer loop
			vertex -0.6112942695617676 3.5585121083259583 -0.09899494796991348
			vertex -0.5849367380142212 3.5271004605293275 1.714505527444786e-17
			vertex -0.7285121083259583 3.4412942695617676 -0.09899494796991348
		endloop
	endfacet
	facet normal 0.6536452311987223 -0.6536452311987223 -0.3814391477842016
		outer loop
			vertex -0.5849367380142212 3.5271004605293275 1.714505527444786e-17
			vertex -0.6971004605293274 3.4149367380142213 1.714505527444786e-17
			vertex -0.7285121083259583 3.4412942695617676 -0.09899494796991348
		endloop
	endfacet
	facet normal 0.7572192156065383 -0.530210581205369 -0.38143911584168166
		outer loop
			vertex -0.7285121083259583 3.4412942695617676 -0.09899494796991348
			vertex -0.6971004605293274 3.4149367380142213 1.714505527444786e-17
			vertex -0.8235945105552673 3.305502520799637 -0.09899494796991348
		endloop
	endfacet
	facet normal 0.7572192132117681 -0.5302106086639551 -0.38143908242752156
		outer loop
			vertex -0.6971004605293274 3.4149367380142213 1.714505527444786e-17
			vertex -0.7880831360816956 3.285000013113022 1.714505527444786e-17
			vertex -0.8235945105552673 3.305502520799637 -0.09899494796991348
		endloop
	endfacet
	facet normal 0.8377853953993749 -0.39066591791263094 -0.38143908011240113
		outer loop
			vertex -0.8235945105552673 3.305502520799637 -0.09899494796991348
			vertex -0.7880831360816956 3.285000013113022 1.714505527444786e-17
			vertex -0.8936524391174316 3.155262874364853 -0.09899494796991348
		endloop
	endfacet
	facet normal 0.8377853722351001 -0.3906656539732024 -0.3814394013137407
		outer loop
			vertex -0.7880831360816956 3.285000013113022 1.714505527444786e-17
			vertex -0.8551203012466431 3.141238318681717 1.714505527444786e-17
			vertex -0.8936524391174316 3.155262874364853 -0.09899494796991348
		endloop
	endfacet
	facet normal 0.89289586327298 -0.2392508391652964 -0.3814393966394945
		outer loop
			vertex -0.8936524391174316 3.155262874364853 -0.09899494796991348
			vertex -0.8551203012466431 3.141238318681717 1.714505527444786e-17
			vertex -0.9365571737289429 2.995140300989151 -0.09899494796991348
		endloop
	endfacet
	facet normal 0.8928957600349425 -0.23925045429635922 -0.3814398797066296
		outer loop
			vertex -0.8551203012466431 3.141238318681717 1.714505527444786e-17
			vertex -0.8961750268936157 2.9880198407173157 1.714505527444786e-17
			vertex -0.9365571737289429 2.995140300989151 -0.09899494796991348
		endloop
	endfacet
	facet normal 0.9208760741660832 -0.08056601426065332 -0.38143986862232276
		outer loop
			vertex -0.9365571737289429 2.995140300989151 -0.09899494796991348
			vertex -0.8961750268936157 2.9880198407173157 1.714505527444786e-17
			vertex -0.9510050415992737 2.83 -0.09899494796991348
		endloop
	endfacet
	facet normal 0.9208763277615657 -0.08056655771047938 -0.3814391416032941
		outer loop
			vertex -0.8961750268936157 2.9880198407173157 1.714505527444786e-17
			vertex -0.9100000262260437 2.83 1.714505527444786e-17
			vertex -0.9510050415992737 2.83 -0.09899494796991348
		endloop
	endfacet
	facet normal 0.920876366434913 0.08056603983079831 -0.3814391576223055
		outer loop
			vertex -0.9510050415992737 2.83 -0.09899494796991348
			vertex -0.9100000262260437 2.83 1.714505527444786e-17
			vertex -0.9365571737289429 2.664859699010849 -0.09899494796991348
		endloop
	endfacet
	facet normal 0.9208760223229726 0.08056653098795943 -0.3814398846413236
		outer loop
			vertex -0.9100000262260437 2.83 1.714505527444786e-17
			vertex -0.8961750268936157 2.6719801592826844 1.714505527444786e-17
			vertex -0.9365571737289429 2.664859699010849 -0.09899494796991348
		endloop
	endfacet
	facet normal 0.892895674975764 0.23925078871118544 -0.38143986906280614
		outer loop
			vertex -0.9365571737289429 2.664859699010849 -0.09899494796991348
			vertex -0.8961750268936157 2.6719801592826844 1.714505527444786e-17
			vertex -0.8936524391174316 2.504737125635147 -0.09899494796991348
		endloop
	endfacet
	facet normal 0.8928959568169574 0.2392505070238875 -0.38143938599565597
		outer loop
			vertex -0.8961750268936157 2.6719801592826844 1.714505527444786e-17
			vertex -0.8551203012466431 2.518761681318283 1.714505527444786e-17
			vertex -0.8936524391174316 2.504737125635147 -0.09899494796991348
		endloop
	endfacet
	facet normal 0.8377852779244546 0.3906658631331517 -0.3814393942364559
		outer loop
			vertex -0.8936524391174316 2.504737125635147 -0.09899494796991348
			vertex -0.8551203012466431 2.518761681318283 1.714505527444786e-17
			vertex -0.8235945105552673 2.3544974792003632 -0.09899494796991348
		endloop
	endfacet
	facet normal 0.8377854950035099 0.3906657112210402 -0.38143907303510877
		outer loop
			vertex -0.8551203012466431 2.518761681318283 1.714505527444786e-17
			vertex -0.7880831360816956 2.374999986886978 1.714505527444786e-17
			vertex -0.8235945105552673 2.3544974792003632 -0.09899494796991348
		endloop
	endfacet
	facet normal 0.7572192266520805 0.5302105889395407 -0.38143908316376124
		outer loop
			vertex -0.8235945105552673 2.3544974792003632 -0.09899494796991348
			vertex -0.7880831360816956 2.374999986886978 1.714505527444786e-17
			vertex -0.7285121083259583 2.2187057304382325 -0.09899494796991348
		endloop
	endfacet
	facet normal 0.7572192016685076 0.530210600581277 -0.3814391165779273
		outer loop
			vertex -0.7880831360816956 2.374999986886978 1.714505527444786e-17
			vertex -0.6971004605293274 2.245063261985779 1.714505527444786e-17
			vertex -0.7285121083259583 2.2187057304382325 -0.09899494796991348
		endloop
	endfacet
	facet normal 0.6536452311987222 0.6536452311987222 -0.38143914778420157
		outer loop
			vertex -0.7285121083259583 2.2187057304382325 -0.09899494796991348
			vertex -0.6971004605293274 2.245063261985779 1.714505527444786e-17
			vertex -0.6112942695617676 2.101487891674042 -0.09899494796991348
		endloop
	endfacet
	facet normal 0.6536452311987223 0.6536452311987223 -0.3814391477842016
		outer loop
			vertex -0.6971004605293274 2.245063261985779 1.714505527444786e-17
			vertex -0.5849367380142212 2.1328995394706727 1.714505527444786e-17
			vertex -0.6112942695617676 2.101487891674042 -0.09899494796991348
		endloop
	endfacet
	facet normal 0.530210581205369 0.7572192156065383 -0.38143911584168166
		outer loop
			vertex -0.6112942695617676 2.101487891674042 -0.09899494796991348
			vertex -0.5849367380142212 2.1328995394706727 1.714505527444786e-17
			vertex -0.47550252079963684 2.0064054894447327 -0.09899494796991348
		endloop
	endfacet
	facet normal 0.5302106086639551 0.7572192132117681 -0.38143908242752156
		outer loop
			vertex -0.5849367380142212 2.1328995394706727 1.714505527444786e-17
			vertex -0.45500001311302185 2.0419168639183045 1.714505527444786e-17
			vertex -0.47550252079963684 2.0064054894447327 -0.09899494796991348
		endloop
	endfacet
	facet normal 0.39066591791263094 0.8377853953993749 -0.38143908011240113
		outer loop
			vertex -0.47550252079963684 2.0064054894447327 -0.09899494796991348
			vertex -0.45500001311302185 2.0419168639183045 1.714505527444786e-17
			vertex -0.3252628743648529 1.9363475608825684 -0.09899494796991348
		endloop
	endfacet
	facet normal 0.3906656539732024 0.8377853722351001 -0.3814394013137407
		outer loop
			vertex -0.45500001311302185 2.0419168639183045 1.714505527444786e-17
			vertex -0.3112383186817169 1.974879698753357 1.714505527444786e-17
			vertex -0.3252628743648529 1.9363475608825684 -0.09899494796991348
		endloop
	endfacet
	facet normal 0.2392508391652964 0.89289586327298 -0.3814393966394945
		outer loop
			vertex -0.3252628743648529 1.9363475608825684 -0.09899494796991348
			vertex -0.3112383186817169 1.974879698753357 1.714505527444786e-17
			vertex -0.165140300989151 1.8934428262710572 -0.09899494796991348
		endloop
	endfacet
	facet normal 0.23925045429635922 0.8928957600349425 -0.3814398797066296
		outer loop
			vertex -0.3112383186817169 1.974879698753357 1.714505527444786e-17
			vertex -0.15801984071731567 1.9338249731063843 1.714505527444786e-17
			vertex -0.165140300989151 1.8934428262710572 -0.09899494796991348
		endloop
	endfacet
	facet normal 0.0805660142606534 0.9208760741660832 -0.3814398686223228
		outer loop
			vertex -0.165140300989151 1.8934428262710572 -0.09899494796991348
			vertex -0.15801984071731567 1.9338249731063843 1.714505527444786e-17
			vertex -1.746967998973858e-16 1.8789949584007264 -0.09899494796991348
		endloop
	endfacet
	facet normal 0.08056655771047945 0.9208763277615655 -0.381439141603294
		outer loop
			vertex -0.15801984071731567 1.9338249731063843 1.714505527444786e-17
			vertex -1.6716428148124112e-16 1.9199999737739564 1.714505527444786e-17
			vertex -1.746967998973858e-16 1.8789949584007264 -0.09899494796991348
		endloop
	endfacet
	facet normal -0.08056603983079826 0.920876366434913 -0.3814391576223056
		outer loop
			vertex -1.746967998973858e-16 1.8789949584007264 -0.09899494796991348
			vertex -1.6716428148124112e-16 1.9199999737739564 1.714505527444786e-17
			vertex 0.165140300989151 1.8934428262710572 -0.09899494796991348
		endloop
	endfacet
	facet normal -0.08056653098795936 0.9208760223229726 -0.3814398846413236
		outer loop
			vertex -1.6716428148124112e-16 1.9199999737739564 1.714505527444786e-17
			vertex 0.15801984071731567 1.9338249731063843 1.714505527444786e-17
			vertex 0.165140300989151 1.8934428262710572 -0.09899494796991348
		endloop
	endfacet
	facet normal -0.23925078871118544 0.892895674975764 -0.38143986906280614
		outer loop
			vertex 0.165140300989151 1.8934428262710572 -0.09899494796991348
			vertex 0.15801984071731567 1.9338249731063843 1.714505527444786e-17
			vertex 0.3252628743648529 1.9363475608825684 -0.09899494796991348
		endloop
	endfacet
	facet normal -0.2392505070238875 0.8928959568169574 -0.38143938599565597
		outer loop
			vertex 0.15801984071731567 1.9338249731063843 1.714505527444786e-17
			vertex 0.3112383186817169 1.974879698753357 1.714505527444786e-17
			vertex 0.3252628743648529 1.9363475608825684 -0.09899494796991348
		endloop
	endfacet
	facet normal -0.3906658631331517 0.8377852779244546 -0.3814393942364559
		outer loop
			vertex 0.3252628743648529 1.9363475608825684 -0.09899494796991348
			vertex 0.3112383186817169 1.974879698753357 1.714505527444786e-17
			vertex 0.47550252079963684 2.0064054894447327 -0.09899494796991348
		endloop
	endfacet
	facet normal -0.3906657112210402 0.8377854950035099 -0.38143907303510877
		outer loop
			vertex 0.3112383186817169 1.974879698753357 1.714505527444786e-17
			vertex 0.45500001311302185 2.0419168639183045 1.714505527444786e-17
			vertex 0.47550252079963684 2.0064054894447327 -0.09899494796991348
		endloop
	endfacet
	facet normal -0.5302105889395407 0.7572192266520805 -0.38143908316376124
		outer loop
			vertex 0.47550252079963684 2.0064054894447327 -0.09899494796991348
			vertex 0.45500001311302185 2.0419168639183045 1.714505527444786e-17
			vertex 0.6112942695617676 2.101487891674042 -0.09899494796991348
		endloop
	endfacet
	facet normal -0.530210600581277 0.7572192016685076 -0.3814391165779273
		outer loop
			vertex 0.45500001311302185 2.0419168639183045 1.714505527444786e-17
			vertex 0.5849367380142212 2.1328995394706727 1.714505527444786e-17
			vertex 0.6112942695617676 2.101487891674042 -0.09899494796991348
		endloop
	endfacet
	facet normal -0.6536452311987222 0.6536452311987222 -0.38143914778420157
		outer loop
			vertex 0.6112942695617676 2.101487891674042 -0.09899494796991348
			vertex 0.5849367380142212 2.1328995394706727 1.714505527444786e-17
			vertex 0.7285121083259583 2.2187057304382325 -0.09899494796991348
		endloop
	endfacet
	facet normal -0.6536452311987223 0.6536452311987223 -0.3814391477842016
		outer loop
			vertex 0.5849367380142212 2.1328995394706727 1.714505527444786e-17
			vertex 0.6971004605293274 2.245063261985779 1.714505527444786e-17
			vertex 0.7285121083259583 2.2187057304382325 -0.09899494796991348
		endloop
	endfacet
	facet normal -0.7572192156065383 0.530210581205369 -0.38143911584168166
		outer loop
			vertex 0.7285121083259583 2.2187057304382325 -0.09899494796991348
			vertex 0.6971004605293274 2.245063261985779 1.714505527444786e-17
			vertex 0.8235945105552673 2.3544974792003632 -0.09899494796991348
		endloop
	endfacet
	facet normal -0.7572192132117681 0.5302106086639551 -0.38143908242752156
		outer loop
			vertex 0.6971004605293274 2.245063261985779 1.714505527444786e-17
			vertex 0.7880831360816956 2.374999986886978 1.714505527444786e-17
			vertex 0.8235945105552673 2.3544974792003632 -0.09899494796991348
		endloop
	endfacet
	facet normal -0.8377853953993749 0.39066591791263094 -0.38143908011240113
		outer loop
			vertex 0.8235945105552673 2.3544974792003632 -0.09899494796991348
			vertex 0.7880831360816956 2.374999986886978 1.714505527444786e-17
			vertex 0.8936524391174316 2.504737125635147 -0.09899494796991348
		endloop
	endfacet
	facet normal -0.8377853722351001 0.3906656539732024 -0.3814394013137407
		outer loop
			vertex 0.7880831360816956 2.374999986886978 1.714505527444786e-17
			vertex 0.8551203012466431 2.518761681318283 1.714505527444786e-17
			vertex 0.8936524391174316 2.504737125635147 -0.09899494796991348
		endloop
	endfacet
	facet normal -0.89289586327298 0.2392508391652964 -0.3814393966394945
		outer loop
			vertex 0.8936524391174316 2.504737125635147 -0.09899494796991348
			vertex 0.8551203012466431 2.518761681318283 1.714505527444786e-17
			vertex 0.9365571737289429 2.664859699010849 -0.09899494796991348
		endloop
	endfacet
	facet normal -0.8928957600349425 0.23925045429635922 -0.3814398797066296
		outer loop
			vertex 0.8551203012466431 2.518761681318283 1.714505527444786e-17
			vertex 0.8961750268936157 2.6719801592826844 1.714505527444786e-17
			vertex 0.9365571737289429 2.664859699010849 -0.09899494796991348
		endloop
	endfacet
	facet normal -0.9208760741660831 0.08056601426065355 -0.38143986862232276
		outer loop
			vertex 0.9365571737289429 2.664859699010849 -0.09899494796991348
			vertex 0.8961750268936157 2.6719801592826844 1.714505527444786e-17
			vertex 0.9510050415992737 2.8299999999999996 -0.09899494796991348
		endloop
	endfacet
	facet normal -0.9208763277615655 0.08056655771047959 -0.38143914160329406
		outer loop
			vertex 0.8961750268936157 2.6719801592826844 1.714505527444786e-17
			vertex 0.9100000262260437 2.8299999999999996 1.714505527444786e-17
			vertex 0.9510050415992737 2.8299999999999996 -0.09899494796991348
		endloop
	endfacet
	facet normal -0.38246927570897704 -0.03346150073431379 -0.9233621072511359
		outer loop
			vertex 1.0499999523162842 2.83 -0.14000000059604645
			vertex 0.9510050415992737 2.83 -0.09899494796991348
			vertex 1.0340481996536255 3.012330593466759 -0.14000000059604645
		endloop
	endfacet
	facet normal -0.38246905275358867 -0.0334616220606105 -0.9233621952055681
		outer loop
			vertex 0.9510050415992737 2.83 -0.09899494796991348
			vertex 0.9365571737289429 2.995140300989151 -0.09899494796991348
			vertex 1.0340481996536255 3.012330593466759 -0.14000000059604645
		endloop
	endfacet
	facet normal -0.3708478819806551 -0.09936856890474625 -0.9233621910952846
		outer loop
			vertex 1.0340481996536255 3.012330593466759 -0.14000000059604645
			vertex 0.9365571737289429 2.995140300989151 -0.09899494796991348
			vertex 0.9866772294044495 3.1891211438179017 -0.14000000059604645
		endloop
	endfacet
	facet normal -0.3708480993468735 -0.09936849594796374 -0.9233621116462659
		outer loop
			vertex 0.9365571737289429 2.995140300989151 -0.09899494796991348
			vertex 0.8936524391174316 3.155262874364853 -0.09899494796991348
			vertex 0.9866772294044495 3.1891211438179017 -0.14000000059604645
		endloop
	endfacet
	facet normal -0.3479589490523064 -0.16225589540612054 -0.9233621143302191
		outer loop
			vertex 0.9866772294044495 3.1891211438179017 -0.14000000059604645
			vertex 0.8936524391174316 3.155262874364853 -0.09899494796991348
			vertex 0.9093266725540161 3.354999976158142 -0.14000000059604645
		endloop
	endfacet
	facet normal -0.3479587889164564 -0.1622559194923825 -0.9233621704431444
		outer loop
			vertex 0.8936524391174316 3.155262874364853 -0.09899494796991348
			vertex 0.8235945105552673 3.305502520799637 -0.09899494796991348
			vertex 0.9093266725540161 3.354999976158142 -0.14000000059604645
		endloop
	endfacet
	facet normal -0.31449715557241975 -0.22021319994583152 -0.923362163891544
		outer loop
			vertex 0.9093266725540161 3.354999976158142 -0.14000000059604645
			vertex 0.8235945105552673 3.305502520799637 -0.09899494796991348
			vertex 0.8043466806411743 3.504926996231079 -0.14000000059604645
		endloop
	endfacet
	facet normal -0.31449705164965797 -0.2202131973222211 -0.9233621999133369
		outer loop
			vertex 0.8235945105552673 3.305502520799637 -0.09899494796991348
			vertex 0.7285121083259583 3.4412942695617676 -0.09899494796991348
			vertex 0.8043466806411743 3.504926996231079 -0.14000000059604645
		endloop
	endfacet
	facet normal -0.2714795197229272 -0.2714795197229272 -0.9233621936932536
		outer loop
			vertex 0.8043466806411743 3.504926996231079 -0.14000000059604645
			vertex 0.7285121083259583 3.4412942695617676 -0.09899494796991348
			vertex 0.6749269962310791 3.6343466806411744 -0.14000000059604645
		endloop
	endfacet
	facet normal -0.2714795197229272 -0.2714795197229272 -0.9233621936932536
		outer loop
			vertex 0.7285121083259583 3.4412942695617676 -0.09899494796991348
			vertex 0.6112942695617676 3.5585121083259583 -0.09899494796991348
			vertex 0.6749269962310791 3.6343466806411744 -0.14000000059604645
		endloop
	endfacet
	facet normal -0.2202131527133048 -0.31449708811735666 -0.9233621981312481
		outer loop
			vertex 0.6749269962310791 3.6343466806411744 -0.14000000059604645
			vertex 0.6112942695617676 3.5585121083259583 -0.09899494796991348
			vertex 0.5249999761581421 3.739326672554016 -0.14000000059604645
		endloop
	endfacet
	facet normal -0.22021324947143348 -0.3144971261264547 -0.9233621621094472
		outer loop
			vertex 0.6112942695617676 3.5585121083259583 -0.09899494796991348
			vertex 0.47550252079963684 3.6535945105552674 -0.09899494796991348
			vertex 0.5249999761581421 3.739326672554016 -0.14000000059604645
		endloop
	endfacet
	facet normal -0.16225584119408842 -0.34795883279420875 -0.9233621676671027
		outer loop
			vertex 0.5249999761581421 3.739326672554016 -0.14000000059604645
			vertex 0.47550252079963684 3.6535945105552674 -0.09899494796991348
			vertex 0.3591211438179016 3.8166772294044495 -0.14000000059604645
		endloop
	endfacet
	facet normal -0.16225597934763586 -0.34795891727640493 -0.9233621115541679
		outer loop
			vertex 0.47550252079963684 3.6535945105552674 -0.09899494796991348
			vertex 0.3252628743648529 3.7236524391174317 -0.09899494796991348
			vertex 0.3591211438179016 3.8166772294044495 -0.14000000059604645
		endloop
	endfacet
	facet normal -0.09936861591255906 -0.3708480574158859 -0.9233621155768122
		outer loop
			vertex 0.3591211438179016 3.8166772294044495 -0.14000000059604645
			vertex 0.3252628743648529 3.7236524391174317 -0.09899494796991348
			vertex 0.18233059346675873 3.8640481996536256 -0.14000000059604645
		endloop
	endfacet
	facet normal -0.09936844404692681 -0.37084790564965875 -0.9233621950258495
		outer loop
			vertex 0.3252628743648529 3.7236524391174317 -0.09899494796991348
			vertex 0.165140300989151 3.766557173728943 -0.09899494796991348
			vertex 0.18233059346675873 3.8640481996536256 -0.14000000059604645
		endloop
	endfacet
	facet normal -0.033461483210231804 -0.3824690754064562 -0.9233621908542183
		outer loop
			vertex 0.18233059346675873 3.8640481996536256 -0.14000000059604645
			vertex 0.165140300989151 3.766557173728943 -0.09899494796991348
			vertex 6.429395645199886e-17 3.8799999523162843 -0.14000000059604645
		endloop
	endfacet
	facet normal -0.03346164140894339 -0.38246927390660196 -0.9233621028998192
		outer loop
			vertex 0.165140300989151 3.766557173728943 -0.09899494796991348
			vertex 5.823226442664697e-17 3.7810050415992738 -0.09899494796991348
			vertex 6.429395645199886e-17 3.8799999523162843 -0.14000000059604645
		endloop
	endfacet
	facet normal 0.03346150073431378 -0.38246927570897715 -0.923362107251136
		outer loop
			vertex 6.429395645199886e-17 3.8799999523162843 -0.14000000059604645
			vertex 5.823226442664697e-17 3.7810050415992738 -0.09899494796991348
			vertex -0.18233059346675873 3.8640481996536256 -0.14000000059604645
		endloop
	endfacet
	facet normal 0.033461622060610485 -0.38246905275358867 -0.9233621952055682
		outer loop
			vertex 5.823226442664697e-17 3.7810050415992738 -0.09899494796991348
			vertex -0.165140300989151 3.766557173728943 -0.09899494796991348
			vertex -0.18233059346675873 3.8640481996536256 -0.14000000059604645
		endloop
	endfacet
	facet normal 0.09936856890474625 -0.3708478819806551 -0.9233621910952846
		outer loop
			vertex -0.18233059346675873 3.8640481996536256 -0.14000000059604645
			vertex -0.165140300989151 3.766557173728943 -0.09899494796991348
			vertex -0.3591211438179016 3.8166772294044495 -0.14000000059604645
		endloop
	endfacet
	facet normal 0.09936849594796374 -0.3708480993468735 -0.9233621116462659
		outer loop
			vertex -0.165140300989151 3.766557173728943 -0.09899494796991348
			vertex -0.3252628743648529 3.7236524391174317 -0.09899494796991348
			vertex -0.3591211438179016 3.8166772294044495 -0.14000000059604645
		endloop
	endfacet
	facet normal 0.16225589540612054 -0.3479589490523064 -0.9233621143302191
		outer loop
			vertex -0.3591211438179016 3.8166772294044495 -0.14000000059604645
			vertex -0.3252628743648529 3.7236524391174317 -0.09899494796991348
			vertex -0.5249999761581421 3.739326672554016 -0.14000000059604645
		endloop
	endfacet
	facet normal 0.1622559194923825 -0.3479587889164564 -0.9233621704431444
		outer loop
			vertex -0.3252628743648529 3.7236524391174317 -0.09899494796991348
			vertex -0.47550252079963684 3.6535945105552674 -0.09899494796991348
			vertex -0.5249999761581421 3.739326672554016 -0.14000000059604645
		endloop
	endfacet
	facet normal 0.22021319994583152 -0.31449715557241975 -0.923362163891544
		outer loop
			vertex -0.5249999761581421 3.739326672554016 -0.14000000059604645
			vertex -0.47550252079963684 3.6535945105552674 -0.09899494796991348
			vertex -0.6749269962310791 3.6343466806411744 -0.14000000059604645
		endloop
	endfacet
	facet normal 0.2202131973222211 -0.31449705164965797 -0.9233621999133369
		outer loop
			vertex -0.47550252079963684 3.6535945105552674 -0.09899494796991348
			vertex -0.6112942695617676 3.5585121083259583 -0.09899494796991348
			vertex -0.6749269962310791 3.6343466806411744 -0.14000000059604645
		endloop
	endfacet
	facet normal 0.2714795197229272 -0.2714795197229272 -0.9233621936932536
		outer loop
			vertex -0.6749269962310791 3.6343466806411744 -0.14000000059604645
			vertex -0.6112942695617676 3.5585121083259583 -0.09899494796991348
			vertex -0.8043466806411743 3.504926996231079 -0.14000000059604645
		endloop
	endfacet
	facet normal 0.2714795197229272 -0.2714795197229272 -0.9233621936932536
		outer loop
			vertex -0.6112942695617676 3.5585121083259583 -0.09899494796991348
			vertex -0.7285121083259583 3.4412942695617676 -0.09899494796991348
			vertex -0.8043466806411743 3.504926996231079 -0.14000000059604645
		endloop
	endfacet
	facet normal 0.31449708811735666 -0.2202131527133048 -0.9233621981312481
		outer loop
			vertex -0.8043466806411743 3.504926996231079 -0.14000000059604645
			vertex -0.7285121083259583 3.4412942695617676 -0.09899494796991348
			vertex -0.9093266725540161 3.354999976158142 -0.14000000059604645
		endloop
	endfacet
	facet normal 0.3144971261264547 -0.22021324947143348 -0.9233621621094472
		outer loop
			vertex -0.7285121083259583 3.4412942695617676 -0.09899494796991348
			vertex -0.8235945105552673 3.305502520799637 -0.09899494796991348
			vertex -0.9093266725540161 3.354999976158142 -0.14000000059604645
		endloop
	endfacet
	facet normal 0.34795883279420875 -0.16225584119408842 -0.9233621676671027
		outer loop
			vertex -0.9093266725540161 3.354999976158142 -0.14000000059604645
			vertex -0.8235945105552673 3.305502520799637 -0.09899494796991348
			vertex -0.9866772294044495 3.1891211438179017 -0.14000000059604645
		endloop
	endfacet
	facet normal 0.34795891727640493 -0.16225597934763586 -0.9233621115541679
		outer loop
			vertex -0.8235945105552673 3.305502520799637 -0.09899494796991348
			vertex -0.8936524391174316 3.155262874364853 -0.09899494796991348
			vertex -0.9866772294044495 3.1891211438179017 -0.14000000059604645
		endloop
	endfacet
	facet normal 0.3708480574158859 -0.09936861591255906 -0.9233621155768122
		outer loop
			vertex -0.9866772294044495 3.1891211438179017 -0.14000000059604645
			vertex -0.8936524391174316 3.155262874364853 -0.09899494796991348
			vertex -1.0340481996536255 3.012330593466759 -0.14000000059604645
		endloop
	endfacet
	facet normal 0.37084790564965875 -0.09936844404692681 -0.9233621950258495
		outer loop
			vertex -0.8936524391174316 3.155262874364853 -0.09899494796991348
			vertex -0.9365571737289429 2.995140300989151 -0.09899494796991348
			vertex -1.0340481996536255 3.012330593466759 -0.14000000059604645
		endloop
	endfacet
	facet normal 0.38246907540645614 -0.03346148321023179 -0.9233621908542183
		outer loop
			vertex -1.0340481996536255 3.012330593466759 -0.14000000059604645
			vertex -0.9365571737289429 2.995140300989151 -0.09899494796991348
			vertex -1.0499999523162842 2.83 -0.14000000059604645
		endloop
	endfacet
	facet normal 0.38246927390660185 -0.03346164140894337 -0.9233621028998191
		outer loop
			vertex -0.9365571737289429 2.995140300989151 -0.09899494796991348
			vertex -0.9510050415992737 2.83 -0.09899494796991348
			vertex -1.0499999523162842 2.83 -0.14000000059604645
		endloop
	endfacet
	facet normal 0.38246927570897704 0.03346150073431379 -0.9233621072511359
		outer loop
			vertex -1.0499999523162842 2.83 -0.14000000059604645
			vertex -0.9510050415992737 2.83 -0.09899494796991348
			vertex -1.0340481996536255 2.6476694065332413 -0.14000000059604645
		endloop
	endfacet
	facet normal 0.38246905275358867 0.0334616220606105 -0.9233621952055681
		outer loop
			vertex -0.9510050415992737 2.83 -0.09899494796991348
			vertex -0.9365571737289429 2.664859699010849 -0.09899494796991348
			vertex -1.0340481996536255 2.6476694065332413 -0.14000000059604645
		endloop
	endfacet
	facet normal 0.3708478819806551 0.09936856890474625 -0.9233621910952846
		outer loop
			vertex -1.0340481996536255 2.6476694065332413 -0.14000000059604645
			vertex -0.9365571737289429 2.664859699010849 -0.09899494796991348
			vertex -0.9866772294044495 2.4708788561820985 -0.14000000059604645
		endloop
	endfacet
	facet normal 0.3708480993468735 0.09936849594796374 -0.9233621116462659
		outer loop
			vertex -0.9365571737289429 2.664859699010849 -0.09899494796991348
			vertex -0.8936524391174316 2.504737125635147 -0.09899494796991348
			vertex -0.9866772294044495 2.4708788561820985 -0.14000000059604645
		endloop
	endfacet
	facet normal 0.3479589490523064 0.16225589540612054 -0.9233621143302191
		outer loop
			vertex -0.9866772294044495 2.4708788561820985 -0.14000000059604645
			vertex -0.8936524391174316 2.504737125635147 -0.09899494796991348
			vertex -0.9093266725540161 2.305000023841858 -0.14000000059604645
		endloop
	endfacet
	facet normal 0.3479587889164564 0.1622559194923825 -0.9233621704431444
		outer loop
			vertex -0.8936524391174316 2.504737125635147 -0.09899494796991348
			vertex -0.8235945105552673 2.3544974792003632 -0.09899494796991348
			vertex -0.9093266725540161 2.305000023841858 -0.14000000059604645
		endloop
	endfacet
	facet normal 0.31449715557241975 0.22021319994583152 -0.923362163891544
		outer loop
			vertex -0.9093266725540161 2.305000023841858 -0.14000000059604645
			vertex -0.8235945105552673 2.3544974792003632 -0.09899494796991348
			vertex -0.8043466806411743 2.155073003768921 -0.14000000059604645
		endloop
	endfacet
	facet normal 0.31449705164965797 0.2202131973222211 -0.9233621999133369
		outer loop
			vertex -0.8235945105552673 2.3544974792003632 -0.09899494796991348
			vertex -0.7285121083259583 2.2187057304382325 -0.09899494796991348
			vertex -0.8043466806411743 2.155073003768921 -0.14000000059604645
		endloop
	endfacet
	facet normal 0.2714795197229272 0.2714795197229272 -0.9233621936932536
		outer loop
			vertex -0.8043466806411743 2.155073003768921 -0.14000000059604645
			vertex -0.7285121083259583 2.2187057304382325 -0.09899494796991348
			vertex -0.6749269962310791 2.0256533193588258 -0.14000000059604645
		endloop
	endfacet
	facet normal 0.2714795197229272 0.2714795197229272 -0.9233621936932536
		outer loop
			vertex -0.7285121083259583 2.2187057304382325 -0.09899494796991348
			vertex -0.6112942695617676 2.101487891674042 -0.09899494796991348
			vertex -0.6749269962310791 2.0256533193588258 -0.14000000059604645
		endloop
	endfacet
	facet normal 0.2202131527133048 0.31449708811735666 -0.9233621981312481
		outer loop
			vertex -0.6749269962310791 2.0256533193588258 -0.14000000059604645
			vertex -0.6112942695617676 2.101487891674042 -0.09899494796991348
			vertex -0.5249999761581421 1.920673327445984 -0.14000000059604645
		endloop
	endfacet
	facet normal 0.22021324947143348 0.3144971261264547 -0.9233621621094472
		outer loop
			vertex -0.6112942695617676 2.101487891674042 -0.09899494796991348
			vertex -0.47550252079963684 2.0064054894447327 -0.09899494796991348
			vertex -0.5249999761581421 1.920673327445984 -0.14000000059604645
		endloop
	endfacet
	facet normal 0.16225584119408842 0.34795883279420875 -0.9233621676671027
		outer loop
			vertex -0.5249999761581421 1.920673327445984 -0.14000000059604645
			vertex -0.47550252079963684 2.0064054894447327 -0.09899494796991348
			vertex -0.3591211438179016 1.8433227705955506 -0.14000000059604645
		endloop
	endfacet
	facet normal 0.16225597934763586 0.34795891727640493 -0.9233621115541679
		outer loop
			vertex -0.47550252079963684 2.0064054894447327 -0.09899494796991348
			vertex -0.3252628743648529 1.9363475608825684 -0.09899494796991348
			vertex -0.3591211438179016 1.8433227705955506 -0.14000000059604645
		endloop
	endfacet
	facet normal 0.09936861591255906 0.3708480574158859 -0.9233621155768122
		outer loop
			vertex -0.3591211438179016 1.8433227705955506 -0.14000000059604645
			vertex -0.3252628743648529 1.9363475608825684 -0.09899494796991348
			vertex -0.18233059346675873 1.7959518003463746 -0.14000000059604645
		endloop
	endfacet
	facet normal 0.09936844404692681 0.37084790564965875 -0.9233621950258495
		outer loop
			vertex -0.3252628743648529 1.9363475608825684 -0.09899494796991348
			vertex -0.165140300989151 1.8934428262710572 -0.09899494796991348
			vertex -0.18233059346675873 1.7959518003463746 -0.14000000059604645
		endloop
	endfacet
	facet normal 0.03346148321023182 0.38246907540645614 -0.9233621908542183
		outer loop
			vertex -0.18233059346675873 1.7959518003463746 -0.14000000059604645
			vertex -0.165140300989151 1.8934428262710572 -0.09899494796991348
			vertex -1.9288186935599659e-16 1.780000047683716 -0.14000000059604645
		endloop
	endfacet
	facet normal 0.033461641408943414 0.38246927390660196 -0.9233621028998192
		outer loop
			vertex -0.165140300989151 1.8934428262710572 -0.09899494796991348
			vertex -1.746967998973858e-16 1.8789949584007264 -0.09899494796991348
			vertex -1.9288186935599659e-16 1.780000047683716 -0.14000000059604645
		endloop
	endfacet
	facet normal -0.03346150073431376 0.38246927570897715 -0.9233621072511359
		outer loop
			vertex -1.9288186935599659e-16 1.780000047683716 -0.14000000059604645
			vertex -1.746967998973858e-16 1.8789949584007264 -0.09899494796991348
			vertex 0.18233059346675873 1.7959518003463746 -0.14000000059604645
		endloop
	endfacet
	facet normal -0.033461622060610464 0.38246905275358867 -0.9233621952055682
		outer loop
			vertex -1.746967998973858e-16 1.8789949584007264 -0.09899494796991348
			vertex 0.165140300989151 1.8934428262710572 -0.09899494796991348
			vertex 0.18233059346675873 1.7959518003463746 -0.14000000059604645
		endloop
	endfacet
	facet normal -0.09936856890474625 0.3708478819806551 -0.9233621910952846
		outer loop
			vertex 0.18233059346675873 1.7959518003463746 -0.14000000059604645
			vertex 0.165140300989151 1.8934428262710572 -0.09899494796991348
			vertex 0.3591211438179016 1.8433227705955506 -0.14000000059604645
		endloop
	endfacet
	facet normal -0.09936849594796374 0.3708480993468735 -0.9233621116462659
		outer loop
			vertex 0.165140300989151 1.8934428262710572 -0.09899494796991348
			vertex 0.3252628743648529 1.9363475608825684 -0.09899494796991348
			vertex 0.3591211438179016 1.8433227705955506 -0.14000000059604645
		endloop
	endfacet
	facet normal -0.16225589540612054 0.3479589490523064 -0.9233621143302191
		outer loop
			vertex 0.3591211438179016 1.8433227705955506 -0.14000000059604645
			vertex 0.3252628743648529 1.9363475608825684 -0.09899494796991348
			vertex 0.5249999761581421 1.920673327445984 -0.14000000059604645
		endloop
	endfacet
	facet normal -0.1622559194923825 0.3479587889164564 -0.9233621704431444
		outer loop
			vertex 0.3252628743648529 1.9363475608825684 -0.09899494796991348
			vertex 0.47550252079963684 2.0064054894447327 -0.09899494796991348
			vertex 0.5249999761581421 1.920673327445984 -0.14000000059604645
		endloop
	endfacet
	facet normal -0.22021319994583152 0.31449715557241975 -0.923362163891544
		outer loop
			vertex 0.5249999761581421 1.920673327445984 -0.14000000059604645
			vertex 0.47550252079963684 2.0064054894447327 -0.09899494796991348
			vertex 0.6749269962310791 2.0256533193588258 -0.14000000059604645
		endloop
	endfacet
	facet normal -0.2202131973222211 0.31449705164965797 -0.9233621999133369
		outer loop
			vertex 0.47550252079963684 2.0064054894447327 -0.09899494796991348
			vertex 0.6112942695617676 2.101487891674042 -0.09899494796991348
			vertex 0.6749269962310791 2.0256533193588258 -0.14000000059604645
		endloop
	endfacet
	facet normal -0.2714795197229272 0.2714795197229272 -0.9233621936932536
		outer loop
			vertex 0.6749269962310791 2.0256533193588258 -0.14000000059604645
			vertex 0.6112942695617676 2.101487891674042 -0.09899494796991348
			vertex 0.8043466806411743 2.155073003768921 -0.14000000059604645
		endloop
	endfacet
	facet normal -0.2714795197229272 0.2714795197229272 -0.9233621936932536
		outer loop
			vertex 0.6112942695617676 2.101487891674042 -0.09899494796991348
			vertex 0.7285121083259583 2.2187057304382325 -0.09899494796991348
			vertex 0.8043466806411743 2.155073003768921 -0.14000000059604645
		endloop
	endfacet
	facet normal -0.31449708811735666 0.2202131527133048 -0.9233621981312481
		outer loop
			vertex 0.8043466806411743 2.155073003768921 -0.14000000059604645
			vertex 0.7285121083259583 2.2187057304382325 -0.09899494796991348
			vertex 0.9093266725540161 2.305000023841858 -0.14000000059604645
		endloop
	endfacet
	facet normal -0.3144971261264547 0.22021324947143348 -0.9233621621094472
		outer loop
			vertex 0.7285121083259583 2.2187057304382325 -0.09899494796991348
			vertex 0.8235945105552673 2.3544974792003632 -0.09899494796991348
			vertex 0.9093266725540161 2.305000023841858 -0.14000000059604645
		endloop
	endfacet
	facet normal -0.34795883279420875 0.16225584119408842 -0.9233621676671027
		outer loop
			vertex 0.9093266725540161 2.305000023841858 -0.14000000059604645
			vertex 0.8235945105552673 2.3544974792003632 -0.09899494796991348
			vertex 0.9866772294044495 2.4708788561820985 -0.14000000059604645
		endloop
	endfacet
	facet normal -0.34795891727640493 0.16225597934763586 -0.9233621115541679
		outer loop
			vertex 0.8235945105552673 2.3544974792003632 -0.09899494796991348
			vertex 0.8936524391174316 2.504737125635147 -0.09899494796991348
			vertex 0.9866772294044495 2.4708788561820985 -0.14000000059604645
		endloop
	endfacet
	facet normal -0.3708480574158859 0.09936861591255906 -0.9233621155768122
		outer loop
			vertex 0.9866772294044495 2.4708788561820985 -0.14000000059604645
			vertex 0.8936524391174316 2.504737125635147 -0.09899494796991348
			vertex 1.0340481996536255 2.6476694065332413 -0.14000000059604645
		endloop
	endfacet
	facet normal -0.37084790564965875 0.09936844404692681 -0.9233621950258495
		outer loop
			vertex 0.8936524391174316 2.504737125635147 -0.09899494796991348
			vertex 0.9365571737289429 2.664859699010849 -0.09899494796991348
			vertex 1.0340481996536255 2.6476694065332413 -0.14000000059604645
		endloop
	endfacet
	facet normal -0.38246907540645614 0.03346148321023187 -0.9233621908542183
		outer loop
			vertex 1.0340481996536255 2.6476694065332413 -0.14000000059604645
			vertex 0.9365571737289429 2.664859699010849 -0.09899494796991348
			vertex 1.0499999523162842 2.8299999999999996 -0.14000000059604645
		endloop
	endfacet
	facet normal -0.3824692739066019 0.03346164140894346 -0.9233621028998191
		outer loop
			vertex 0.9365571737289429 2.664859699010849 -0.09899494796991348
			vertex 0.9510050415992737 2.8299999999999996 -0.09899494796991348
			vertex 1.0499999523162842 2.8299999999999996 -0.14000000059604645
		endloop
	endfacet
	facet normal 0.38246907647442857 0.03346170951417625 -0.923362182210852
		outer loop
			vertex 1.1489949226379395 2.83 -0.09899494796991348
			vertex 1.0499999523162842 2.83 -0.14000000059604645
			vertex 1.1315391063690186 3.0295208859443665 -0.09899494796991348
		endloop
	endfacet
	facet normal 0.38246946808563387 0.03346151756497719 -0.9233620269561345
		outer loop
			vertex 1.0499999523162842 2.83 -0.14000000059604645
			vertex 1.0340481996536255 3.012330593466759 -0.14000000059604645
			vertex 1.1315391063690186 3.0295208859443665 -0.09899494796991348
		endloop
	endfacet
	facet normal 0.37084827279445 0.09936855369840543 -0.9233620357699683
		outer loop
			vertex 1.1315391063690186 3.0295208859443665 -0.09899494796991348
			vertex 1.0340481996536255 3.012330593466759 -0.14000000059604645
			vertex 1.0797020196914673 3.2229794132709504 -0.09899494796991348
		endloop
	endfacet
	facet normal 0.3708480574158859 0.09936861591255906 -0.9233621155768122
		outer loop
			vertex 1.0340481996536255 3.012330593466759 -0.14000000059604645
			vertex 0.9866772294044495 3.1891211438179017 -0.14000000059604645
			vertex 1.0797020196914673 3.2229794132709504 -0.09899494796991348
		endloop
	endfacet
	facet normal 0.34795898392414165 0.1622558032861529 -0.9233621173767333
		outer loop
			vertex 1.0797020196914673 3.2229794132709504 -0.09899494796991348
			vertex 0.9866772294044495 3.1891211438179017 -0.14000000059604645
			vertex 0.9950588345527649 3.40449746131897 -0.09899494796991348
		endloop
	endfacet
	facet normal 0.34795879490522363 0.16225582352616744 -0.9233621850498048
		outer loop
			vertex 0.9866772294044495 3.1891211438179017 -0.14000000059604645
			vertex 0.9093266725540161 3.354999976158142 -0.14000000059604645
			vertex 0.9950588345527649 3.40449746131897 -0.09899494796991348
		endloop
	endfacet
	facet normal 0.3144970687089855 0.22021323532708462 -0.9233621850391285
		outer loop
			vertex 0.9950588345527649 3.40449746131897 -0.09899494796991348
			vertex 0.9093266725540161 3.354999976158142 -0.14000000059604645
			vertex 0.8801811933517456 3.5685597229003907 -0.09899494796991348
		endloop
	endfacet
	facet normal 0.3144972208715494 0.2202132456687579 -0.9233621307461679
		outer loop
			vertex 0.9093266725540161 3.354999976158142 -0.14000000059604645
			vertex 0.8043466806411743 3.504926996231079 -0.14000000059604645
			vertex 0.8801811933517456 3.5685597229003907 -0.09899494796991348
		endloop
	endfacet
	facet normal 0.2714796186440662 0.2714796186440662 -0.9233621355252473
		outer loop
			vertex 0.8801811933517456 3.5685597229003907 -0.09899494796991348
			vertex 0.8043466806411743 3.504926996231079 -0.14000000059604645
			vertex 0.7385597229003906 3.7101811933517457 -0.09899494796991348
		endloop
	endfacet
	facet normal 0.2714796186440662 0.2714796186440662 -0.9233621355252472
		outer loop
			vertex 0.8043466806411743 3.504926996231079 -0.14000000059604645
			vertex 0.6749269962310791 3.6343466806411744 -0.14000000059604645
			vertex 0.7385597229003906 3.7101811933517457 -0.09899494796991348
		endloop
	endfacet
	facet normal 0.22021330685075172 0.3144971708553603 -0.9233621331903485
		outer loop
			vertex 0.7385597229003906 3.7101811933517457 -0.09899494796991348
			vertex 0.6749269962310791 3.6343466806411744 -0.14000000059604645
			vertex 0.5744974613189697 3.825058834552765 -0.09899494796991348
		endloop
	endfacet
	facet normal 0.22021316740179295 0.3144971090946992 -0.9233621874833012
		outer loop
			vertex 0.6749269962310791 3.6343466806411744 -0.14000000059604645
			vertex 0.5249999761581421 3.739326672554016 -0.14000000059604645
			vertex 0.5744974613189697 3.825058834552765 -0.09899494796991348
		endloop
	endfacet
	facet normal 0.16225573759925455 0.3479588430580158 -0.9233621820032749
		outer loop
			vertex 0.5744974613189697 3.825058834552765 -0.09899494796991348
			vertex 0.5249999761581421 3.739326672554016 -0.14000000059604645
			vertex 0.3929794132709503 3.9097020196914674 -0.09899494796991348
		endloop
	endfacet
	facet normal 0.16225589540612054 0.3479589490523064 -0.9233621143302191
		outer loop
			vertex 0.5249999761581421 3.739326672554016 -0.14000000059604645
			vertex 0.3591211438179016 3.8166772294044495 -0.14000000059604645
			vertex 0.3929794132709503 3.9097020196914674 -0.09899494796991348
		endloop
	endfacet
	facet normal 0.09936850625767571 0.37084809574334054 -0.923362111984056
		outer loop
			vertex 0.3929794132709503 3.9097020196914674 -0.09899494796991348
			vertex 0.3591211438179016 3.8166772294044495 -0.14000000059604645
			vertex 0.19952088594436646 3.9615391063690186 -0.09899494796991348
		endloop
	endfacet
	facet normal 0.09936866782609903 0.3708482511595067 -0.9233620321771965
		outer loop
			vertex 0.3591211438179016 3.8166772294044495 -0.14000000059604645
			vertex 0.18233059346675873 3.8640481996536256 -0.14000000059604645
			vertex 0.19952088594436646 3.9615391063690186 -0.09899494796991348
		endloop
	endfacet
	facet normal 0.033461740592352615 0.38246943169959724 -0.9233620339454711
		outer loop
			vertex 0.19952088594436646 3.9615391063690186 -0.09899494796991348
			vertex 0.18233059346675873 3.8640481996536256 -0.14000000059604645
			vertex 7.035564847735076e-17 3.9789949226379395 -0.09899494796991348
		endloop
	endfacet
	facet normal 0.033461483556948834 0.3824690793694766 -0.9233621892001173
		outer loop
			vertex 0.18233059346675873 3.8640481996536256 -0.14000000059604645
			vertex 6.429395645199886e-17 3.8799999523162843 -0.14000000059604645
			vertex 7.035564847735076e-17 3.9789949226379395 -0.09899494796991348
		endloop
	endfacet
	facet normal -0.03346170951417624 0.38246907647442857 -0.923362182210852
		outer loop
			vertex 7.035564847735076e-17 3.9789949226379395 -0.09899494796991348
			vertex 6.429395645199886e-17 3.8799999523162843 -0.14000000059604645
			vertex -0.19952088594436646 3.9615391063690186 -0.09899494796991348
		endloop
	endfacet
	facet normal -0.03346151756497718 0.3824694680856338 -0.9233620269561345
		outer loop
			vertex 6.429395645199886e-17 3.8799999523162843 -0.14000000059604645
			vertex -0.18233059346675873 3.8640481996536256 -0.14000000059604645
			vertex -0.19952088594436646 3.9615391063690186 -0.09899494796991348
		endloop
	endfacet
	facet normal -0.09936855369840543 0.37084827279445 -0.9233620357699683
		outer loop
			vertex -0.19952088594436646 3.9615391063690186 -0.09899494796991348
			vertex -0.18233059346675873 3.8640481996536256 -0.14000000059604645
			vertex -0.3929794132709503 3.9097020196914674 -0.09899494796991348
		endloop
	endfacet
	facet normal -0.09936861591255906 0.3708480574158859 -0.9233621155768122
		outer loop
			vertex -0.18233059346675873 3.8640481996536256 -0.14000000059604645
			vertex -0.3591211438179016 3.8166772294044495 -0.14000000059604645
			vertex -0.3929794132709503 3.9097020196914674 -0.09899494796991348
		endloop
	endfacet
	facet normal -0.1622558032861529 0.34795898392414165 -0.9233621173767333
		outer loop
			vertex -0.3929794132709503 3.9097020196914674 -0.09899494796991348
			vertex -0.3591211438179016 3.8166772294044495 -0.14000000059604645
			vertex -0.5744974613189697 3.825058834552765 -0.09899494796991348
		endloop
	endfacet
	facet normal -0.16225582352616744 0.34795879490522363 -0.9233621850498048
		outer loop
			vertex -0.3591211438179016 3.8166772294044495 -0.14000000059604645
			vertex -0.5249999761581421 3.739326672554016 -0.14000000059604645
			vertex -0.5744974613189697 3.825058834552765 -0.09899494796991348
		endloop
	endfacet
	facet normal -0.22021323532708462 0.3144970687089855 -0.9233621850391285
		outer loop
			vertex -0.5744974613189697 3.825058834552765 -0.09899494796991348
			vertex -0.5249999761581421 3.739326672554016 -0.14000000059604645
			vertex -0.7385597229003906 3.7101811933517457 -0.09899494796991348
		endloop
	endfacet
	facet normal -0.2202132456687579 0.3144972208715494 -0.9233621307461679
		outer loop
			vertex -0.5249999761581421 3.739326672554016 -0.14000000059604645
			vertex -0.6749269962310791 3.6343466806411744 -0.14000000059604645
			vertex -0.7385597229003906 3.7101811933517457 -0.09899494796991348
		endloop
	endfacet
	facet normal -0.2714796186440662 0.2714796186440662 -0.9233621355252473
		outer loop
			vertex -0.7385597229003906 3.7101811933517457 -0.09899494796991348
			vertex -0.6749269962310791 3.6343466806411744 -0.14000000059604645
			vertex -0.8801811933517456 3.5685597229003907 -0.09899494796991348
		endloop
	endfacet
	facet normal -0.2714796186440662 0.2714796186440662 -0.9233621355252472
		outer loop
			vertex -0.6749269962310791 3.6343466806411744 -0.14000000059604645
			vertex -0.8043466806411743 3.504926996231079 -0.14000000059604645
			vertex -0.8801811933517456 3.5685597229003907 -0.09899494796991348
		endloop
	endfacet
	facet normal -0.3144971708553603 0.22021330685075172 -0.9233621331903485
		outer loop
			vertex -0.8801811933517456 3.5685597229003907 -0.09899494796991348
			vertex -0.8043466806411743 3.504926996231079 -0.14000000059604645
			vertex -0.9950588345527649 3.40449746131897 -0.09899494796991348
		endloop
	endfacet
	facet normal -0.3144971090946992 0.22021316740179295 -0.9233621874833012
		outer loop
			vertex -0.8043466806411743 3.504926996231079 -0.14000000059604645
			vertex -0.9093266725540161 3.354999976158142 -0.14000000059604645
			vertex -0.9950588345527649 3.40449746131897 -0.09899494796991348
		endloop
	endfacet
	facet normal -0.3479588430580158 0.16225573759925455 -0.9233621820032749
		outer loop
			vertex -0.9950588345527649 3.40449746131897 -0.09899494796991348
			vertex -0.9093266725540161 3.354999976158142 -0.14000000059604645
			vertex -1.0797020196914673 3.2229794132709504 -0.09899494796991348
		endloop
	endfacet
	facet normal -0.3479589490523064 0.16225589540612054 -0.9233621143302191
		outer loop
			vertex -0.9093266725540161 3.354999976158142 -0.14000000059604645
			vertex -0.9866772294044495 3.1891211438179017 -0.14000000059604645
			vertex -1.0797020196914673 3.2229794132709504 -0.09899494796991348
		endloop
	endfacet
	facet normal -0.37084809574334054 0.09936850625767571 -0.923362111984056
		outer loop
			vertex -1.0797020196914673 3.2229794132709504 -0.09899494796991348
			vertex -0.9866772294044495 3.1891211438179017 -0.14000000059604645
			vertex -1.1315391063690186 3.0295208859443665 -0.09899494796991348
		endloop
	endfacet
	facet normal -0.3708482511595067 0.09936866782609903 -0.9233620321771965
		outer loop
			vertex -0.9866772294044495 3.1891211438179017 -0.14000000059604645
			vertex -1.0340481996536255 3.012330593466759 -0.14000000059604645
			vertex -1.1315391063690186 3.0295208859443665 -0.09899494796991348
		endloop
	endfacet
	facet normal -0.38246943169959724 0.033461740592352594 -0.923362033945471
		outer loop
			vertex -1.1315391063690186 3.0295208859443665 -0.09899494796991348
			vertex -1.0340481996536255 3.012330593466759 -0.14000000059604645
			vertex -1.1489949226379395 2.83 -0.09899494796991348
		endloop
	endfacet
	facet normal -0.38246907936947655 0.033461483556948814 -0.9233621892001171
		outer loop
			vertex -1.0340481996536255 3.012330593466759 -0.14000000059604645
			vertex -1.0499999523162842 2.83 -0.14000000059604645
			vertex -1.1489949226379395 2.83 -0.09899494796991348
		endloop
	endfacet
	facet normal -0.38246907647442857 -0.03346170951417625 -0.923362182210852
		outer loop
			vertex -1.1489949226379395 2.83 -0.09899494796991348
			vertex -1.0499999523162842 2.83 -0.14000000059604645
			vertex -1.1315391063690186 2.6304791140556336 -0.09899494796991348
		endloop
	endfacet
	facet normal -0.38246946808563387 -0.03346151756497719 -0.9233620269561345
		outer loop
			vertex -1.0499999523162842 2.83 -0.14000000059604645
			vertex -1.0340481996536255 2.6476694065332413 -0.14000000059604645
			vertex -1.1315391063690186 2.6304791140556336 -0.09899494796991348
		endloop
	endfacet
	facet normal -0.37084827279445 -0.09936855369840543 -0.9233620357699683
		outer loop
			vertex -1.1315391063690186 2.6304791140556336 -0.09899494796991348
			vertex -1.0340481996536255 2.6476694065332413 -0.14000000059604645
			vertex -1.0797020196914673 2.4370205867290498 -0.09899494796991348
		endloop
	endfacet
	facet normal -0.3708480574158859 -0.09936861591255906 -0.9233621155768122
		outer loop
			vertex -1.0340481996536255 2.6476694065332413 -0.14000000059604645
			vertex -0.9866772294044495 2.4708788561820985 -0.14000000059604645
			vertex -1.0797020196914673 2.4370205867290498 -0.09899494796991348
		endloop
	endfacet
	facet normal -0.34795898392414165 -0.1622558032861529 -0.9233621173767333
		outer loop
			vertex -1.0797020196914673 2.4370205867290498 -0.09899494796991348
			vertex -0.9866772294044495 2.4708788561820985 -0.14000000059604645
			vertex -0.9950588345527649 2.2555025386810303 -0.09899494796991348
		endloop
	endfacet
	facet normal -0.34795879490522363 -0.16225582352616744 -0.9233621850498048
		outer loop
			vertex -0.9866772294044495 2.4708788561820985 -0.14000000059604645
			vertex -0.9093266725540161 2.305000023841858 -0.14000000059604645
			vertex -0.9950588345527649 2.2555025386810303 -0.09899494796991348
		endloop
	endfacet
	facet normal -0.3144970687089855 -0.22021323532708462 -0.9233621850391285
		outer loop
			vertex -0.9950588345527649 2.2555025386810303 -0.09899494796991348
			vertex -0.9093266725540161 2.305000023841858 -0.14000000059604645
			vertex -0.8801811933517456 2.0914402770996094 -0.09899494796991348
		endloop
	endfacet
	facet normal -0.3144972208715494 -0.2202132456687579 -0.9233621307461679
		outer loop
			vertex -0.9093266725540161 2.305000023841858 -0.14000000059604645
			vertex -0.8043466806411743 2.155073003768921 -0.14000000059604645
			vertex -0.8801811933517456 2.0914402770996094 -0.09899494796991348
		endloop
	endfacet
	facet normal -0.2714796186440662 -0.2714796186440662 -0.9233621355252473
		outer loop
			vertex -0.8801811933517456 2.0914402770996094 -0.09899494796991348
			vertex -0.8043466806411743 2.155073003768921 -0.14000000059604645
			vertex -0.7385597229003906 1.9498188066482545 -0.09899494796991348
		endloop
	endfacet
	facet normal -0.2714796186440662 -0.2714796186440662 -0.9233621355252472
		outer loop
			vertex -0.8043466806411743 2.155073003768921 -0.14000000059604645
			vertex -0.6749269962310791 2.0256533193588258 -0.14000000059604645
			vertex -0.7385597229003906 1.9498188066482545 -0.09899494796991348
		endloop
	endfacet
	facet normal -0.22021330685075172 -0.3144971708553603 -0.9233621331903485
		outer loop
			vertex -0.7385597229003906 1.9498188066482545 -0.09899494796991348
			vertex -0.6749269962310791 2.0256533193588258 -0.14000000059604645
			vertex -0.5744974613189697 1.8349411654472352 -0.09899494796991348
		endloop
	endfacet
	facet normal -0.22021316740179295 -0.3144971090946992 -0.9233621874833012
		outer loop
			vertex -0.6749269962310791 2.0256533193588258 -0.14000000059604645
			vertex -0.5249999761581421 1.920673327445984 -0.14000000059604645
			vertex -0.5744974613189697 1.8349411654472352 -0.09899494796991348
		endloop
	endfacet
	facet normal -0.16225573759925455 -0.3479588430580158 -0.9233621820032749
		outer loop
			vertex -0.5744974613189697 1.8349411654472352 -0.09899494796991348
			vertex -0.5249999761581421 1.920673327445984 -0.14000000059604645
			vertex -0.3929794132709503 1.7502979803085328 -0.09899494796991348
		endloop
	endfacet
	facet normal -0.16225589540612054 -0.3479589490523064 -0.9233621143302191
		outer loop
			vertex -0.5249999761581421 1.920673327445984 -0.14000000059604645
			vertex -0.3591211438179016 1.8433227705955506 -0.14000000059604645
			vertex -0.3929794132709503 1.7502979803085328 -0.09899494796991348
		endloop
	endfacet
	facet normal -0.09936850625767571 -0.37084809574334054 -0.923362111984056
		outer loop
			vertex -0.3929794132709503 1.7502979803085328 -0.09899494796991348
			vertex -0.3591211438179016 1.8433227705955506 -0.14000000059604645
			vertex -0.19952088594436646 1.6984608936309815 -0.09899494796991348
		endloop
	endfacet
	facet normal -0.09936866782609903 -0.3708482511595067 -0.9233620321771965
		outer loop
			vertex -0.3591211438179016 1.8433227705955506 -0.14000000059604645
			vertex -0.18233059346675873 1.7959518003463746 -0.14000000059604645
			vertex -0.19952088594436646 1.6984608936309815 -0.09899494796991348
		endloop
	endfacet
	facet normal -0.033461740592352636 -0.38246943169959724 -0.923362033945471
		outer loop
			vertex -0.19952088594436646 1.6984608936309815 -0.09899494796991348
			vertex -0.18233059346675873 1.7959518003463746 -0.14000000059604645
			vertex -2.1106695204949717e-16 1.6810050773620606 -0.09899494796991348
		endloop
	endfacet
	facet normal -0.03346148355694886 -0.3824690793694767 -0.9233621892001174
		outer loop
			vertex -0.18233059346675873 1.7959518003463746 -0.14000000059604645
			vertex -1.9288186935599659e-16 1.780000047683716 -0.14000000059604645
			vertex -2.1106695204949717e-16 1.6810050773620606 -0.09899494796991348
		endloop
	endfacet
	facet normal 0.03346170951417622 -0.3824690764744286 -0.9233621822108521
		outer loop
			vertex -2.1106695204949717e-16 1.6810050773620606 -0.09899494796991348
			vertex -1.9288186935599659e-16 1.780000047683716 -0.14000000059604645
			vertex 0.19952088594436646 1.6984608936309815 -0.09899494796991348
		endloop
	endfacet
	facet normal 0.033461517564977165 -0.3824694680856339 -0.9233620269561346
		outer loop
			vertex -1.9288186935599659e-16 1.780000047683716 -0.14000000059604645
			vertex 0.18233059346675873 1.7959518003463746 -0.14000000059604645
			vertex 0.19952088594436646 1.6984608936309815 -0.09899494796991348
		endloop
	endfacet
	facet normal 0.09936855369840543 -0.37084827279445 -0.9233620357699683
		outer loop
			vertex 0.19952088594436646 1.6984608936309815 -0.09899494796991348
			vertex 0.18233059346675873 1.7959518003463746 -0.14000000059604645
			vertex 0.3929794132709503 1.7502979803085328 -0.09899494796991348
		endloop
	endfacet
	facet normal 0.09936861591255906 -0.3708480574158859 -0.9233621155768122
		outer loop
			vertex 0.18233059346675873 1.7959518003463746 -0.14000000059604645
			vertex 0.3591211438179016 1.8433227705955506 -0.14000000059604645
			vertex 0.3929794132709503 1.7502979803085328 -0.09899494796991348
		endloop
	endfacet
	facet normal 0.1622558032861529 -0.34795898392414165 -0.9233621173767333
		outer loop
			vertex 0.3929794132709503 1.7502979803085328 -0.09899494796991348
			vertex 0.3591211438179016 1.8433227705955506 -0.14000000059604645
			vertex 0.5744974613189697 1.8349411654472352 -0.09899494796991348
		endloop
	endfacet
	facet normal 0.16225582352616744 -0.34795879490522363 -0.9233621850498048
		outer loop
			vertex 0.3591211438179016 1.8433227705955506 -0.14000000059604645
			vertex 0.5249999761581421 1.920673327445984 -0.14000000059604645
			vertex 0.5744974613189697 1.8349411654472352 -0.09899494796991348
		endloop
	endfacet
	facet normal 0.22021323532708462 -0.3144970687089855 -0.9233621850391285
		outer loop
			vertex 0.5744974613189697 1.8349411654472352 -0.09899494796991348
			vertex 0.5249999761581421 1.920673327445984 -0.14000000059604645
			vertex 0.7385597229003906 1.9498188066482545 -0.09899494796991348
		endloop
	endfacet
	facet normal 0.2202132456687579 -0.3144972208715494 -0.9233621307461679
		outer loop
			vertex 0.5249999761581421 1.920673327445984 -0.14000000059604645
			vertex 0.6749269962310791 2.0256533193588258 -0.14000000059604645
			vertex 0.7385597229003906 1.9498188066482545 -0.09899494796991348
		endloop
	endfacet
	facet normal 0.2714796186440662 -0.2714796186440662 -0.9233621355252473
		outer loop
			vertex 0.7385597229003906 1.9498188066482545 -0.09899494796991348
			vertex 0.6749269962310791 2.0256533193588258 -0.14000000059604645
			vertex 0.8801811933517456 2.0914402770996094 -0.09899494796991348
		endloop
	endfacet
	facet normal 0.2714796186440662 -0.2714796186440662 -0.9233621355252472
		outer loop
			vertex 0.6749269962310791 2.0256533193588258 -0.14000000059604645
			vertex 0.8043466806411743 2.155073003768921 -0.14000000059604645
			vertex 0.8801811933517456 2.0914402770996094 -0.09899494796991348
		endloop
	endfacet
	facet normal 0.3144971708553603 -0.22021330685075172 -0.9233621331903485
		outer loop
			vertex 0.8801811933517456 2.0914402770996094 -0.09899494796991348
			vertex 0.8043466806411743 2.155073003768921 -0.14000000059604645
			vertex 0.9950588345527649 2.2555025386810303 -0.09899494796991348
		endloop
	endfacet
	facet normal 0.3144971090946992 -0.22021316740179295 -0.9233621874833012
		outer loop
			vertex 0.8043466806411743 2.155073003768921 -0.14000000059604645
			vertex 0.9093266725540161 2.305000023841858 -0.14000000059604645
			vertex 0.9950588345527649 2.2555025386810303 -0.09899494796991348
		endloop
	endfacet
	facet normal 0.3479588430580158 -0.16225573759925455 -0.9233621820032749
		outer loop
			vertex 0.9950588345527649 2.2555025386810303 -0.09899494796991348
			vertex 0.9093266725540161 2.305000023841858 -0.14000000059604645
			vertex 1.0797020196914673 2.4370205867290498 -0.09899494796991348
		endloop
	endfacet
	facet normal 0.3479589490523064 -0.16225589540612054 -0.9233621143302191
		outer loop
			vertex 0.9093266725540161 2.305000023841858 -0.14000000059604645
			vertex 0.9866772294044495 2.4708788561820985 -0.14000000059604645
			vertex 1.0797020196914673 2.4370205867290498 -0.09899494796991348
		endloop
	endfacet
	facet normal 0.37084809574334054 -0.09936850625767571 -0.923362111984056
		outer loop
			vertex 1.0797020196914673 2.4370205867290498 -0.09899494796991348
			vertex 0.9866772294044495 2.4708788561820985 -0.14000000059604645
			vertex 1.1315391063690186 2.6304791140556336 -0.09899494796991348
		endloop
	endfacet
	facet normal 0.3708482511595067 -0.09936866782609903 -0.9233620321771965
		outer loop
			vertex 0.9866772294044495 2.4708788561820985 -0.14000000059604645
			vertex 1.0340481996536255 2.6476694065332413 -0.14000000059604645
			vertex 1.1315391063690186 2.6304791140556336 -0.09899494796991348
		endloop
	endfacet
	facet normal 0.38246943169959724 -0.03346174059235267 -0.9233620339454711
		outer loop
			vertex 1.1315391063690186 2.6304791140556336 -0.09899494796991348
			vertex 1.0340481996536255 2.6476694065332413 -0.14000000059604645
			vertex 1.1489949226379395 2.8299999999999996 -0.09899494796991348
		endloop
	endfacet
	facet normal 0.38246907936947655 -0.0334614835569489 -0.9233621892001171
		outer loop
			vertex 1.0340481996536255 2.6476694065332413 -0.14000000059604645
			vertex 1.0499999523162842 2.8299999999999996 -0.14000000059604645
			vertex 1.1489949226379395 2.8299999999999996 -0.09899494796991348
		endloop
	endfacet
	facet normal 0.9208759519219948 0.08056634048958886 -0.3814400948404296
		outer loop
			vertex 1.190000057220459 2.83 -3.429011054889572e-17
			vertex 1.1489949226379395 2.83 -0.09899494796991348
			vertex 1.1719212532043457 3.0366413313150407 -3.429011054889572e-17
		endloop
	endfacet
	facet normal 0.9208760579809302 0.08056621841106626 -0.3814398645768991
		outer loop
			vertex 1.1489949226379395 2.83 -0.09899494796991348
			vertex 1.1315391063690186 3.0295208859443665 -0.09899494796991348
			vertex 1.1719212532043457 3.0366413313150407 -3.429011054889572e-17
		endloop
	endfacet
	facet normal 0.8928957466929659 0.23925055826032496 -0.38143984572896156
		outer loop
			vertex 1.1719212532043457 3.0366413313150407 -3.429011054889572e-17
			vertex 1.1315391063690186 3.0295208859443665 -0.09899494796991348
			vertex 1.1182342767715454 3.2370039689540864 -3.429011054889572e-17
		endloop
	endfacet
	facet normal 0.8928954899583907 0.23925076628352634 -0.3814403162287789
		outer loop
			vertex 1.1315391063690186 3.0295208859443665 -0.09899494796991348
			vertex 1.0797020196914673 3.2229794132709504 -0.09899494796991348
			vertex 1.1182342767715454 3.2370039689540864 -3.429011054889572e-17
		endloop
	endfacet
	facet normal 0.837785010002859 0.39066559198775824 -0.3814402603965185
		outer loop
			vertex 1.1182342767715454 3.2370039689540864 -3.429011054889572e-17
			vertex 1.0797020196914673 3.2229794132709504 -0.09899494796991348
			vertex 1.0305702686309814 3.4250000286102296 -3.429011054889572e-17
		endloop
	endfacet
	facet normal 0.837785355274901 0.3906654004689797 -0.3814396982005413
		outer loop
			vertex 1.0797020196914673 3.2229794132709504 -0.09899494796991348
			vertex 0.9950588345527649 3.40449746131897 -0.09899494796991348
			vertex 1.0305702686309814 3.4250000286102296 -3.429011054889572e-17
		endloop
	endfacet
	facet normal 0.7572188992930442 0.5302105840133114 -0.38143973987209834
		outer loop
			vertex 1.0305702686309814 3.4250000286102296 -3.429011054889572e-17
			vertex 0.9950588345527649 3.40449746131897 -0.09899494796991348
			vertex 0.9115929007530212 3.594917254447937 -3.429011054889572e-17
		endloop
	endfacet
	facet normal 0.7572190539055059 0.530210530725628 -0.381439507012709
		outer loop
			vertex 0.9950588345527649 3.40449746131897 -0.09899494796991348
			vertex 0.8801811933517456 3.5685597229003907 -0.09899494796991348
			vertex 0.9115929007530212 3.594917254447937 -3.429011054889572e-17
		endloop
	endfacet
	facet normal 0.6536451330744031 0.6536451330744031 -0.3814394840814095
		outer loop
			vertex 0.9115929007530212 3.594917254447937 -3.429011054889572e-17
			vertex 0.8801811933517456 3.5685597229003907 -0.09899494796991348
			vertex 0.764917254447937 3.7415929007530213 -3.429011054889572e-17
		endloop
	endfacet
	facet normal 0.6536451330744031 0.6536451330744031 -0.3814394840814095
		outer loop
			vertex 0.8801811933517456 3.5685597229003907 -0.09899494796991348
			vertex 0.7385597229003906 3.7101811933517457 -0.09899494796991348
			vertex 0.764917254447937 3.7415929007530213 -3.429011054889572e-17
		endloop
	endfacet
	facet normal 0.5302106381601174 0.7572189766226678 -0.3814395110949582
		outer loop
			vertex 0.764917254447937 3.7415929007530213 -3.429011054889572e-17
			vertex 0.7385597229003906 3.7101811933517457 -0.09899494796991348
			vertex 0.5950000286102295 3.8605702686309815 -3.429011054889572e-17
		endloop
	endfacet
	facet normal 0.5302104746464662 0.757218973816169 -0.38143974395434627
		outer loop
			vertex 0.7385597229003906 3.7101811933517457 -0.09899494796991348
			vertex 0.5744974613189697 3.825058834552765 -0.09899494796991348
			vertex 0.5950000286102295 3.8605702686309815 -3.429011054889572e-17
		endloop
	endfacet
	facet normal 0.39066568830943843 0.8377852165653552 -0.38143970805653404
		outer loop
			vertex 0.5950000286102295 3.8605702686309815 -3.429011054889572e-17
			vertex 0.5744974613189697 3.825058834552765 -0.09899494796991348
			vertex 0.4070039689540863 3.9482342767715455 -3.429011054889572e-17
		endloop
	endfacet
	facet normal 0.3906653007098316 0.8377851413405386 -0.38144027025251365
		outer loop
			vertex 0.5744974613189697 3.825058834552765 -0.09899494796991348
			vertex 0.3929794132709503 3.9097020196914674 -0.09899494796991348
			vertex 0.4070039689540863 3.9482342767715455 -3.429011054889572e-17
		endloop
	endfacet
	facet normal 0.23925050889252683 0.8928955624497305 -0.3814403079804845
		outer loop
			vertex 0.4070039689540863 3.9482342767715455 -3.429011054889572e-17
			vertex 0.3929794132709503 3.9097020196914674 -0.09899494796991348
			vertex 0.2066413313150406 4.001921253204346 -3.429011054889572e-17
		endloop
	endfacet
	facet normal 0.23925081741320411 0.8928956807768336 -0.38143983748055055
		outer loop
			vertex 0.3929794132709503 3.9097020196914674 -0.09899494796991348
			vertex 0.19952088594436646 3.9615391063690186 -0.09899494796991348
			vertex 0.2066413313150406 4.001921253204346 -3.429011054889572e-17
		endloop
	endfacet
	facet normal 0.08056634862557174 0.9208760449165497 -0.38143986861364587
		outer loop
			vertex 0.2066413313150406 4.001921253204346 -3.429011054889572e-17
			vertex 0.19952088594436646 3.9615391063690186 -0.09899494796991348
			vertex 7.286648574358402e-17 4.020000057220459 -3.429011054889572e-17
		endloop
	endfacet
	facet normal 0.08056620998474223 0.920875961667609 -0.3814400988772035
		outer loop
			vertex 0.19952088594436646 3.9615391063690186 -0.09899494796991348
			vertex 7.035564847735076e-17 3.9789949226379395 -0.09899494796991348
			vertex 7.286648574358402e-17 4.020000057220459 -3.429011054889572e-17
		endloop
	endfacet
	facet normal -0.08056634048958881 0.9208759519219948 -0.3814400948404296
		outer loop
			vertex 7.286648574358402e-17 4.020000057220459 -3.429011054889572e-17
			vertex 7.035564847735076e-17 3.9789949226379395 -0.09899494796991348
			vertex -0.2066413313150406 4.001921253204346 -3.429011054889572e-17
		endloop
	endfacet
	facet normal -0.0805662184110662 0.9208760579809301 -0.381439864576899
		outer loop
			vertex 7.035564847735076e-17 3.9789949226379395 -0.09899494796991348
			vertex -0.19952088594436646 3.9615391063690186 -0.09899494796991348
			vertex -0.2066413313150406 4.001921253204346 -3.429011054889572e-17
		endloop
	endfacet
	facet normal -0.23925055826032496 0.8928957466929659 -0.38143984572896156
		outer loop
			vertex -0.2066413313150406 4.001921253204346 -3.429011054889572e-17
			vertex -0.19952088594436646 3.9615391063690186 -0.09899494796991348
			vertex -0.4070039689540863 3.9482342767715455 -3.429011054889572e-17
		endloop
	endfacet
	facet normal -0.23925076628352634 0.8928954899583907 -0.3814403162287789
		outer loop
			vertex -0.19952088594436646 3.9615391063690186 -0.09899494796991348
			vertex -0.3929794132709503 3.9097020196914674 -0.09899494796991348
			vertex -0.4070039689540863 3.9482342767715455 -3.429011054889572e-17
		endloop
	endfacet
	facet normal -0.39066559198775824 0.837785010002859 -0.3814402603965185
		outer loop
			vertex -0.4070039689540863 3.9482342767715455 -3.429011054889572e-17
			vertex -0.3929794132709503 3.9097020196914674 -0.09899494796991348
			vertex -0.5950000286102295 3.8605702686309815 -3.429011054889572e-17
		endloop
	endfacet
	facet normal -0.3906654004689797 0.837785355274901 -0.3814396982005413
		outer loop
			vertex -0.3929794132709503 3.9097020196914674 -0.09899494796991348
			vertex -0.5744974613189697 3.825058834552765 -0.09899494796991348
			vertex -0.5950000286102295 3.8605702686309815 -3.429011054889572e-17
		endloop
	endfacet
	facet normal -0.5302105840133114 0.7572188992930442 -0.38143973987209834
		outer loop
			vertex -0.5950000286102295 3.8605702686309815 -3.429011054889572e-17
			vertex -0.5744974613189697 3.825058834552765 -0.09899494796991348
			vertex -0.764917254447937 3.7415929007530213 -3.429011054889572e-17
		endloop
	endfacet
	facet normal -0.530210530725628 0.7572190539055059 -0.381439507012709
		outer loop
			vertex -0.5744974613189697 3.825058834552765 -0.09899494796991348
			vertex -0.7385597229003906 3.7101811933517457 -0.09899494796991348
			vertex -0.764917254447937 3.7415929007530213 -3.429011054889572e-17
		endloop
	endfacet
	facet normal -0.6536451330744031 0.6536451330744031 -0.3814394840814095
		outer loop
			vertex -0.764917254447937 3.7415929007530213 -3.429011054889572e-17
			vertex -0.7385597229003906 3.7101811933517457 -0.09899494796991348
			vertex -0.9115929007530212 3.594917254447937 -3.429011054889572e-17
		endloop
	endfacet
	facet normal -0.6536451330744031 0.6536451330744031 -0.3814394840814095
		outer loop
			vertex -0.7385597229003906 3.7101811933517457 -0.09899494796991348
			vertex -0.8801811933517456 3.5685597229003907 -0.09899494796991348
			vertex -0.9115929007530212 3.594917254447937 -3.429011054889572e-17
		endloop
	endfacet
	facet normal -0.7572189766226678 0.5302106381601174 -0.3814395110949582
		outer loop
			vertex -0.9115929007530212 3.594917254447937 -3.429011054889572e-17
			vertex -0.8801811933517456 3.5685597229003907 -0.09899494796991348
			vertex -1.0305702686309814 3.4250000286102296 -3.429011054889572e-17
		endloop
	endfacet
	facet normal -0.757218973816169 0.5302104746464662 -0.38143974395434627
		outer loop
			vertex -0.8801811933517456 3.5685597229003907 -0.09899494796991348
			vertex -0.9950588345527649 3.40449746131897 -0.09899494796991348
			vertex -1.0305702686309814 3.4250000286102296 -3.429011054889572e-17
		endloop
	endfacet
	facet normal -0.8377852165653552 0.39066568830943843 -0.38143970805653404
		outer loop
			vertex -1.0305702686309814 3.4250000286102296 -3.429011054889572e-17
			vertex -0.9950588345527649 3.40449746131897 -0.09899494796991348
			vertex -1.1182342767715454 3.2370039689540864 -3.429011054889572e-17
		endloop
	endfacet
	facet normal -0.8377851413405386 0.3906653007098316 -0.38144027025251365
		outer loop
			vertex -0.9950588345527649 3.40449746131897 -0.09899494796991348
			vertex -1.0797020196914673 3.2229794132709504 -0.09899494796991348
			vertex -1.1182342767715454 3.2370039689540864 -3.429011054889572e-17
		endloop
	endfacet
	facet normal -0.8928955624497305 0.23925050889252683 -0.3814403079804845
		outer loop
			vertex -1.1182342767715454 3.2370039689540864 -3.429011054889572e-17
			vertex -1.0797020196914673 3.2229794132709504 -0.09899494796991348
			vertex -1.1719212532043457 3.0366413313150407 -3.429011054889572e-17
		endloop
	endfacet
	facet normal -0.8928956807768336 0.23925081741320411 -0.38143983748055055
		outer loop
			vertex -1.0797020196914673 3.2229794132709504 -0.09899494796991348
			vertex -1.1315391063690186 3.0295208859443665 -0.09899494796991348
			vertex -1.1719212532043457 3.0366413313150407 -3.429011054889572e-17
		endloop
	endfacet
	facet normal -0.9208760449165497 0.08056634862557172 -0.3814398686136459
		outer loop
			vertex -1.1719212532043457 3.0366413313150407 -3.429011054889572e-17
			vertex -1.1315391063690186 3.0295208859443665 -0.09899494796991348
			vertex -1.190000057220459 2.83 -3.429011054889572e-17
		endloop
	endfacet
	facet normal -0.9208759616676091 0.08056620998474222 -0.3814400988772036
		outer loop
			vertex -1.1315391063690186 3.0295208859443665 -0.09899494796991348
			vertex -1.1489949226379395 2.83 -0.09899494796991348
			vertex -1.190000057220459 2.83 -3.429011054889572e-17
		endloop
	endfacet
	facet normal -0.9208759519219948 -0.08056634048958886 -0.3814400948404296
		outer loop
			vertex -1.190000057220459 2.83 -3.429011054889572e-17
			vertex -1.1489949226379395 2.83 -0.09899494796991348
			vertex -1.1719212532043457 2.6233586686849595 -3.429011054889572e-17
		endloop
	endfacet
	facet normal -0.9208760579809302 -0.08056621841106626 -0.3814398645768991
		outer loop
			vertex -1.1489949226379395 2.83 -0.09899494796991348
			vertex -1.1315391063690186 2.6304791140556336 -0.09899494796991348
			vertex -1.1719212532043457 2.6233586686849595 -3.429011054889572e-17
		endloop
	endfacet
	facet normal -0.8928957466929659 -0.23925055826032496 -0.38143984572896156
		outer loop
			vertex -1.1719212532043457 2.6233586686849595 -3.429011054889572e-17
			vertex -1.1315391063690186 2.6304791140556336 -0.09899494796991348
			vertex -1.1182342767715454 2.4229960310459138 -3.429011054889572e-17
		endloop
	endfacet
	facet normal -0.8928954899583907 -0.23925076628352634 -0.3814403162287789
		outer loop
			vertex -1.1315391063690186 2.6304791140556336 -0.09899494796991348
			vertex -1.0797020196914673 2.4370205867290498 -0.09899494796991348
			vertex -1.1182342767715454 2.4229960310459138 -3.429011054889572e-17
		endloop
	endfacet
	facet normal -0.837785010002859 -0.39066559198775824 -0.3814402603965185
		outer loop
			vertex -1.1182342767715454 2.4229960310459138 -3.429011054889572e-17
			vertex -1.0797020196914673 2.4370205867290498 -0.09899494796991348
			vertex -1.0305702686309814 2.2349999713897706 -3.429011054889572e-17
		endloop
	endfacet
	facet normal -0.837785355274901 -0.3906654004689797 -0.3814396982005413
		outer loop
			vertex -1.0797020196914673 2.4370205867290498 -0.09899494796991348
			vertex -0.9950588345527649 2.2555025386810303 -0.09899494796991348
			vertex -1.0305702686309814 2.2349999713897706 -3.429011054889572e-17
		endloop
	endfacet
	facet normal -0.7572188992930442 -0.5302105840133114 -0.38143973987209834
		outer loop
			vertex -1.0305702686309814 2.2349999713897706 -3.429011054889572e-17
			vertex -0.9950588345527649 2.2555025386810303 -0.09899494796991348
			vertex -0.9115929007530212 2.065082745552063 -3.429011054889572e-17
		endloop
	endfacet
	facet normal -0.7572190539055059 -0.530210530725628 -0.381439507012709
		outer loop
			vertex -0.9950588345527649 2.2555025386810303 -0.09899494796991348
			vertex -0.8801811933517456 2.0914402770996094 -0.09899494796991348
			vertex -0.9115929007530212 2.065082745552063 -3.429011054889572e-17
		endloop
	endfacet
	facet normal -0.6536451330744031 -0.6536451330744031 -0.3814394840814095
		outer loop
			vertex -0.9115929007530212 2.065082745552063 -3.429011054889572e-17
			vertex -0.8801811933517456 2.0914402770996094 -0.09899494796991348
			vertex -0.764917254447937 1.9184070992469788 -3.429011054889572e-17
		endloop
	endfacet
	facet normal -0.6536451330744031 -0.6536451330744031 -0.3814394840814095
		outer loop
			vertex -0.8801811933517456 2.0914402770996094 -0.09899494796991348
			vertex -0.7385597229003906 1.9498188066482545 -0.09899494796991348
			vertex -0.764917254447937 1.9184070992469788 -3.429011054889572e-17
		endloop
	endfacet
	facet normal -0.5302106381601174 -0.7572189766226678 -0.3814395110949582
		outer loop
			vertex -0.764917254447937 1.9184070992469788 -3.429011054889572e-17
			vertex -0.7385597229003906 1.9498188066482545 -0.09899494796991348
			vertex -0.5950000286102295 1.7994297313690186 -3.429011054889572e-17
		endloop
	endfacet
	facet normal -0.5302104746464662 -0.757218973816169 -0.38143974395434627
		outer loop
			vertex -0.7385597229003906 1.9498188066482545 -0.09899494796991348
			vertex -0.5744974613189697 1.8349411654472352 -0.09899494796991348
			vertex -0.5950000286102295 1.7994297313690186 -3.429011054889572e-17
		endloop
	endfacet
	facet normal -0.39066568830943843 -0.8377852165653552 -0.38143970805653404
		outer loop
			vertex -0.5950000286102295 1.7994297313690186 -3.429011054889572e-17
			vertex -0.5744974613189697 1.8349411654472352 -0.09899494796991348
			vertex -0.4070039689540863 1.7117657232284547 -3.429011054889572e-17
		endloop
	endfacet
	facet normal -0.3906653007098316 -0.8377851413405386 -0.38144027025251365
		outer loop
			vertex -0.5744974613189697 1.8349411654472352 -0.09899494796991348
			vertex -0.3929794132709503 1.7502979803085328 -0.09899494796991348
			vertex -0.4070039689540863 1.7117657232284547 -3.429011054889572e-17
		endloop
	endfacet
	facet normal -0.23925050889252683 -0.8928955624497305 -0.3814403079804845
		outer loop
			vertex -0.4070039689540863 1.7117657232284547 -3.429011054889572e-17
			vertex -0.3929794132709503 1.7502979803085328 -0.09899494796991348
			vertex -0.2066413313150406 1.6580787467956544 -3.429011054889572e-17
		endloop
	endfacet
	facet normal -0.23925081741320411 -0.8928956807768336 -0.38143983748055055
		outer loop
			vertex -0.3929794132709503 1.7502979803085328 -0.09899494796991348
			vertex -0.19952088594436646 1.6984608936309815 -0.09899494796991348
			vertex -0.2066413313150406 1.6580787467956544 -3.429011054889572e-17
		endloop
	endfacet
	facet normal -0.08056634862557181 -0.9208760449165498 -0.381439868613646
		outer loop
			vertex -0.2066413313150406 1.6580787467956544 -3.429011054889572e-17
			vertex -0.19952088594436646 1.6984608936309815 -0.09899494796991348
			vertex -2.1859945723075205e-16 1.639999942779541 -3.429011054889572e-17
		endloop
	endfacet
	facet normal -0.0805662099847423 -0.920875961667609 -0.38144009887720354
		outer loop
			vertex -0.19952088594436646 1.6984608936309815 -0.09899494796991348
			vertex -2.1106695204949717e-16 1.6810050773620606 -0.09899494796991348
			vertex -2.1859945723075205e-16 1.639999942779541 -3.429011054889572e-17
		endloop
	endfacet
	facet normal 0.08056634048958877 -0.9208759519219948 -0.38144009484042957
		outer loop
			vertex -2.1859945723075205e-16 1.639999942779541 -3.429011054889572e-17
			vertex -2.1106695204949717e-16 1.6810050773620606 -0.09899494796991348
			vertex 0.2066413313150406 1.6580787467956544 -3.429011054889572e-17
		endloop
	endfacet
	facet normal 0.08056621841106615 -0.9208760579809301 -0.381439864576899
		outer loop
			vertex -2.1106695204949717e-16 1.6810050773620606 -0.09899494796991348
			vertex 0.19952088594436646 1.6984608936309815 -0.09899494796991348
			vertex 0.2066413313150406 1.6580787467956544 -3.429011054889572e-17
		endloop
	endfacet
	facet normal 0.23925055826032496 -0.8928957466929659 -0.38143984572896156
		outer loop
			vertex 0.2066413313150406 1.6580787467956544 -3.429011054889572e-17
			vertex 0.19952088594436646 1.6984608936309815 -0.09899494796991348
			vertex 0.4070039689540863 1.7117657232284547 -3.429011054889572e-17
		endloop
	endfacet
	facet normal 0.23925076628352634 -0.8928954899583907 -0.3814403162287789
		outer loop
			vertex 0.19952088594436646 1.6984608936309815 -0.09899494796991348
			vertex 0.3929794132709503 1.7502979803085328 -0.09899494796991348
			vertex 0.4070039689540863 1.7117657232284547 -3.429011054889572e-17
		endloop
	endfacet
	facet normal 0.39066559198775824 -0.837785010002859 -0.3814402603965185
		outer loop
			vertex 0.4070039689540863 1.7117657232284547 -3.429011054889572e-17
			vertex 0.3929794132709503 1.7502979803085328 -0.09899494796991348
			vertex 0.5950000286102295 1.7994297313690186 -3.429011054889572e-17
		endloop
	endfacet
	facet normal 0.3906654004689797 -0.837785355274901 -0.3814396982005413
		outer loop
			vertex 0.3929794132709503 1.7502979803085328 -0.09899494796991348
			vertex 0.5744974613189697 1.8349411654472352 -0.09899494796991348
			vertex 0.5950000286102295 1.7994297313690186 -3.429011054889572e-17
		endloop
	endfacet
	facet normal 0.5302105840133114 -0.7572188992930442 -0.38143973987209834
		outer loop
			vertex 0.5950000286102295 1.7994297313690186 -3.429011054889572e-17
			vertex 0.5744974613189697 1.8349411654472352 -0.09899494796991348
			vertex 0.764917254447937 1.9184070992469788 -3.429011054889572e-17
		endloop
	endfacet
	facet normal 0.530210530725628 -0.7572190539055059 -0.381439507012709
		outer loop
			vertex 0.5744974613189697 1.8349411654472352 -0.09899494796991348
			vertex 0.7385597229003906 1.9498188066482545 -0.09899494796991348
			vertex 0.764917254447937 1.9184070992469788 -3.429011054889572e-17
		endloop
	endfacet
	facet normal 0.6536451330744031 -0.6536451330744031 -0.3814394840814095
		outer loop
			vertex 0.764917254447937 1.9184070992469788 -3.429011054889572e-17
			vertex 0.7385597229003906 1.9498188066482545 -0.09899494796991348
			vertex 0.9115929007530212 2.065082745552063 -3.429011054889572e-17
		endloop
	endfacet
	facet normal 0.6536451330744031 -0.6536451330744031 -0.3814394840814095
		outer loop
			vertex 0.7385597229003906 1.9498188066482545 -0.09899494796991348
			vertex 0.8801811933517456 2.0914402770996094 -0.09899494796991348
			vertex 0.9115929007530212 2.065082745552063 -3.429011054889572e-17
		endloop
	endfacet
	facet normal 0.7572189766226678 -0.5302106381601174 -0.3814395110949582
		outer loop
			vertex 0.9115929007530212 2.065082745552063 -3.429011054889572e-17
			vertex 0.8801811933517456 2.0914402770996094 -0.09899494796991348
			vertex 1.0305702686309814 2.2349999713897706 -3.429011054889572e-17
		endloop
	endfacet
	facet normal 0.757218973816169 -0.5302104746464662 -0.38143974395434627
		outer loop
			vertex 0.8801811933517456 2.0914402770996094 -0.09899494796991348
			vertex 0.9950588345527649 2.2555025386810303 -0.09899494796991348
			vertex 1.0305702686309814 2.2349999713897706 -3.429011054889572e-17
		endloop
	endfacet
	facet normal 0.8377852165653552 -0.39066568830943843 -0.38143970805653404
		outer loop
			vertex 1.0305702686309814 2.2349999713897706 -3.429011054889572e-17
			vertex 0.9950588345527649 2.2555025386810303 -0.09899494796991348
			vertex 1.1182342767715454 2.4229960310459138 -3.429011054889572e-17
		endloop
	endfacet
	facet normal 0.8377851413405386 -0.3906653007098316 -0.38144027025251365
		outer loop
			vertex 0.9950588345527649 2.2555025386810303 -0.09899494796991348
			vertex 1.0797020196914673 2.4370205867290498 -0.09899494796991348
			vertex 1.1182342767715454 2.4229960310459138 -3.429011054889572e-17
		endloop
	endfacet
	facet normal 0.8928955624497305 -0.23925050889252683 -0.3814403079804845
		outer loop
			vertex 1.1182342767715454 2.4229960310459138 -3.429011054889572e-17
			vertex 1.0797020196914673 2.4370205867290498 -0.09899494796991348
			vertex 1.1719212532043457 2.6233586686849595 -3.429011054889572e-17
		endloop
	endfacet
	facet normal 0.8928956807768336 -0.23925081741320411 -0.38143983748055055
		outer loop
			vertex 1.0797020196914673 2.4370205867290498 -0.09899494796991348
			vertex 1.1315391063690186 2.6304791140556336 -0.09899494796991348
			vertex 1.1719212532043457 2.6233586686849595 -3.429011054889572e-17
		endloop
	endfacet
	facet normal 0.9208760449165497 -0.08056634862557188 -0.3814398686136459
		outer loop
			vertex 1.1719212532043457 2.6233586686849595 -3.429011054889572e-17
			vertex 1.1315391063690186 2.6304791140556336 -0.09899494796991348
			vertex 1.190000057220459 2.8299999999999996 -3.429011054889572e-17
		endloop
	endfacet
	facet normal 0.9208759616676091 -0.08056620998474238 -0.3814400988772036
		outer loop
			vertex 1.1315391063690186 2.6304791140556336 -0.09899494796991348
			vertex 1.1489949226379395 2.8299999999999996 -0.09899494796991348
			vertex 1.190000057220459 2.8299999999999996 -3.429011054889572e-17
		endloop
	endfacet
	facet normal 1 0 0
		outer loop
			vertex 1.6749999523162842 2.7549999976158137 1.5799999982118607
			vertex 1.6749999523162842 2.6250000023841853 1.5799999982118607
			vertex 1.6749999523162842 2.7549999976158137 1.4200000017881393
		endloop
	endfacet
	facet normal 1 0 0
		outer loop
			vertex 1.6749999523162842 2.6250000023841853 1.5799999982118607
			vertex 1.6749999523162842 2.6250000023841853 1.4200000017881393
			vertex 1.6749999523162842 2.7549999976158137 1.4200000017881393
		endloop
	endfacet
	facet normal -1 0 0
		outer loop
			vertex -1.6749999523162842 2.7549999976158137 1.4200000017881393
			vertex -1.6749999523162842 2.6250000023841853 1.4200000017881393
			vertex -1.6749999523162842 2.7549999976158137 1.5799999982118607
		endloop
	endfacet
	facet normal -1 0 0
		outer loop
			vertex -1.6749999523162842 2.6250000023841853 1.4200000017881393
			vertex -1.6749999523162842 2.6250000023841853 1.5799999982118607
			vertex -1.6749999523162842 2.7549999976158137 1.5799999982118607
		endloop
	endfacet
	facet normal 0 1 0
		outer loop
			vertex -1.6749999523162842 2.7549999976158137 1.4200000017881393
			vertex -1.6749999523162842 2.7549999976158137 1.5799999982118607
			vertex 1.6749999523162842 2.7549999976158137 1.4200000017881393
		endloop
	endfacet
	facet normal 0 1 0
		outer loop
			vertex -1.6749999523162842 2.7549999976158137 1.5799999982118607
			vertex 1.6749999523162842 2.7549999976158137 1.5799999982118607
			vertex 1.6749999523162842 2.7549999976158137 1.4200000017881393
		endloop
	endfacet
	facet normal 0 -1 0
		outer loop
			vertex -1.6749999523162842 2.6250000023841853 1.5799999982118607
			vertex -1.6749999523162842 2.6250000023841853 1.4200000017881393
			vertex 1.6749999523162842 2.6250000023841853 1.5799999982118607
		endloop
	endfacet
	facet normal 0 -1 0
		outer loop
			vertex -1.6749999523162842 2.6250000023841853 1.4200000017881393
			vertex 1.6749999523162842 2.6250000023841853 1.4200000017881393
			vertex 1.6749999523162842 2.6250000023841853 1.5799999982118607
		endloop
	endfacet
	facet normal 0 0 1
		outer loop
			vertex -1.6749999523162842 2.7549999976158137 1.5799999982118607
			vertex -1.6749999523162842 2.6250000023841853 1.5799999982118607
			vertex 1.6749999523162842 2.7549999976158137 1.5799999982118607
		endloop
	endfacet
	facet normal 0 0 1
		outer loop
			vertex -1.6749999523162842 2.6250000023841853 1.5799999982118607
			vertex 1.6749999523162842 2.6250000023841853 1.5799999982118607
			vertex 1.6749999523162842 2.7549999976158137 1.5799999982118607
		endloop
	endfacet
	facet normal 0 0 -1
		outer loop
			vertex 1.6749999523162842 2.7549999976158137 1.4200000017881393
			vertex 1.6749999523162842 2.6250000023841853 1.4200000017881393
			vertex -1.6749999523162842 2.7549999976158137 1.4200000017881393
		endloop
	endfacet
	facet normal 0 0 -1
		outer loop
			vertex 1.6749999523162842 2.6250000023841853 1.4200000017881393
			vertex -1.6749999523162842 2.6250000023841853 1.4200000017881393
			vertex -1.6749999523162842 2.7549999976158137 1.4200000017881393
		endloop
	endfacet
	facet normal 0.9208759616676092 0.08056620998474222 0.38144009887720354
		outer loop
			vertex 1.1489949226379395 3.4099999999999993 1.5989949479699135
			vertex 1.190000057220459 3.4099999999999993 1.5
			vertex 1.1315391063690186 3.6095208859443657 1.5989949479699135
		endloop
	endfacet
	facet normal 0.92087604491655 0.08056634862557174 0.3814398686136459
		outer loop
			vertex 1.190000057220459 3.4099999999999993 1.5
			vertex 1.1719212532043457 3.61664133131504 1.5
			vertex 1.1315391063690186 3.6095208859443657 1.5989949479699135
		endloop
	endfacet
	facet normal 0.8928956807768337 0.23925081741320411 0.38143983748055044
		outer loop
			vertex 1.1315391063690186 3.6095208859443657 1.5989949479699135
			vertex 1.1719212532043457 3.61664133131504 1.5
			vertex 1.0797020196914673 3.8029794132709496 1.5989949479699135
		endloop
	endfacet
	facet normal 0.8928955624497305 0.23925050889252683 0.38144030798048445
		outer loop
			vertex 1.1719212532043457 3.61664133131504 1.5
			vertex 1.1182342767715454 3.8170039689540856 1.5
			vertex 1.0797020196914673 3.8029794132709496 1.5989949479699135
		endloop
	endfacet
	facet normal 0.8377851413405386 0.39066530070983163 0.3814402702525136
		outer loop
			vertex 1.0797020196914673 3.8029794132709496 1.5989949479699135
			vertex 1.1182342767715454 3.8170039689540856 1.5
			vertex 0.9950588345527649 3.984497461318969 1.5989949479699135
		endloop
	endfacet
	facet normal 0.8377852165653551 0.3906656883094385 0.38143970805653393
		outer loop
			vertex 1.1182342767715454 3.8170039689540856 1.5
			vertex 1.0305702686309814 4.005000028610229 1.5
			vertex 0.9950588345527649 3.984497461318969 1.5989949479699135
		endloop
	endfacet
	facet normal 0.757218973816169 0.5302104746464662 0.3814397439543462
		outer loop
			vertex 0.9950588345527649 3.984497461318969 1.5989949479699135
			vertex 1.0305702686309814 4.005000028610229 1.5
			vertex 0.8801811933517456 4.14855972290039 1.5989949479699135
		endloop
	endfacet
	facet normal 0.7572189766226678 0.5302106381601174 0.38143951109495805
		outer loop
			vertex 1.0305702686309814 4.005000028610229 1.5
			vertex 0.9115929007530212 4.174917254447936 1.5
			vertex 0.8801811933517456 4.14855972290039 1.5989949479699135
		endloop
	endfacet
	facet normal 0.6536451330744031 0.6536451330744031 0.3814394840814093
		outer loop
			vertex 0.8801811933517456 4.14855972290039 1.5989949479699135
			vertex 0.9115929007530212 4.174917254447936 1.5
			vertex 0.7385597229003906 4.290181193351745 1.5989949479699135
		endloop
	endfacet
	facet normal 0.6536451330744031 0.6536451330744031 0.3814394840814093
		outer loop
			vertex 0.9115929007530212 4.174917254447936 1.5
			vertex 0.764917254447937 4.3215929007530205 1.5
			vertex 0.7385597229003906 4.290181193351745 1.5989949479699135
		endloop
	endfacet
	facet normal 0.5302105307256281 0.757219053905506 0.381439507012709
		outer loop
			vertex 0.7385597229003906 4.290181193351745 1.5989949479699135
			vertex 0.764917254447937 4.3215929007530205 1.5
			vertex 0.5744974613189697 4.405058834552764 1.5989949479699135
		endloop
	endfacet
	facet normal 0.5302105840133114 0.7572188992930443 0.3814397398720983
		outer loop
			vertex 0.764917254447937 4.3215929007530205 1.5
			vertex 0.5950000286102295 4.440570268630981 1.5
			vertex 0.5744974613189697 4.405058834552764 1.5989949479699135
		endloop
	endfacet
	facet normal 0.39066540046897963 0.8377853552749008 0.3814396982005412
		outer loop
			vertex 0.5744974613189697 4.405058834552764 1.5989949479699135
			vertex 0.5950000286102295 4.440570268630981 1.5
			vertex 0.3929794132709503 4.4897020196914665 1.5989949479699135
		endloop
	endfacet
	facet normal 0.39066559198775835 0.8377850100028592 0.38144026039651846
		outer loop
			vertex 0.5950000286102295 4.440570268630981 1.5
			vertex 0.4070039689540863 4.528234276771545 1.5
			vertex 0.3929794132709503 4.4897020196914665 1.5989949479699135
		endloop
	endfacet
	facet normal 0.2392507662835264 0.892895489958391 0.3814403162287789
		outer loop
			vertex 0.3929794132709503 4.4897020196914665 1.5989949479699135
			vertex 0.4070039689540863 4.528234276771545 1.5
			vertex 0.19952088594436646 4.541539106369018 1.5989949479699135
		endloop
	endfacet
	facet normal 0.23925055826032493 0.8928957466929659 0.3814398457289614
		outer loop
			vertex 0.4070039689540863 4.528234276771545 1.5
			vertex 0.2066413313150406 4.581921253204345 1.5
			vertex 0.19952088594436646 4.541539106369018 1.5989949479699135
		endloop
	endfacet
	facet normal 0.08056621841106627 0.9208760579809301 0.3814398645768989
		outer loop
			vertex 0.19952088594436646 4.541539106369018 1.5989949479699135
			vertex 0.2066413313150406 4.581921253204345 1.5
			vertex 7.035564847735076e-17 4.558994922637939 1.5989949479699135
		endloop
	endfacet
	facet normal 0.08056634048958887 0.9208759519219948 0.38144009484042946
		outer loop
			vertex 0.2066413313150406 4.581921253204345 1.5
			vertex 7.286648574358402e-17 4.600000057220458 1.5
			vertex 7.035564847735076e-17 4.558994922637939 1.5989949479699135
		endloop
	endfacet
	facet normal -0.08056620998474218 0.9208759616676092 0.3814400988772035
		outer loop
			vertex 7.035564847735076e-17 4.558994922637939 1.5989949479699135
			vertex 7.286648574358402e-17 4.600000057220458 1.5
			vertex -0.19952088594436646 4.541539106369018 1.5989949479699135
		endloop
	endfacet
	facet normal -0.08056634862557173 0.92087604491655 0.3814398686136459
		outer loop
			vertex 7.286648574358402e-17 4.600000057220458 1.5
			vertex -0.2066413313150406 4.581921253204345 1.5
			vertex -0.19952088594436646 4.541539106369018 1.5989949479699135
		endloop
	endfacet
	facet normal -0.23925081741320411 0.8928956807768337 0.38143983748055044
		outer loop
			vertex -0.19952088594436646 4.541539106369018 1.5989949479699135
			vertex -0.2066413313150406 4.581921253204345 1.5
			vertex -0.3929794132709503 4.4897020196914665 1.5989949479699135
		endloop
	endfacet
	facet normal -0.23925050889252683 0.8928955624497305 0.38144030798048445
		outer loop
			vertex -0.2066413313150406 4.581921253204345 1.5
			vertex -0.4070039689540863 4.528234276771545 1.5
			vertex -0.3929794132709503 4.4897020196914665 1.5989949479699135
		endloop
	endfacet
	facet normal -0.39066530070983163 0.8377851413405386 0.3814402702525136
		outer loop
			vertex -0.3929794132709503 4.4897020196914665 1.5989949479699135
			vertex -0.4070039689540863 4.528234276771545 1.5
			vertex -0.5744974613189697 4.405058834552764 1.5989949479699135
		endloop
	endfacet
	facet normal -0.3906656883094385 0.8377852165653551 0.38143970805653393
		outer loop
			vertex -0.4070039689540863 4.528234276771545 1.5
			vertex -0.5950000286102295 4.440570268630981 1.5
			vertex -0.5744974613189697 4.405058834552764 1.5989949479699135
		endloop
	endfacet
	facet normal -0.5302104746464662 0.757218973816169 0.3814397439543462
		outer loop
			vertex -0.5744974613189697 4.405058834552764 1.5989949479699135
			vertex -0.5950000286102295 4.440570268630981 1.5
			vertex -0.7385597229003906 4.290181193351745 1.5989949479699135
		endloop
	endfacet
	facet normal -0.5302106381601174 0.7572189766226678 0.38143951109495805
		outer loop
			vertex -0.5950000286102295 4.440570268630981 1.5
			vertex -0.764917254447937 4.3215929007530205 1.5
			vertex -0.7385597229003906 4.290181193351745 1.5989949479699135
		endloop
	endfacet
	facet normal -0.6536451330744031 0.6536451330744031 0.3814394840814093
		outer loop
			vertex -0.7385597229003906 4.290181193351745 1.5989949479699135
			vertex -0.764917254447937 4.3215929007530205 1.5
			vertex -0.8801811933517456 4.14855972290039 1.5989949479699135
		endloop
	endfacet
	facet normal -0.6536451330744031 0.6536451330744031 0.3814394840814093
		outer loop
			vertex -0.764917254447937 4.3215929007530205 1.5
			vertex -0.9115929007530212 4.174917254447936 1.5
			vertex -0.8801811933517456 4.14855972290039 1.5989949479699135
		endloop
	endfacet
	facet normal -0.757219053905506 0.5302105307256281 0.381439507012709
		outer loop
			vertex -0.8801811933517456 4.14855972290039 1.5989949479699135
			vertex -0.9115929007530212 4.174917254447936 1.5
			vertex -0.9950588345527649 3.984497461318969 1.5989949479699135
		endloop
	endfacet
	facet normal -0.7572188992930443 0.5302105840133114 0.3814397398720983
		outer loop
			vertex -0.9115929007530212 4.174917254447936 1.5
			vertex -1.0305702686309814 4.005000028610229 1.5
			vertex -0.9950588345527649 3.984497461318969 1.5989949479699135
		endloop
	endfacet
	facet normal -0.8377853552749008 0.39066540046897963 0.3814396982005412
		outer loop
			vertex -0.9950588345527649 3.984497461318969 1.5989949479699135
			vertex -1.0305702686309814 4.005000028610229 1.5
			vertex -1.0797020196914673 3.8029794132709496 1.5989949479699135
		endloop
	endfacet
	facet normal -0.8377850100028592 0.39066559198775835 0.38144026039651846
		outer loop
			vertex -1.0305702686309814 4.005000028610229 1.5
			vertex -1.1182342767715454 3.8170039689540856 1.5
			vertex -1.0797020196914673 3.8029794132709496 1.5989949479699135
		endloop
	endfacet
	facet normal -0.892895489958391 0.2392507662835264 0.3814403162287789
		outer loop
			vertex -1.0797020196914673 3.8029794132709496 1.5989949479699135
			vertex -1.1182342767715454 3.8170039689540856 1.5
			vertex -1.1315391063690186 3.6095208859443657 1.5989949479699135
		endloop
	endfacet
	facet normal -0.8928957466929659 0.23925055826032493 0.3814398457289614
		outer loop
			vertex -1.1182342767715454 3.8170039689540856 1.5
			vertex -1.1719212532043457 3.61664133131504 1.5
			vertex -1.1315391063690186 3.6095208859443657 1.5989949479699135
		endloop
	endfacet
	facet normal -0.9208760579809302 0.08056621841106625 0.38143986457689893
		outer loop
			vertex -1.1315391063690186 3.6095208859443657 1.5989949479699135
			vertex -1.1719212532043457 3.61664133131504 1.5
			vertex -1.1489949226379395 3.4099999999999993 1.5989949479699135
		endloop
	endfacet
	facet normal -0.9208759519219948 0.08056634048958886 0.3814400948404295
		outer loop
			vertex -1.1719212532043457 3.61664133131504 1.5
			vertex -1.190000057220459 3.4099999999999993 1.5
			vertex -1.1489949226379395 3.4099999999999993 1.5989949479699135
		endloop
	endfacet
	facet normal -0.9208759616676092 -0.08056620998474222 0.38144009887720354
		outer loop
			vertex -1.1489949226379395 3.4099999999999993 1.5989949479699135
			vertex -1.190000057220459 3.4099999999999993 1.5
			vertex -1.1315391063690186 3.210479114055633 1.5989949479699135
		endloop
	endfacet
	facet normal -0.92087604491655 -0.08056634862557174 0.3814398686136459
		outer loop
			vertex -1.190000057220459 3.4099999999999993 1.5
			vertex -1.1719212532043457 3.2033586686849587 1.5
			vertex -1.1315391063690186 3.210479114055633 1.5989949479699135
		endloop
	endfacet
	facet normal -0.8928956807768337 -0.23925081741320411 0.38143983748055044
		outer loop
			vertex -1.1315391063690186 3.210479114055633 1.5989949479699135
			vertex -1.1719212532043457 3.2033586686849587 1.5
			vertex -1.0797020196914673 3.017020586729049 1.5989949479699135
		endloop
	endfacet
	facet normal -0.8928955624497305 -0.23925050889252683 0.38144030798048445
		outer loop
			vertex -1.1719212532043457 3.2033586686849587 1.5
			vertex -1.1182342767715454 3.002996031045913 1.5
			vertex -1.0797020196914673 3.017020586729049 1.5989949479699135
		endloop
	endfacet
	facet normal -0.8377851413405386 -0.39066530070983163 0.3814402702525136
		outer loop
			vertex -1.0797020196914673 3.017020586729049 1.5989949479699135
			vertex -1.1182342767715454 3.002996031045913 1.5
			vertex -0.9950588345527649 2.8355025386810295 1.5989949479699135
		endloop
	endfacet
	facet normal -0.8377852165653551 -0.3906656883094385 0.38143970805653393
		outer loop
			vertex -1.1182342767715454 3.002996031045913 1.5
			vertex -1.0305702686309814 2.8149999713897698 1.5
			vertex -0.9950588345527649 2.8355025386810295 1.5989949479699135
		endloop
	endfacet
	facet normal -0.757218973816169 -0.5302104746464662 0.3814397439543462
		outer loop
			vertex -0.9950588345527649 2.8355025386810295 1.5989949479699135
			vertex -1.0305702686309814 2.8149999713897698 1.5
			vertex -0.8801811933517456 2.6714402770996086 1.5989949479699135
		endloop
	endfacet
	facet normal -0.7572189766226678 -0.5302106381601174 0.38143951109495805
		outer loop
			vertex -1.0305702686309814 2.8149999713897698 1.5
			vertex -0.9115929007530212 2.6450827455520622 1.5
			vertex -0.8801811933517456 2.6714402770996086 1.5989949479699135
		endloop
	endfacet
	facet normal -0.6536451330744031 -0.6536451330744031 0.3814394840814093
		outer loop
			vertex -0.8801811933517456 2.6714402770996086 1.5989949479699135
			vertex -0.9115929007530212 2.6450827455520622 1.5
			vertex -0.7385597229003906 2.5298188066482536 1.5989949479699135
		endloop
	endfacet
	facet normal -0.6536451330744031 -0.6536451330744031 0.3814394840814093
		outer loop
			vertex -0.9115929007530212 2.6450827455520622 1.5
			vertex -0.764917254447937 2.498407099246978 1.5
			vertex -0.7385597229003906 2.5298188066482536 1.5989949479699135
		endloop
	endfacet
	facet normal -0.5302105307256281 -0.757219053905506 0.381439507012709
		outer loop
			vertex -0.7385597229003906 2.5298188066482536 1.5989949479699135
			vertex -0.764917254447937 2.498407099246978 1.5
			vertex -0.5744974613189697 2.4149411654472344 1.5989949479699135
		endloop
	endfacet
	facet normal -0.5302105840133114 -0.7572188992930443 0.3814397398720983
		outer loop
			vertex -0.764917254447937 2.498407099246978 1.5
			vertex -0.5950000286102295 2.379429731369018 1.5
			vertex -0.5744974613189697 2.4149411654472344 1.5989949479699135
		endloop
	endfacet
	facet normal -0.39066540046897963 -0.8377853552749008 0.3814396982005412
		outer loop
			vertex -0.5744974613189697 2.4149411654472344 1.5989949479699135
			vertex -0.5950000286102295 2.379429731369018 1.5
			vertex -0.3929794132709503 2.330297980308532 1.5989949479699135
		endloop
	endfacet
	facet normal -0.39066559198775835 -0.8377850100028592 0.38144026039651846
		outer loop
			vertex -0.5950000286102295 2.379429731369018 1.5
			vertex -0.4070039689540863 2.291765723228454 1.5
			vertex -0.3929794132709503 2.330297980308532 1.5989949479699135
		endloop
	endfacet
	facet normal -0.2392507662835264 -0.892895489958391 0.3814403162287789
		outer loop
			vertex -0.3929794132709503 2.330297980308532 1.5989949479699135
			vertex -0.4070039689540863 2.291765723228454 1.5
			vertex -0.19952088594436646 2.2784608936309807 1.5989949479699135
		endloop
	endfacet
	facet normal -0.23925055826032493 -0.8928957466929659 0.3814398457289614
		outer loop
			vertex -0.4070039689540863 2.291765723228454 1.5
			vertex -0.2066413313150406 2.2380787467956536 1.5
			vertex -0.19952088594436646 2.2784608936309807 1.5989949479699135
		endloop
	endfacet
	facet normal -0.08056621841106633 -0.9208760579809302 0.38143986457689893
		outer loop
			vertex -0.19952088594436646 2.2784608936309807 1.5989949479699135
			vertex -0.2066413313150406 2.2380787467956536 1.5
			vertex -2.1106695204949717e-16 2.26100507736206 1.5989949479699135
		endloop
	endfacet
	facet normal -0.08056634048958893 -0.9208759519219947 0.3814400948404294
		outer loop
			vertex -0.2066413313150406 2.2380787467956536 1.5
			vertex -2.1859945723075205e-16 2.2199999427795403 1.5
			vertex -2.1106695204949717e-16 2.26100507736206 1.5989949479699135
		endloop
	endfacet
	facet normal 0.08056620998474213 -0.9208759616676092 0.38144009887720354
		outer loop
			vertex -2.1106695204949717e-16 2.26100507736206 1.5989949479699135
			vertex -2.1859945723075205e-16 2.2199999427795403 1.5
			vertex 0.19952088594436646 2.2784608936309807 1.5989949479699135
		endloop
	endfacet
	facet normal 0.08056634862557166 -0.9208760449165498 0.38143986861364587
		outer loop
			vertex -2.1859945723075205e-16 2.2199999427795403 1.5
			vertex 0.2066413313150406 2.2380787467956536 1.5
			vertex 0.19952088594436646 2.2784608936309807 1.5989949479699135
		endloop
	endfacet
	facet normal 0.23925081741320411 -0.8928956807768337 0.38143983748055044
		outer loop
			vertex 0.19952088594436646 2.2784608936309807 1.5989949479699135
			vertex 0.2066413313150406 2.2380787467956536 1.5
			vertex 0.3929794132709503 2.330297980308532 1.5989949479699135
		endloop
	endfacet
	facet normal 0.23925050889252683 -0.8928955624497305 0.38144030798048445
		outer loop
			vertex 0.2066413313150406 2.2380787467956536 1.5
			vertex 0.4070039689540863 2.291765723228454 1.5
			vertex 0.3929794132709503 2.330297980308532 1.5989949479699135
		endloop
	endfacet
	facet normal 0.39066530070983163 -0.8377851413405386 0.3814402702525136
		outer loop
			vertex 0.3929794132709503 2.330297980308532 1.5989949479699135
			vertex 0.4070039689540863 2.291765723228454 1.5
			vertex 0.5744974613189697 2.4149411654472344 1.5989949479699135
		endloop
	endfacet
	facet normal 0.3906656883094385 -0.8377852165653551 0.38143970805653393
		outer loop
			vertex 0.4070039689540863 2.291765723228454 1.5
			vertex 0.5950000286102295 2.379429731369018 1.5
			vertex 0.5744974613189697 2.4149411654472344 1.5989949479699135
		endloop
	endfacet
	facet normal 0.5302104746464662 -0.757218973816169 0.3814397439543462
		outer loop
			vertex 0.5744974613189697 2.4149411654472344 1.5989949479699135
			vertex 0.5950000286102295 2.379429731369018 1.5
			vertex 0.7385597229003906 2.5298188066482536 1.5989949479699135
		endloop
	endfacet
	facet normal 0.5302106381601174 -0.7572189766226678 0.38143951109495805
		outer loop
			vertex 0.5950000286102295 2.379429731369018 1.5
			vertex 0.764917254447937 2.498407099246978 1.5
			vertex 0.7385597229003906 2.5298188066482536 1.5989949479699135
		endloop
	endfacet
	facet normal 0.6536451330744031 -0.6536451330744031 0.3814394840814093
		outer loop
			vertex 0.7385597229003906 2.5298188066482536 1.5989949479699135
			vertex 0.764917254447937 2.498407099246978 1.5
			vertex 0.8801811933517456 2.6714402770996086 1.5989949479699135
		endloop
	endfacet
	facet normal 0.6536451330744031 -0.6536451330744031 0.3814394840814093
		outer loop
			vertex 0.764917254447937 2.498407099246978 1.5
			vertex 0.9115929007530212 2.6450827455520622 1.5
			vertex 0.8801811933517456 2.6714402770996086 1.5989949479699135
		endloop
	endfacet
	facet normal 0.757219053905506 -0.5302105307256281 0.381439507012709
		outer loop
			vertex 0.8801811933517456 2.6714402770996086 1.5989949479699135
			vertex 0.9115929007530212 2.6450827455520622 1.5
			vertex 0.9950588345527649 2.8355025386810295 1.5989949479699135
		endloop
	endfacet
	facet normal 0.7572188992930443 -0.5302105840133114 0.3814397398720983
		outer loop
			vertex 0.9115929007530212 2.6450827455520622 1.5
			vertex 1.0305702686309814 2.8149999713897698 1.5
			vertex 0.9950588345527649 2.8355025386810295 1.5989949479699135
		endloop
	endfacet
	facet normal 0.8377853552749008 -0.39066540046897963 0.3814396982005412
		outer loop
			vertex 0.9950588345527649 2.8355025386810295 1.5989949479699135
			vertex 1.0305702686309814 2.8149999713897698 1.5
			vertex 1.0797020196914673 3.017020586729049 1.5989949479699135
		endloop
	endfacet
	facet normal 0.8377850100028592 -0.39066559198775835 0.38144026039651846
		outer loop
			vertex 1.0305702686309814 2.8149999713897698 1.5
			vertex 1.1182342767715454 3.002996031045913 1.5
			vertex 1.0797020196914673 3.017020586729049 1.5989949479699135
		endloop
	endfacet
	facet normal 0.892895489958391 -0.2392507662835264 0.3814403162287789
		outer loop
			vertex 1.0797020196914673 3.017020586729049 1.5989949479699135
			vertex 1.1182342767715454 3.002996031045913 1.5
			vertex 1.1315391063690186 3.210479114055633 1.5989949479699135
		endloop
	endfacet
	facet normal 0.8928957466929659 -0.23925055826032493 0.3814398457289614
		outer loop
			vertex 1.1182342767715454 3.002996031045913 1.5
			vertex 1.1719212532043457 3.2033586686849587 1.5
			vertex 1.1315391063690186 3.210479114055633 1.5989949479699135
		endloop
	endfacet
	facet normal 0.9208760579809301 -0.08056621841106641 0.38143986457689893
		outer loop
			vertex 1.1315391063690186 3.210479114055633 1.5989949479699135
			vertex 1.1719212532043457 3.2033586686849587 1.5
			vertex 1.1489949226379395 3.409999999999999 1.5989949479699135
		endloop
	endfacet
	facet normal 0.9208759519219948 -0.08056634048958902 0.38144009484042957
		outer loop
			vertex 1.1719212532043457 3.2033586686849587 1.5
			vertex 1.190000057220459 3.409999999999999 1.5
			vertex 1.1489949226379395 3.409999999999999 1.5989949479699135
		endloop
	endfacet
	facet normal 0.38246907936947655 0.033461483556948814 0.9233621892001171
		outer loop
			vertex 1.0499999523162842 3.4099999999999993 1.6400000005960464
			vertex 1.1489949226379395 3.4099999999999993 1.5989949479699135
			vertex 1.0340481996536255 3.592330593466758 1.6400000005960464
		endloop
	endfacet
	facet normal 0.38246943169959724 0.033461740592352594 0.923362033945471
		outer loop
			vertex 1.1489949226379395 3.4099999999999993 1.5989949479699135
			vertex 1.1315391063690186 3.6095208859443657 1.5989949479699135
			vertex 1.0340481996536255 3.592330593466758 1.6400000005960464
		endloop
	endfacet
	facet normal 0.3708482511595067 0.09936866782609903 0.9233620321771965
		outer loop
			vertex 1.0340481996536255 3.592330593466758 1.6400000005960464
			vertex 1.1315391063690186 3.6095208859443657 1.5989949479699135
			vertex 0.9866772294044495 3.769121143817901 1.6400000005960464
		endloop
	endfacet
	facet normal 0.37084809574334054 0.09936850625767571 0.923362111984056
		outer loop
			vertex 1.1315391063690186 3.6095208859443657 1.5989949479699135
			vertex 1.0797020196914673 3.8029794132709496 1.5989949479699135
			vertex 0.9866772294044495 3.769121143817901 1.6400000005960464
		endloop
	endfacet
	facet normal 0.3479589490523064 0.16225589540612054 0.9233621143302191
		outer loop
			vertex 0.9866772294044495 3.769121143817901 1.6400000005960464
			vertex 1.0797020196914673 3.8029794132709496 1.5989949479699135
			vertex 0.9093266725540161 3.9349999761581413 1.6400000005960464
		endloop
	endfacet
	facet normal 0.3479588430580158 0.16225573759925455 0.9233621820032749
		outer loop
			vertex 1.0797020196914673 3.8029794132709496 1.5989949479699135
			vertex 0.9950588345527649 3.984497461318969 1.5989949479699135
			vertex 0.9093266725540161 3.9349999761581413 1.6400000005960464
		endloop
	endfacet
	facet normal 0.3144971090946992 0.22021316740179295 0.9233621874833012
		outer loop
			vertex 0.9093266725540161 3.9349999761581413 1.6400000005960464
			vertex 0.9950588345527649 3.984497461318969 1.5989949479699135
			vertex 0.8043466806411743 4.084926996231078 1.6400000005960464
		endloop
	endfacet
	facet normal 0.3144971708553603 0.22021330685075172 0.9233621331903485
		outer loop
			vertex 0.9950588345527649 3.984497461318969 1.5989949479699135
			vertex 0.8801811933517456 4.14855972290039 1.5989949479699135
			vertex 0.8043466806411743 4.084926996231078 1.6400000005960464
		endloop
	endfacet
	facet normal 0.2714796186440662 0.2714796186440662 0.9233621355252472
		outer loop
			vertex 0.8043466806411743 4.084926996231078 1.6400000005960464
			vertex 0.8801811933517456 4.14855972290039 1.5989949479699135
			vertex 0.6749269962310791 4.214346680641174 1.6400000005960464
		endloop
	endfacet
	facet normal 0.2714796186440662 0.2714796186440662 0.9233621355252473
		outer loop
			vertex 0.8801811933517456 4.14855972290039 1.5989949479699135
			vertex 0.7385597229003906 4.290181193351745 1.5989949479699135
			vertex 0.6749269962310791 4.214346680641174 1.6400000005960464
		endloop
	endfacet
	facet normal 0.2202132456687579 0.3144972208715494 0.9233621307461679
		outer loop
			vertex 0.6749269962310791 4.214346680641174 1.6400000005960464
			vertex 0.7385597229003906 4.290181193351745 1.5989949479699135
			vertex 0.5249999761581421 4.319326672554015 1.6400000005960464
		endloop
	endfacet
	facet normal 0.22021323532708462 0.3144970687089855 0.9233621850391285
		outer loop
			vertex 0.7385597229003906 4.290181193351745 1.5989949479699135
			vertex 0.5744974613189697 4.405058834552764 1.5989949479699135
			vertex 0.5249999761581421 4.319326672554015 1.6400000005960464
		endloop
	endfacet
	facet normal 0.16225582352616744 0.34795879490522363 0.9233621850498048
		outer loop
			vertex 0.5249999761581421 4.319326672554015 1.6400000005960464
			vertex 0.5744974613189697 4.405058834552764 1.5989949479699135
			vertex 0.3591211438179016 4.396677229404449 1.6400000005960464
		endloop
	endfacet
	facet normal 0.1622558032861529 0.34795898392414165 0.9233621173767333
		outer loop
			vertex 0.5744974613189697 4.405058834552764 1.5989949479699135
			vertex 0.3929794132709503 4.4897020196914665 1.5989949479699135
			vertex 0.3591211438179016 4.396677229404449 1.6400000005960464
		endloop
	endfacet
	facet normal 0.09936861591255906 0.3708480574158859 0.9233621155768122
		outer loop
			vertex 0.3591211438179016 4.396677229404449 1.6400000005960464
			vertex 0.3929794132709503 4.4897020196914665 1.5989949479699135
			vertex 0.18233059346675873 4.444048199653625 1.6400000005960464
		endloop
	endfacet
	facet normal 0.09936855369840543 0.37084827279445 0.9233620357699683
		outer loop
			vertex 0.3929794132709503 4.4897020196914665 1.5989949479699135
			vertex 0.19952088594436646 4.541539106369018 1.5989949479699135
			vertex 0.18233059346675873 4.444048199653625 1.6400000005960464
		endloop
	endfacet
	facet normal 0.0334615175649772 0.38246946808563387 0.9233620269561345
		outer loop
			vertex 0.18233059346675873 4.444048199653625 1.6400000005960464
			vertex 0.19952088594436646 4.541539106369018 1.5989949479699135
			vertex 6.429395645199886e-17 4.459999952316283 1.6400000005960464
		endloop
	endfacet
	facet normal 0.03346170951417627 0.3824690764744286 0.923362182210852
		outer loop
			vertex 0.19952088594436646 4.541539106369018 1.5989949479699135
			vertex 7.035564847735076e-17 4.558994922637939 1.5989949479699135
			vertex 6.429395645199886e-17 4.459999952316283 1.6400000005960464
		endloop
	endfacet
	facet normal -0.033461483556948814 0.3824690793694767 0.9233621892001174
		outer loop
			vertex 6.429395645199886e-17 4.459999952316283 1.6400000005960464
			vertex 7.035564847735076e-17 4.558994922637939 1.5989949479699135
			vertex -0.18233059346675873 4.444048199653625 1.6400000005960464
		endloop
	endfacet
	facet normal -0.03346174059235259 0.3824694316995973 0.9233620339454711
		outer loop
			vertex 7.035564847735076e-17 4.558994922637939 1.5989949479699135
			vertex -0.19952088594436646 4.541539106369018 1.5989949479699135
			vertex -0.18233059346675873 4.444048199653625 1.6400000005960464
		endloop
	endfacet
	facet normal -0.09936866782609903 0.3708482511595067 0.9233620321771965
		outer loop
			vertex -0.18233059346675873 4.444048199653625 1.6400000005960464
			vertex -0.19952088594436646 4.541539106369018 1.5989949479699135
			vertex -0.3591211438179016 4.396677229404449 1.6400000005960464
		endloop
	endfacet
	facet normal -0.09936850625767571 0.37084809574334054 0.923362111984056
		outer loop
			vertex -0.19952088594436646 4.541539106369018 1.5989949479699135
			vertex -0.3929794132709503 4.4897020196914665 1.5989949479699135
			vertex -0.3591211438179016 4.396677229404449 1.6400000005960464
		endloop
	endfacet
	facet normal -0.16225589540612054 0.3479589490523064 0.9233621143302191
		outer loop
			vertex -0.3591211438179016 4.396677229404449 1.6400000005960464
			vertex -0.3929794132709503 4.4897020196914665 1.5989949479699135
			vertex -0.5249999761581421 4.319326672554015 1.6400000005960464
		endloop
	endfacet
	facet normal -0.16225573759925455 0.3479588430580158 0.9233621820032749
		outer loop
			vertex -0.3929794132709503 4.4897020196914665 1.5989949479699135
			vertex -0.5744974613189697 4.405058834552764 1.5989949479699135
			vertex -0.5249999761581421 4.319326672554015 1.6400000005960464
		endloop
	endfacet
	facet normal -0.22021316740179295 0.3144971090946992 0.9233621874833012
		outer loop
			vertex -0.5249999761581421 4.319326672554015 1.6400000005960464
			vertex -0.5744974613189697 4.405058834552764 1.5989949479699135
			vertex -0.6749269962310791 4.214346680641174 1.6400000005960464
		endloop
	endfacet
	facet normal -0.22021330685075172 0.3144971708553603 0.9233621331903485
		outer loop
			vertex -0.5744974613189697 4.405058834552764 1.5989949479699135
			vertex -0.7385597229003906 4.290181193351745 1.5989949479699135
			vertex -0.6749269962310791 4.214346680641174 1.6400000005960464
		endloop
	endfacet
	facet normal -0.2714796186440662 0.2714796186440662 0.9233621355252472
		outer loop
			vertex -0.6749269962310791 4.214346680641174 1.6400000005960464
			vertex -0.7385597229003906 4.290181193351745 1.5989949479699135
			vertex -0.8043466806411743 4.084926996231078 1.6400000005960464
		endloop
	endfacet
	facet normal -0.2714796186440662 0.2714796186440662 0.9233621355252473
		outer loop
			vertex -0.7385597229003906 4.290181193351745 1.5989949479699135
			vertex -0.8801811933517456 4.14855972290039 1.5989949479699135
			vertex -0.8043466806411743 4.084926996231078 1.6400000005960464
		endloop
	endfacet
	facet normal -0.3144972208715494 0.2202132456687579 0.9233621307461679
		outer loop
			vertex -0.8043466806411743 4.084926996231078 1.6400000005960464
			vertex -0.8801811933517456 4.14855972290039 1.5989949479699135
			vertex -0.9093266725540161 3.9349999761581413 1.6400000005960464
		endloop
	endfacet
	facet normal -0.3144970687089855 0.22021323532708462 0.9233621850391285
		outer loop
			vertex -0.8801811933517456 4.14855972290039 1.5989949479699135
			vertex -0.9950588345527649 3.984497461318969 1.5989949479699135
			vertex -0.9093266725540161 3.9349999761581413 1.6400000005960464
		endloop
	endfacet
	facet normal -0.34795879490522363 0.16225582352616744 0.9233621850498048
		outer loop
			vertex -0.9093266725540161 3.9349999761581413 1.6400000005960464
			vertex -0.9950588345527649 3.984497461318969 1.5989949479699135
			vertex -0.9866772294044495 3.769121143817901 1.6400000005960464
		endloop
	endfacet
	facet normal -0.34795898392414165 0.1622558032861529 0.9233621173767333
		outer loop
			vertex -0.9950588345527649 3.984497461318969 1.5989949479699135
			vertex -1.0797020196914673 3.8029794132709496 1.5989949479699135
			vertex -0.9866772294044495 3.769121143817901 1.6400000005960464
		endloop
	endfacet
	facet normal -0.3708480574158859 0.09936861591255906 0.9233621155768122
		outer loop
			vertex -0.9866772294044495 3.769121143817901 1.6400000005960464
			vertex -1.0797020196914673 3.8029794132709496 1.5989949479699135
			vertex -1.0340481996536255 3.592330593466758 1.6400000005960464
		endloop
	endfacet
	facet normal -0.37084827279445 0.09936855369840543 0.9233620357699683
		outer loop
			vertex -1.0797020196914673 3.8029794132709496 1.5989949479699135
			vertex -1.1315391063690186 3.6095208859443657 1.5989949479699135
			vertex -1.0340481996536255 3.592330593466758 1.6400000005960464
		endloop
	endfacet
	facet normal -0.38246946808563387 0.03346151756497719 0.9233620269561345
		outer loop
			vertex -1.0340481996536255 3.592330593466758 1.6400000005960464
			vertex -1.1315391063690186 3.6095208859443657 1.5989949479699135
			vertex -1.0499999523162842 3.4099999999999993 1.6400000005960464
		endloop
	endfacet
	facet normal -0.38246907647442857 0.03346170951417625 0.923362182210852
		outer loop
			vertex -1.1315391063690186 3.6095208859443657 1.5989949479699135
			vertex -1.1489949226379395 3.4099999999999993 1.5989949479699135
			vertex -1.0499999523162842 3.4099999999999993 1.6400000005960464
		endloop
	endfacet
	facet normal -0.38246907936947655 -0.033461483556948814 0.9233621892001171
		outer loop
			vertex -1.0499999523162842 3.4099999999999993 1.6400000005960464
			vertex -1.1489949226379395 3.4099999999999993 1.5989949479699135
			vertex -1.0340481996536255 3.2276694065332405 1.6400000005960464
		endloop
	endfacet
	facet normal -0.38246943169959724 -0.033461740592352594 0.923362033945471
		outer loop
			vertex -1.1489949226379395 3.4099999999999993 1.5989949479699135
			vertex -1.1315391063690186 3.210479114055633 1.5989949479699135
			vertex -1.0340481996536255 3.2276694065332405 1.6400000005960464
		endloop
	endfacet
	facet normal -0.3708482511595067 -0.09936866782609903 0.9233620321771965
		outer loop
			vertex -1.0340481996536255 3.2276694065332405 1.6400000005960464
			vertex -1.1315391063690186 3.210479114055633 1.5989949479699135
			vertex -0.9866772294044495 3.0508788561820976 1.6400000005960464
		endloop
	endfacet
	facet normal -0.37084809574334054 -0.09936850625767571 0.923362111984056
		outer loop
			vertex -1.1315391063690186 3.210479114055633 1.5989949479699135
			vertex -1.0797020196914673 3.017020586729049 1.5989949479699135
			vertex -0.9866772294044495 3.0508788561820976 1.6400000005960464
		endloop
	endfacet
	facet normal -0.3479589490523064 -0.16225589540612054 0.9233621143302191
		outer loop
			vertex -0.9866772294044495 3.0508788561820976 1.6400000005960464
			vertex -1.0797020196914673 3.017020586729049 1.5989949479699135
			vertex -0.9093266725540161 2.885000023841857 1.6400000005960464
		endloop
	endfacet
	facet normal -0.3479588430580158 -0.16225573759925455 0.9233621820032749
		outer loop
			vertex -1.0797020196914673 3.017020586729049 1.5989949479699135
			vertex -0.9950588345527649 2.8355025386810295 1.5989949479699135
			vertex -0.9093266725540161 2.885000023841857 1.6400000005960464
		endloop
	endfacet
	facet normal -0.3144971090946992 -0.22021316740179295 0.9233621874833012
		outer loop
			vertex -0.9093266725540161 2.885000023841857 1.6400000005960464
			vertex -0.9950588345527649 2.8355025386810295 1.5989949479699135
			vertex -0.8043466806411743 2.73507300376892 1.6400000005960464
		endloop
	endfacet
	facet normal -0.3144971708553603 -0.22021330685075172 0.9233621331903485
		outer loop
			vertex -0.9950588345527649 2.8355025386810295 1.5989949479699135
			vertex -0.8801811933517456 2.6714402770996086 1.5989949479699135
			vertex -0.8043466806411743 2.73507300376892 1.6400000005960464
		endloop
	endfacet
	facet normal -0.2714796186440662 -0.2714796186440662 0.9233621355252472
		outer loop
			vertex -0.8043466806411743 2.73507300376892 1.6400000005960464
			vertex -0.8801811933517456 2.6714402770996086 1.5989949479699135
			vertex -0.6749269962310791 2.605653319358825 1.6400000005960464
		endloop
	endfacet
	facet normal -0.2714796186440662 -0.2714796186440662 0.9233621355252473
		outer loop
			vertex -0.8801811933517456 2.6714402770996086 1.5989949479699135
			vertex -0.7385597229003906 2.5298188066482536 1.5989949479699135
			vertex -0.6749269962310791 2.605653319358825 1.6400000005960464
		endloop
	endfacet
	facet normal -0.2202132456687579 -0.3144972208715494 0.9233621307461679
		outer loop
			vertex -0.6749269962310791 2.605653319358825 1.6400000005960464
			vertex -0.7385597229003906 2.5298188066482536 1.5989949479699135
			vertex -0.5249999761581421 2.500673327445983 1.6400000005960464
		endloop
	endfacet
	facet normal -0.22021323532708462 -0.3144970687089855 0.9233621850391285
		outer loop
			vertex -0.7385597229003906 2.5298188066482536 1.5989949479699135
			vertex -0.5744974613189697 2.4149411654472344 1.5989949479699135
			vertex -0.5249999761581421 2.500673327445983 1.6400000005960464
		endloop
	endfacet
	facet normal -0.16225582352616744 -0.34795879490522363 0.9233621850498048
		outer loop
			vertex -0.5249999761581421 2.500673327445983 1.6400000005960464
			vertex -0.5744974613189697 2.4149411654472344 1.5989949479699135
			vertex -0.3591211438179016 2.42332277059555 1.6400000005960464
		endloop
	endfacet
	facet normal -0.1622558032861529 -0.34795898392414165 0.9233621173767333
		outer loop
			vertex -0.5744974613189697 2.4149411654472344 1.5989949479699135
			vertex -0.3929794132709503 2.330297980308532 1.5989949479699135
			vertex -0.3591211438179016 2.42332277059555 1.6400000005960464
		endloop
	endfacet
	facet normal -0.09936861591255906 -0.3708480574158859 0.9233621155768122
		outer loop
			vertex -0.3591211438179016 2.42332277059555 1.6400000005960464
			vertex -0.3929794132709503 2.330297980308532 1.5989949479699135
			vertex -0.18233059346675873 2.3759518003463738 1.6400000005960464
		endloop
	endfacet
	facet normal -0.09936855369840543 -0.37084827279445 0.9233620357699683
		outer loop
			vertex -0.3929794132709503 2.330297980308532 1.5989949479699135
			vertex -0.19952088594436646 2.2784608936309807 1.5989949479699135
			vertex -0.18233059346675873 2.3759518003463738 1.6400000005960464
		endloop
	endfacet
	facet normal -0.03346151756497723 -0.3824694680856338 0.9233620269561346
		outer loop
			vertex -0.18233059346675873 2.3759518003463738 1.6400000005960464
			vertex -0.19952088594436646 2.2784608936309807 1.5989949479699135
			vertex -1.9288186935599659e-16 2.360000047683715 1.6400000005960464
		endloop
	endfacet
	facet normal -0.03346170951417629 -0.38246907647442857 0.923362182210852
		outer loop
			vertex -0.19952088594436646 2.2784608936309807 1.5989949479699135
			vertex -2.1106695204949717e-16 2.26100507736206 1.5989949479699135
			vertex -1.9288186935599659e-16 2.360000047683715 1.6400000005960464
		endloop
	endfacet
	facet normal 0.033461483556948786 -0.3824690793694766 0.9233621892001173
		outer loop
			vertex -1.9288186935599659e-16 2.360000047683715 1.6400000005960464
			vertex -2.1106695204949717e-16 2.26100507736206 1.5989949479699135
			vertex 0.18233059346675873 2.3759518003463738 1.6400000005960464
		endloop
	endfacet
	facet normal 0.03346174059235256 -0.38246943169959724 0.923362033945471
		outer loop
			vertex -2.1106695204949717e-16 2.26100507736206 1.5989949479699135
			vertex 0.19952088594436646 2.2784608936309807 1.5989949479699135
			vertex 0.18233059346675873 2.3759518003463738 1.6400000005960464
		endloop
	endfacet
	facet normal 0.09936866782609903 -0.3708482511595067 0.9233620321771965
		outer loop
			vertex 0.18233059346675873 2.3759518003463738 1.6400000005960464
			vertex 0.19952088594436646 2.2784608936309807 1.5989949479699135
			vertex 0.3591211438179016 2.42332277059555 1.6400000005960464
		endloop
	endfacet
	facet normal 0.09936850625767571 -0.37084809574334054 0.923362111984056
		outer loop
			vertex 0.19952088594436646 2.2784608936309807 1.5989949479699135
			vertex 0.3929794132709503 2.330297980308532 1.5989949479699135
			vertex 0.3591211438179016 2.42332277059555 1.6400000005960464
		endloop
	endfacet
	facet normal 0.16225589540612054 -0.3479589490523064 0.9233621143302191
		outer loop
			vertex 0.3591211438179016 2.42332277059555 1.6400000005960464
			vertex 0.3929794132709503 2.330297980308532 1.5989949479699135
			vertex 0.5249999761581421 2.500673327445983 1.6400000005960464
		endloop
	endfacet
	facet normal 0.16225573759925455 -0.3479588430580158 0.9233621820032749
		outer loop
			vertex 0.3929794132709503 2.330297980308532 1.5989949479699135
			vertex 0.5744974613189697 2.4149411654472344 1.5989949479699135
			vertex 0.5249999761581421 2.500673327445983 1.6400000005960464
		endloop
	endfacet
	facet normal 0.22021316740179295 -0.3144971090946992 0.9233621874833012
		outer loop
			vertex 0.5249999761581421 2.500673327445983 1.6400000005960464
			vertex 0.5744974613189697 2.4149411654472344 1.5989949479699135
			vertex 0.6749269962310791 2.605653319358825 1.6400000005960464
		endloop
	endfacet
	facet normal 0.22021330685075172 -0.3144971708553603 0.9233621331903485
		outer loop
			vertex 0.5744974613189697 2.4149411654472344 1.5989949479699135
			vertex 0.7385597229003906 2.5298188066482536 1.5989949479699135
			vertex 0.6749269962310791 2.605653319358825 1.6400000005960464
		endloop
	endfacet
	facet normal 0.2714796186440662 -0.2714796186440662 0.9233621355252472
		outer loop
			vertex 0.6749269962310791 2.605653319358825 1.6400000005960464
			vertex 0.7385597229003906 2.5298188066482536 1.5989949479699135
			vertex 0.8043466806411743 2.73507300376892 1.6400000005960464
		endloop
	endfacet
	facet normal 0.2714796186440662 -0.2714796186440662 0.9233621355252473
		outer loop
			vertex 0.7385597229003906 2.5298188066482536 1.5989949479699135
			vertex 0.8801811933517456 2.6714402770996086 1.5989949479699135
			vertex 0.8043466806411743 2.73507300376892 1.6400000005960464
		endloop
	endfacet
	facet normal 0.3144972208715494 -0.2202132456687579 0.9233621307461679
		outer loop
			vertex 0.8043466806411743 2.73507300376892 1.6400000005960464
			vertex 0.8801811933517456 2.6714402770996086 1.5989949479699135
			vertex 0.9093266725540161 2.885000023841857 1.6400000005960464
		endloop
	endfacet
	facet normal 0.3144970687089855 -0.22021323532708462 0.9233621850391285
		outer loop
			vertex 0.8801811933517456 2.6714402770996086 1.5989949479699135
			vertex 0.9950588345527649 2.8355025386810295 1.5989949479699135
			vertex 0.9093266725540161 2.885000023841857 1.6400000005960464
		endloop
	endfacet
	facet normal 0.34795879490522363 -0.16225582352616744 0.9233621850498048
		outer loop
			vertex 0.9093266725540161 2.885000023841857 1.6400000005960464
			vertex 0.9950588345527649 2.8355025386810295 1.5989949479699135
			vertex 0.9866772294044495 3.0508788561820976 1.6400000005960464
		endloop
	endfacet
	facet normal 0.34795898392414165 -0.1622558032861529 0.9233621173767333
		outer loop
			vertex 0.9950588345527649 2.8355025386810295 1.5989949479699135
			vertex 1.0797020196914673 3.017020586729049 1.5989949479699135
			vertex 0.9866772294044495 3.0508788561820976 1.6400000005960464
		endloop
	endfacet
	facet normal 0.3708480574158859 -0.09936861591255906 0.9233621155768122
		outer loop
			vertex 0.9866772294044495 3.0508788561820976 1.6400000005960464
			vertex 1.0797020196914673 3.017020586729049 1.5989949479699135
			vertex 1.0340481996536255 3.2276694065332405 1.6400000005960464
		endloop
	endfacet
	facet normal 0.37084827279445 -0.09936855369840543 0.9233620357699683
		outer loop
			vertex 1.0797020196914673 3.017020586729049 1.5989949479699135
			vertex 1.1315391063690186 3.210479114055633 1.5989949479699135
			vertex 1.0340481996536255 3.2276694065332405 1.6400000005960464
		endloop
	endfacet
	facet normal 0.38246946808563387 -0.03346151756497727 0.9233620269561346
		outer loop
			vertex 1.0340481996536255 3.2276694065332405 1.6400000005960464
			vertex 1.1315391063690186 3.210479114055633 1.5989949479699135
			vertex 1.0499999523162842 3.409999999999999 1.6400000005960464
		endloop
	endfacet
	facet normal 0.3824690764744286 -0.033461709514176326 0.923362182210852
		outer loop
			vertex 1.1315391063690186 3.210479114055633 1.5989949479699135
			vertex 1.1489949226379395 3.409999999999999 1.5989949479699135
			vertex 1.0499999523162842 3.409999999999999 1.6400000005960464
		endloop
	endfacet
	facet normal -0.38246927390660185 -0.03346164140894337 0.9233621028998191
		outer loop
			vertex 0.9510050415992737 3.4099999999999993 1.5989949479699135
			vertex 1.0499999523162842 3.4099999999999993 1.6400000005960464
			vertex 0.9365571737289429 3.5751403009891503 1.5989949479699135
		endloop
	endfacet
	facet normal -0.38246907540645614 -0.03346148321023179 0.9233621908542183
		outer loop
			vertex 1.0499999523162842 3.4099999999999993 1.6400000005960464
			vertex 1.0340481996536255 3.592330593466758 1.6400000005960464
			vertex 0.9365571737289429 3.5751403009891503 1.5989949479699135
		endloop
	endfacet
	facet normal -0.37084790564965875 -0.09936844404692681 0.9233621950258495
		outer loop
			vertex 0.9365571737289429 3.5751403009891503 1.5989949479699135
			vertex 1.0340481996536255 3.592330593466758 1.6400000005960464
			vertex 0.8936524391174316 3.735262874364852 1.5989949479699135
		endloop
	endfacet
	facet normal -0.3708480574158859 -0.09936861591255906 0.9233621155768122
		outer loop
			vertex 1.0340481996536255 3.592330593466758 1.6400000005960464
			vertex 0.9866772294044495 3.769121143817901 1.6400000005960464
			vertex 0.8936524391174316 3.735262874364852 1.5989949479699135
		endloop
	endfacet
	facet normal -0.34795891727640493 -0.16225597934763586 0.9233621115541679
		outer loop
			vertex 0.8936524391174316 3.735262874364852 1.5989949479699135
			vertex 0.9866772294044495 3.769121143817901 1.6400000005960464
			vertex 0.8235945105552673 3.885502520799636 1.5989949479699135
		endloop
	endfacet
	facet normal -0.34795883279420875 -0.16225584119408842 0.9233621676671027
		outer loop
			vertex 0.9866772294044495 3.769121143817901 1.6400000005960464
			vertex 0.9093266725540161 3.9349999761581413 1.6400000005960464
			vertex 0.8235945105552673 3.885502520799636 1.5989949479699135
		endloop
	endfacet
	facet normal -0.3144971261264547 -0.22021324947143348 0.9233621621094472
		outer loop
			vertex 0.8235945105552673 3.885502520799636 1.5989949479699135
			vertex 0.9093266725540161 3.9349999761581413 1.6400000005960464
			vertex 0.7285121083259583 4.021294269561767 1.5989949479699135
		endloop
	endfacet
	facet normal -0.31449708811735666 -0.2202131527133048 0.9233621981312481
		outer loop
			vertex 0.9093266725540161 3.9349999761581413 1.6400000005960464
			vertex 0.8043466806411743 4.084926996231078 1.6400000005960464
			vertex 0.7285121083259583 4.021294269561767 1.5989949479699135
		endloop
	endfacet
	facet normal -0.2714795197229272 -0.2714795197229272 0.9233621936932536
		outer loop
			vertex 0.7285121083259583 4.021294269561767 1.5989949479699135
			vertex 0.8043466806411743 4.084926996231078 1.6400000005960464
			vertex 0.6112942695617676 4.1385121083259575 1.5989949479699135
		endloop
	endfacet
	facet normal -0.2714795197229272 -0.2714795197229272 0.9233621936932536
		outer loop
			vertex 0.8043466806411743 4.084926996231078 1.6400000005960464
			vertex 0.6749269962310791 4.214346680641174 1.6400000005960464
			vertex 0.6112942695617676 4.1385121083259575 1.5989949479699135
		endloop
	endfacet
	facet normal -0.2202131973222211 -0.31449705164965797 0.9233621999133369
		outer loop
			vertex 0.6112942695617676 4.1385121083259575 1.5989949479699135
			vertex 0.6749269962310791 4.214346680641174 1.6400000005960464
			vertex 0.47550252079963684 4.233594510555267 1.5989949479699135
		endloop
	endfacet
	facet normal -0.22021319994583152 -0.31449715557241975 0.923362163891544
		outer loop
			vertex 0.6749269962310791 4.214346680641174 1.6400000005960464
			vertex 0.5249999761581421 4.319326672554015 1.6400000005960464
			vertex 0.47550252079963684 4.233594510555267 1.5989949479699135
		endloop
	endfacet
	facet normal -0.1622559194923825 -0.3479587889164564 0.9233621704431444
		outer loop
			vertex 0.47550252079963684 4.233594510555267 1.5989949479699135
			vertex 0.5249999761581421 4.319326672554015 1.6400000005960464
			vertex 0.3252628743648529 4.303652439117431 1.5989949479699135
		endloop
	endfacet
	facet normal -0.16225589540612054 -0.3479589490523064 0.9233621143302191
		outer loop
			vertex 0.5249999761581421 4.319326672554015 1.6400000005960464
			vertex 0.3591211438179016 4.396677229404449 1.6400000005960464
			vertex 0.3252628743648529 4.303652439117431 1.5989949479699135
		endloop
	endfacet
	facet normal -0.09936849594796374 -0.3708480993468735 0.9233621116462659
		outer loop
			vertex 0.3252628743648529 4.303652439117431 1.5989949479699135
			vertex 0.3591211438179016 4.396677229404449 1.6400000005960464
			vertex 0.165140300989151 4.346557173728942 1.5989949479699135
		endloop
	endfacet
	facet normal -0.09936856890474625 -0.3708478819806551 0.9233621910952846
		outer loop
			vertex 0.3591211438179016 4.396677229404449 1.6400000005960464
			vertex 0.18233059346675873 4.444048199653625 1.6400000005960464
			vertex 0.165140300989151 4.346557173728942 1.5989949479699135
		endloop
	endfacet
	facet normal -0.03346162206061051 -0.3824690527535886 0.9233621952055681
		outer loop
			vertex 0.165140300989151 4.346557173728942 1.5989949479699135
			vertex 0.18233059346675873 4.444048199653625 1.6400000005960464
			vertex 5.823226442664697e-17 4.361005041599273 1.5989949479699135
		endloop
	endfacet
	facet normal -0.0334615007343138 -0.38246927570897715 0.923362107251136
		outer loop
			vertex 0.18233059346675873 4.444048199653625 1.6400000005960464
			vertex 6.429395645199886e-17 4.459999952316283 1.6400000005960464
			vertex 5.823226442664697e-17 4.361005041599273 1.5989949479699135
		endloop
	endfacet
	facet normal 0.03346164140894336 -0.38246927390660185 0.9233621028998191
		outer loop
			vertex 5.823226442664697e-17 4.361005041599273 1.5989949479699135
			vertex 6.429395645199886e-17 4.459999952316283 1.6400000005960464
			vertex -0.165140300989151 4.346557173728942 1.5989949479699135
		endloop
	endfacet
	facet normal 0.03346148321023178 -0.3824690754064562 0.9233621908542184
		outer loop
			vertex 6.429395645199886e-17 4.459999952316283 1.6400000005960464
			vertex -0.18233059346675873 4.444048199653625 1.6400000005960464
			vertex -0.165140300989151 4.346557173728942 1.5989949479699135
		endloop
	endfacet
	facet normal 0.09936844404692681 -0.37084790564965875 0.9233621950258495
		outer loop
			vertex -0.165140300989151 4.346557173728942 1.5989949479699135
			vertex -0.18233059346675873 4.444048199653625 1.6400000005960464
			vertex -0.3252628743648529 4.303652439117431 1.5989949479699135
		endloop
	endfacet
	facet normal 0.09936861591255906 -0.3708480574158859 0.9233621155768122
		outer loop
			vertex -0.18233059346675873 4.444048199653625 1.6400000005960464
			vertex -0.3591211438179016 4.396677229404449 1.6400000005960464
			vertex -0.3252628743648529 4.303652439117431 1.5989949479699135
		endloop
	endfacet
	facet normal 0.16225597934763586 -0.34795891727640493 0.9233621115541679
		outer loop
			vertex -0.3252628743648529 4.303652439117431 1.5989949479699135
			vertex -0.3591211438179016 4.396677229404449 1.6400000005960464
			vertex -0.47550252079963684 4.233594510555267 1.5989949479699135
		endloop
	endfacet
	facet normal 0.16225584119408842 -0.34795883279420875 0.9233621676671027
		outer loop
			vertex -0.3591211438179016 4.396677229404449 1.6400000005960464
			vertex -0.5249999761581421 4.319326672554015 1.6400000005960464
			vertex -0.47550252079963684 4.233594510555267 1.5989949479699135
		endloop
	endfacet
	facet normal 0.22021324947143348 -0.3144971261264547 0.9233621621094472
		outer loop
			vertex -0.47550252079963684 4.233594510555267 1.5989949479699135
			vertex -0.5249999761581421 4.319326672554015 1.6400000005960464
			vertex -0.6112942695617676 4.1385121083259575 1.5989949479699135
		endloop
	endfacet
	facet normal 0.2202131527133048 -0.31449708811735666 0.9233621981312481
		outer loop
			vertex -0.5249999761581421 4.319326672554015 1.6400000005960464
			vertex -0.6749269962310791 4.214346680641174 1.6400000005960464
			vertex -0.6112942695617676 4.1385121083259575 1.5989949479699135
		endloop
	endfacet
	facet normal 0.2714795197229272 -0.2714795197229272 0.9233621936932536
		outer loop
			vertex -0.6112942695617676 4.1385121083259575 1.5989949479699135
			vertex -0.6749269962310791 4.214346680641174 1.6400000005960464
			vertex -0.7285121083259583 4.021294269561767 1.5989949479699135
		endloop
	endfacet
	facet normal 0.2714795197229272 -0.2714795197229272 0.9233621936932536
		outer loop
			vertex -0.6749269962310791 4.214346680641174 1.6400000005960464
			vertex -0.8043466806411743 4.084926996231078 1.6400000005960464
			vertex -0.7285121083259583 4.021294269561767 1.5989949479699135
		endloop
	endfacet
	facet normal 0.31449705164965797 -0.2202131973222211 0.9233621999133369
		outer loop
			vertex -0.7285121083259583 4.021294269561767 1.5989949479699135
			vertex -0.8043466806411743 4.084926996231078 1.6400000005960464
			vertex -0.8235945105552673 3.885502520799636 1.5989949479699135
		endloop
	endfacet
	facet normal 0.31449715557241975 -0.22021319994583152 0.923362163891544
		outer loop
			vertex -0.8043466806411743 4.084926996231078 1.6400000005960464
			vertex -0.9093266725540161 3.9349999761581413 1.6400000005960464
			vertex -0.8235945105552673 3.885502520799636 1.5989949479699135
		endloop
	endfacet
	facet normal 0.3479587889164564 -0.1622559194923825 0.9233621704431444
		outer loop
			vertex -0.8235945105552673 3.885502520799636 1.5989949479699135
			vertex -0.9093266725540161 3.9349999761581413 1.6400000005960464
			vertex -0.8936524391174316 3.735262874364852 1.5989949479699135
		endloop
	endfacet
	facet normal 0.3479589490523064 -0.16225589540612054 0.9233621143302191
		outer loop
			vertex -0.9093266725540161 3.9349999761581413 1.6400000005960464
			vertex -0.9866772294044495 3.769121143817901 1.6400000005960464
			vertex -0.8936524391174316 3.735262874364852 1.5989949479699135
		endloop
	endfacet
	facet normal 0.3708480993468735 -0.09936849594796374 0.9233621116462659
		outer loop
			vertex -0.8936524391174316 3.735262874364852 1.5989949479699135
			vertex -0.9866772294044495 3.769121143817901 1.6400000005960464
			vertex -0.9365571737289429 3.5751403009891503 1.5989949479699135
		endloop
	endfacet
	facet normal 0.3708478819806551 -0.09936856890474625 0.9233621910952846
		outer loop
			vertex -0.9866772294044495 3.769121143817901 1.6400000005960464
			vertex -1.0340481996536255 3.592330593466758 1.6400000005960464
			vertex -0.9365571737289429 3.5751403009891503 1.5989949479699135
		endloop
	endfacet
	facet normal 0.38246905275358867 -0.0334616220606105 0.9233621952055681
		outer loop
			vertex -0.9365571737289429 3.5751403009891503 1.5989949479699135
			vertex -1.0340481996536255 3.592330593466758 1.6400000005960464
			vertex -0.9510050415992737 3.4099999999999993 1.5989949479699135
		endloop
	endfacet
	facet normal 0.38246927570897704 -0.03346150073431379 0.9233621072511359
		outer loop
			vertex -1.0340481996536255 3.592330593466758 1.6400000005960464
			vertex -1.0499999523162842 3.4099999999999993 1.6400000005960464
			vertex -0.9510050415992737 3.4099999999999993 1.5989949479699135
		endloop
	endfacet
	facet normal 0.38246927390660185 0.03346164140894337 0.9233621028998191
		outer loop
			vertex -0.9510050415992737 3.4099999999999993 1.5989949479699135
			vertex -1.0499999523162842 3.4099999999999993 1.6400000005960464
			vertex -0.9365571737289429 3.2448596990108483 1.5989949479699135
		endloop
	endfacet
	facet normal 0.38246907540645614 0.03346148321023179 0.9233621908542183
		outer loop
			vertex -1.0499999523162842 3.4099999999999993 1.6400000005960464
			vertex -1.0340481996536255 3.2276694065332405 1.6400000005960464
			vertex -0.9365571737289429 3.2448596990108483 1.5989949479699135
		endloop
	endfacet
	facet normal 0.37084790564965875 0.09936844404692681 0.9233621950258495
		outer loop
			vertex -0.9365571737289429 3.2448596990108483 1.5989949479699135
			vertex -1.0340481996536255 3.2276694065332405 1.6400000005960464
			vertex -0.8936524391174316 3.0847371256351463 1.5989949479699135
		endloop
	endfacet
	facet normal 0.3708480574158859 0.09936861591255906 0.9233621155768122
		outer loop
			vertex -1.0340481996536255 3.2276694065332405 1.6400000005960464
			vertex -0.9866772294044495 3.0508788561820976 1.6400000005960464
			vertex -0.8936524391174316 3.0847371256351463 1.5989949479699135
		endloop
	endfacet
	facet normal 0.34795891727640493 0.16225597934763586 0.9233621115541679
		outer loop
			vertex -0.8936524391174316 3.0847371256351463 1.5989949479699135
			vertex -0.9866772294044495 3.0508788561820976 1.6400000005960464
			vertex -0.8235945105552673 2.9344974792003624 1.5989949479699135
		endloop
	endfacet
	facet normal 0.34795883279420875 0.16225584119408842 0.9233621676671027
		outer loop
			vertex -0.9866772294044495 3.0508788561820976 1.6400000005960464
			vertex -0.9093266725540161 2.885000023841857 1.6400000005960464
			vertex -0.8235945105552673 2.9344974792003624 1.5989949479699135
		endloop
	endfacet
	facet normal 0.3144971261264547 0.22021324947143348 0.9233621621094472
		outer loop
			vertex -0.8235945105552673 2.9344974792003624 1.5989949479699135
			vertex -0.9093266725540161 2.885000023841857 1.6400000005960464
			vertex -0.7285121083259583 2.7987057304382317 1.5989949479699135
		endloop
	endfacet
	facet normal 0.31449708811735666 0.2202131527133048 0.9233621981312481
		outer loop
			vertex -0.9093266725540161 2.885000023841857 1.6400000005960464
			vertex -0.8043466806411743 2.73507300376892 1.6400000005960464
			vertex -0.7285121083259583 2.7987057304382317 1.5989949479699135
		endloop
	endfacet
	facet normal 0.2714795197229272 0.2714795197229272 0.9233621936932536
		outer loop
			vertex -0.7285121083259583 2.7987057304382317 1.5989949479699135
			vertex -0.8043466806411743 2.73507300376892 1.6400000005960464
			vertex -0.6112942695617676 2.681487891674041 1.5989949479699135
		endloop
	endfacet
	facet normal 0.2714795197229272 0.2714795197229272 0.9233621936932536
		outer loop
			vertex -0.8043466806411743 2.73507300376892 1.6400000005960464
			vertex -0.6749269962310791 2.605653319358825 1.6400000005960464
			vertex -0.6112942695617676 2.681487891674041 1.5989949479699135
		endloop
	endfacet
	facet normal 0.2202131973222211 0.31449705164965797 0.9233621999133369
		outer loop
			vertex -0.6112942695617676 2.681487891674041 1.5989949479699135
			vertex -0.6749269962310791 2.605653319358825 1.6400000005960464
			vertex -0.47550252079963684 2.586405489444732 1.5989949479699135
		endloop
	endfacet
	facet normal 0.22021319994583152 0.31449715557241975 0.923362163891544
		outer loop
			vertex -0.6749269962310791 2.605653319358825 1.6400000005960464
			vertex -0.5249999761581421 2.500673327445983 1.6400000005960464
			vertex -0.47550252079963684 2.586405489444732 1.5989949479699135
		endloop
	endfacet
	facet normal 0.1622559194923825 0.3479587889164564 0.9233621704431444
		outer loop
			vertex -0.47550252079963684 2.586405489444732 1.5989949479699135
			vertex -0.5249999761581421 2.500673327445983 1.6400000005960464
			vertex -0.3252628743648529 2.5163475608825676 1.5989949479699135
		endloop
	endfacet
	facet normal 0.16225589540612054 0.3479589490523064 0.9233621143302191
		outer loop
			vertex -0.5249999761581421 2.500673327445983 1.6400000005960464
			vertex -0.3591211438179016 2.42332277059555 1.6400000005960464
			vertex -0.3252628743648529 2.5163475608825676 1.5989949479699135
		endloop
	endfacet
	facet normal 0.09936849594796374 0.3708480993468735 0.9233621116462659
		outer loop
			vertex -0.3252628743648529 2.5163475608825676 1.5989949479699135
			vertex -0.3591211438179016 2.42332277059555 1.6400000005960464
			vertex -0.165140300989151 2.4734428262710564 1.5989949479699135
		endloop
	endfacet
	facet normal 0.09936856890474625 0.3708478819806551 0.9233621910952846
		outer loop
			vertex -0.3591211438179016 2.42332277059555 1.6400000005960464
			vertex -0.18233059346675873 2.3759518003463738 1.6400000005960464
			vertex -0.165140300989151 2.4734428262710564 1.5989949479699135
		endloop
	endfacet
	facet normal 0.033461622060610534 0.3824690527535887 0.9233621952055682
		outer loop
			vertex -0.165140300989151 2.4734428262710564 1.5989949479699135
			vertex -0.18233059346675873 2.3759518003463738 1.6400000005960464
			vertex -1.746967998973858e-16 2.4589949584007256 1.5989949479699135
		endloop
	endfacet
	facet normal 0.03346150073431383 0.38246927570897715 0.9233621072511359
		outer loop
			vertex -0.18233059346675873 2.3759518003463738 1.6400000005960464
			vertex -1.9288186935599659e-16 2.360000047683715 1.6400000005960464
			vertex -1.746967998973858e-16 2.4589949584007256 1.5989949479699135
		endloop
	endfacet
	facet normal -0.03346164140894334 0.38246927390660185 0.9233621028998191
		outer loop
			vertex -1.746967998973858e-16 2.4589949584007256 1.5989949479699135
			vertex -1.9288186935599659e-16 2.360000047683715 1.6400000005960464
			vertex 0.165140300989151 2.4734428262710564 1.5989949479699135
		endloop
	endfacet
	facet normal -0.03346148321023176 0.38246907540645625 0.9233621908542184
		outer loop
			vertex -1.9288186935599659e-16 2.360000047683715 1.6400000005960464
			vertex 0.18233059346675873 2.3759518003463738 1.6400000005960464
			vertex 0.165140300989151 2.4734428262710564 1.5989949479699135
		endloop
	endfacet
	facet normal -0.09936844404692681 0.37084790564965875 0.9233621950258495
		outer loop
			vertex 0.165140300989151 2.4734428262710564 1.5989949479699135
			vertex 0.18233059346675873 2.3759518003463738 1.6400000005960464
			vertex 0.3252628743648529 2.5163475608825676 1.5989949479699135
		endloop
	endfacet
	facet normal -0.09936861591255906 0.3708480574158859 0.9233621155768122
		outer loop
			vertex 0.18233059346675873 2.3759518003463738 1.6400000005960464
			vertex 0.3591211438179016 2.42332277059555 1.6400000005960464
			vertex 0.3252628743648529 2.5163475608825676 1.5989949479699135
		endloop
	endfacet
	facet normal -0.16225597934763586 0.34795891727640493 0.9233621115541679
		outer loop
			vertex 0.3252628743648529 2.5163475608825676 1.5989949479699135
			vertex 0.3591211438179016 2.42332277059555 1.6400000005960464
			vertex 0.47550252079963684 2.586405489444732 1.5989949479699135
		endloop
	endfacet
	facet normal -0.16225584119408842 0.34795883279420875 0.9233621676671027
		outer loop
			vertex 0.3591211438179016 2.42332277059555 1.6400000005960464
			vertex 0.5249999761581421 2.500673327445983 1.6400000005960464
			vertex 0.47550252079963684 2.586405489444732 1.5989949479699135
		endloop
	endfacet
	facet normal -0.22021324947143348 0.3144971261264547 0.9233621621094472
		outer loop
			vertex 0.47550252079963684 2.586405489444732 1.5989949479699135
			vertex 0.5249999761581421 2.500673327445983 1.6400000005960464
			vertex 0.6112942695617676 2.681487891674041 1.5989949479699135
		endloop
	endfacet
	facet normal -0.2202131527133048 0.31449708811735666 0.9233621981312481
		outer loop
			vertex 0.5249999761581421 2.500673327445983 1.6400000005960464
			vertex 0.6749269962310791 2.605653319358825 1.6400000005960464
			vertex 0.6112942695617676 2.681487891674041 1.5989949479699135
		endloop
	endfacet
	facet normal -0.2714795197229272 0.2714795197229272 0.9233621936932536
		outer loop
			vertex 0.6112942695617676 2.681487891674041 1.5989949479699135
			vertex 0.6749269962310791 2.605653319358825 1.6400000005960464
			vertex 0.7285121083259583 2.7987057304382317 1.5989949479699135
		endloop
	endfacet
	facet normal -0.2714795197229272 0.2714795197229272 0.9233621936932536
		outer loop
			vertex 0.6749269962310791 2.605653319358825 1.6400000005960464
			vertex 0.8043466806411743 2.73507300376892 1.6400000005960464
			vertex 0.7285121083259583 2.7987057304382317 1.5989949479699135
		endloop
	endfacet
	facet normal -0.31449705164965797 0.2202131973222211 0.9233621999133369
		outer loop
			vertex 0.7285121083259583 2.7987057304382317 1.5989949479699135
			vertex 0.8043466806411743 2.73507300376892 1.6400000005960464
			vertex 0.8235945105552673 2.9344974792003624 1.5989949479699135
		endloop
	endfacet
	facet normal -0.31449715557241975 0.22021319994583152 0.923362163891544
		outer loop
			vertex 0.8043466806411743 2.73507300376892 1.6400000005960464
			vertex 0.9093266725540161 2.885000023841857 1.6400000005960464
			vertex 0.8235945105552673 2.9344974792003624 1.5989949479699135
		endloop
	endfacet
	facet normal -0.3479587889164564 0.1622559194923825 0.9233621704431444
		outer loop
			vertex 0.8235945105552673 2.9344974792003624 1.5989949479699135
			vertex 0.9093266725540161 2.885000023841857 1.6400000005960464
			vertex 0.8936524391174316 3.0847371256351463 1.5989949479699135
		endloop
	endfacet
	facet normal -0.3479589490523064 0.16225589540612054 0.9233621143302191
		outer loop
			vertex 0.9093266725540161 2.885000023841857 1.6400000005960464
			vertex 0.9866772294044495 3.0508788561820976 1.6400000005960464
			vertex 0.8936524391174316 3.0847371256351463 1.5989949479699135
		endloop
	endfacet
	facet normal -0.3708480993468735 0.09936849594796374 0.9233621116462659
		outer loop
			vertex 0.8936524391174316 3.0847371256351463 1.5989949479699135
			vertex 0.9866772294044495 3.0508788561820976 1.6400000005960464
			vertex 0.9365571737289429 3.2448596990108483 1.5989949479699135
		endloop
	endfacet
	facet normal -0.3708478819806551 0.09936856890474625 0.9233621910952846
		outer loop
			vertex 0.9866772294044495 3.0508788561820976 1.6400000005960464
			vertex 1.0340481996536255 3.2276694065332405 1.6400000005960464
			vertex 0.9365571737289429 3.2448596990108483 1.5989949479699135
		endloop
	endfacet
	facet normal -0.38246905275358856 0.03346162206061058 0.9233621952055681
		outer loop
			vertex 0.9365571737289429 3.2448596990108483 1.5989949479699135
			vertex 1.0340481996536255 3.2276694065332405 1.6400000005960464
			vertex 0.9510050415992737 3.409999999999999 1.5989949479699135
		endloop
	endfacet
	facet normal -0.3824692757089771 0.03346150073431387 0.9233621072511359
		outer loop
			vertex 1.0340481996536255 3.2276694065332405 1.6400000005960464
			vertex 1.0499999523162842 3.409999999999999 1.6400000005960464
			vertex 0.9510050415992737 3.409999999999999 1.5989949479699135
		endloop
	endfacet
	facet normal -0.9208763277615655 -0.08056655771047937 0.3814391416032941
		outer loop
			vertex 0.9100000262260437 3.4099999999999993 1.5
			vertex 0.9510050415992737 3.4099999999999993 1.5989949479699135
			vertex 0.8961750268936157 3.568019840717315 1.5
		endloop
	endfacet
	facet normal -0.9208760741660831 -0.08056601426065334 0.3814398686223228
		outer loop
			vertex 0.9510050415992737 3.4099999999999993 1.5989949479699135
			vertex 0.9365571737289429 3.5751403009891503 1.5989949479699135
			vertex 0.8961750268936157 3.568019840717315 1.5
		endloop
	endfacet
	facet normal -0.8928957600349426 -0.23925045429635922 0.38143987970662974
		outer loop
			vertex 0.8961750268936157 3.568019840717315 1.5
			vertex 0.9365571737289429 3.5751403009891503 1.5989949479699135
			vertex 0.8551203012466431 3.721238318681716 1.5
		endloop
	endfacet
	facet normal -0.8928958632729798 -0.23925083916529633 0.3814393966394945
		outer loop
			vertex 0.9365571737289429 3.5751403009891503 1.5989949479699135
			vertex 0.8936524391174316 3.735262874364852 1.5989949479699135
			vertex 0.8551203012466431 3.721238318681716 1.5
		endloop
	endfacet
	facet normal -0.8377853722351002 -0.39066565397320246 0.3814394013137408
		outer loop
			vertex 0.8551203012466431 3.721238318681716 1.5
			vertex 0.8936524391174316 3.735262874364852 1.5989949479699135
			vertex 0.7880831360816956 3.865000013113021 1.5
		endloop
	endfacet
	facet normal -0.8377853953993748 -0.39066591791263083 0.38143908011240113
		outer loop
			vertex 0.8936524391174316 3.735262874364852 1.5989949479699135
			vertex 0.8235945105552673 3.885502520799636 1.5989949479699135
			vertex 0.7880831360816956 3.865000013113021 1.5
		endloop
	endfacet
	facet normal -0.757219213211768 -0.530210608663955 0.3814390824275215
		outer loop
			vertex 0.7880831360816956 3.865000013113021 1.5
			vertex 0.8235945105552673 3.885502520799636 1.5989949479699135
			vertex 0.6971004605293274 3.9949367380142204 1.5
		endloop
	endfacet
	facet normal -0.7572192156065384 -0.530210581205369 0.3814391158416818
		outer loop
			vertex 0.8235945105552673 3.885502520799636 1.5989949479699135
			vertex 0.7285121083259583 4.021294269561767 1.5989949479699135
			vertex 0.6971004605293274 3.9949367380142204 1.5
		endloop
	endfacet
	facet normal -0.6536452311987222 -0.6536452311987222 0.3814391477842016
		outer loop
			vertex 0.6971004605293274 3.9949367380142204 1.5
			vertex 0.7285121083259583 4.021294269561767 1.5989949479699135
			vertex 0.5849367380142212 4.107100460529327 1.5
		endloop
	endfacet
	facet normal -0.6536452311987222 -0.6536452311987222 0.3814391477842016
		outer loop
			vertex 0.7285121083259583 4.021294269561767 1.5989949479699135
			vertex 0.6112942695617676 4.1385121083259575 1.5989949479699135
			vertex 0.5849367380142212 4.107100460529327 1.5
		endloop
	endfacet
	facet normal -0.530210600581277 -0.7572192016685076 0.38143911657792734
		outer loop
			vertex 0.5849367380142212 4.107100460529327 1.5
			vertex 0.6112942695617676 4.1385121083259575 1.5989949479699135
			vertex 0.45500001311302185 4.198083136081695 1.5
		endloop
	endfacet
	facet normal -0.5302105889395407 -0.7572192266520804 0.38143908316376124
		outer loop
			vertex 0.6112942695617676 4.1385121083259575 1.5989949479699135
			vertex 0.47550252079963684 4.233594510555267 1.5989949479699135
			vertex 0.45500001311302185 4.198083136081695 1.5
		endloop
	endfacet
	facet normal -0.39066571122104016 -0.8377854950035097 0.38143907303510877
		outer loop
			vertex 0.45500001311302185 4.198083136081695 1.5
			vertex 0.47550252079963684 4.233594510555267 1.5989949479699135
			vertex 0.3112383186817169 4.265120301246642 1.5
		endloop
	endfacet
	facet normal -0.3906658631331516 -0.8377852779244543 0.38143939423645584
		outer loop
			vertex 0.47550252079963684 4.233594510555267 1.5989949479699135
			vertex 0.3252628743648529 4.303652439117431 1.5989949479699135
			vertex 0.3112383186817169 4.265120301246642 1.5
		endloop
	endfacet
	facet normal -0.23925050702388748 -0.8928959568169573 0.38143938599565597
		outer loop
			vertex 0.3112383186817169 4.265120301246642 1.5
			vertex 0.3252628743648529 4.303652439117431 1.5989949479699135
			vertex 0.15801984071731567 4.306175026893615 1.5
		endloop
	endfacet
	facet normal -0.23925078871118544 -0.8928956749757639 0.38143986906280614
		outer loop
			vertex 0.3252628743648529 4.303652439117431 1.5989949479699135
			vertex 0.165140300989151 4.346557173728942 1.5989949479699135
			vertex 0.15801984071731567 4.306175026893615 1.5
		endloop
	endfacet
	facet normal -0.08056653098795948 -0.9208760223229726 0.38143988464132367
		outer loop
			vertex 0.15801984071731567 4.306175026893615 1.5
			vertex 0.165140300989151 4.346557173728942 1.5989949479699135
			vertex 5.572142716041371e-17 4.320000026226043 1.5
		endloop
	endfacet
	facet normal -0.08056603983079835 -0.9208763664349131 0.3814391576223057
		outer loop
			vertex 0.165140300989151 4.346557173728942 1.5989949479699135
			vertex 5.823226442664697e-17 4.361005041599273 1.5989949479699135
			vertex 5.572142716041371e-17 4.320000026226043 1.5
		endloop
	endfacet
	facet normal 0.08056655771047934 -0.9208763277615656 0.3814391416032941
		outer loop
			vertex 5.572142716041371e-17 4.320000026226043 1.5
			vertex 5.823226442664697e-17 4.361005041599273 1.5989949479699135
			vertex -0.15801984071731567 4.306175026893615 1.5
		endloop
	endfacet
	facet normal 0.08056601426065331 -0.9208760741660831 0.3814398686223228
		outer loop
			vertex 5.823226442664697e-17 4.361005041599273 1.5989949479699135
			vertex -0.165140300989151 4.346557173728942 1.5989949479699135
			vertex -0.15801984071731567 4.306175026893615 1.5
		endloop
	endfacet
	facet normal 0.23925045429635922 -0.8928957600349426 0.38143987970662974
		outer loop
			vertex -0.15801984071731567 4.306175026893615 1.5
			vertex -0.165140300989151 4.346557173728942 1.5989949479699135
			vertex -0.3112383186817169 4.265120301246642 1.5
		endloop
	endfacet
	facet normal 0.23925083916529633 -0.8928958632729798 0.3814393966394945
		outer loop
			vertex -0.165140300989151 4.346557173728942 1.5989949479699135
			vertex -0.3252628743648529 4.303652439117431 1.5989949479699135
			vertex -0.3112383186817169 4.265120301246642 1.5
		endloop
	endfacet
	facet normal 0.39066565397320246 -0.8377853722351002 0.3814394013137408
		outer loop
			vertex -0.3112383186817169 4.265120301246642 1.5
			vertex -0.3252628743648529 4.303652439117431 1.5989949479699135
			vertex -0.45500001311302185 4.198083136081695 1.5
		endloop
	endfacet
	facet normal 0.39066591791263083 -0.8377853953993748 0.38143908011240113
		outer loop
			vertex -0.3252628743648529 4.303652439117431 1.5989949479699135
			vertex -0.47550252079963684 4.233594510555267 1.5989949479699135
			vertex -0.45500001311302185 4.198083136081695 1.5
		endloop
	endfacet
	facet normal 0.530210608663955 -0.757219213211768 0.3814390824275215
		outer loop
			vertex -0.45500001311302185 4.198083136081695 1.5
			vertex -0.47550252079963684 4.233594510555267 1.5989949479699135
			vertex -0.5849367380142212 4.107100460529327 1.5
		endloop
	endfacet
	facet normal 0.530210581205369 -0.7572192156065384 0.3814391158416818
		outer loop
			vertex -0.47550252079963684 4.233594510555267 1.5989949479699135
			vertex -0.6112942695617676 4.1385121083259575 1.5989949479699135
			vertex -0.5849367380142212 4.107100460529327 1.5
		endloop
	endfacet
	facet normal 0.6536452311987222 -0.6536452311987222 0.3814391477842016
		outer loop
			vertex -0.5849367380142212 4.107100460529327 1.5
			vertex -0.6112942695617676 4.1385121083259575 1.5989949479699135
			vertex -0.6971004605293274 3.9949367380142204 1.5
		endloop
	endfacet
	facet normal 0.6536452311987222 -0.6536452311987222 0.3814391477842016
		outer loop
			vertex -0.6112942695617676 4.1385121083259575 1.5989949479699135
			vertex -0.7285121083259583 4.021294269561767 1.5989949479699135
			vertex -0.6971004605293274 3.9949367380142204 1.5
		endloop
	endfacet
	facet normal 0.7572192016685076 -0.530210600581277 0.38143911657792734
		outer loop
			vertex -0.6971004605293274 3.9949367380142204 1.5
			vertex -0.7285121083259583 4.021294269561767 1.5989949479699135
			vertex -0.7880831360816956 3.865000013113021 1.5
		endloop
	endfacet
	facet normal 0.7572192266520804 -0.5302105889395407 0.38143908316376124
		outer loop
			vertex -0.7285121083259583 4.021294269561767 1.5989949479699135
			vertex -0.8235945105552673 3.885502520799636 1.5989949479699135
			vertex -0.7880831360816956 3.865000013113021 1.5
		endloop
	endfacet
	facet normal 0.8377854950035097 -0.39066571122104016 0.38143907303510877
		outer loop
			vertex -0.7880831360816956 3.865000013113021 1.5
			vertex -0.8235945105552673 3.885502520799636 1.5989949479699135
			vertex -0.8551203012466431 3.721238318681716 1.5
		endloop
	endfacet
	facet normal 0.8377852779244543 -0.3906658631331516 0.38143939423645584
		outer loop
			vertex -0.8235945105552673 3.885502520799636 1.5989949479699135
			vertex -0.8936524391174316 3.735262874364852 1.5989949479699135
			vertex -0.8551203012466431 3.721238318681716 1.5
		endloop
	endfacet
	facet normal 0.8928959568169573 -0.23925050702388748 0.38143938599565597
		outer loop
			vertex -0.8551203012466431 3.721238318681716 1.5
			vertex -0.8936524391174316 3.735262874364852 1.5989949479699135
			vertex -0.8961750268936157 3.568019840717315 1.5
		endloop
	endfacet
	facet normal 0.8928956749757639 -0.23925078871118544 0.38143986906280614
		outer loop
			vertex -0.8936524391174316 3.735262874364852 1.5989949479699135
			vertex -0.9365571737289429 3.5751403009891503 1.5989949479699135
			vertex -0.8961750268936157 3.568019840717315 1.5
		endloop
	endfacet
	facet normal 0.9208760223229726 -0.08056653098795945 0.38143988464132367
		outer loop
			vertex -0.8961750268936157 3.568019840717315 1.5
			vertex -0.9365571737289429 3.5751403009891503 1.5989949479699135
			vertex -0.9100000262260437 3.4099999999999993 1.5
		endloop
	endfacet
	facet normal 0.9208763664349131 -0.08056603983079831 0.3814391576223057
		outer loop
			vertex -0.9365571737289429 3.5751403009891503 1.5989949479699135
			vertex -0.9510050415992737 3.4099999999999993 1.5989949479699135
			vertex -0.9100000262260437 3.4099999999999993 1.5
		endloop
	endfacet
	facet normal 0.9208763277615655 0.08056655771047937 0.3814391416032941
		outer loop
			vertex -0.9100000262260437 3.4099999999999993 1.5
			vertex -0.9510050415992737 3.4099999999999993 1.5989949479699135
			vertex -0.8961750268936157 3.2519801592826836 1.5
		endloop
	endfacet
	facet normal 0.9208760741660831 0.08056601426065334 0.3814398686223228
		outer loop
			vertex -0.9510050415992737 3.4099999999999993 1.5989949479699135
			vertex -0.9365571737289429 3.2448596990108483 1.5989949479699135
			vertex -0.8961750268936157 3.2519801592826836 1.5
		endloop
	endfacet
	facet normal 0.8928957600349426 0.23925045429635922 0.38143987970662974
		outer loop
			vertex -0.8961750268936157 3.2519801592826836 1.5
			vertex -0.9365571737289429 3.2448596990108483 1.5989949479699135
			vertex -0.8551203012466431 3.0987616813182823 1.5
		endloop
	endfacet
	facet normal 0.8928958632729798 0.23925083916529633 0.3814393966394945
		outer loop
			vertex -0.9365571737289429 3.2448596990108483 1.5989949479699135
			vertex -0.8936524391174316 3.0847371256351463 1.5989949479699135
			vertex -0.8551203012466431 3.0987616813182823 1.5
		endloop
	endfacet
	facet normal 0.8377853722351002 0.39066565397320246 0.3814394013137408
		outer loop
			vertex -0.8551203012466431 3.0987616813182823 1.5
			vertex -0.8936524391174316 3.0847371256351463 1.5989949479699135
			vertex -0.7880831360816956 2.9549999868869774 1.5
		endloop
	endfacet
	facet normal 0.8377853953993748 0.39066591791263083 0.38143908011240113
		outer loop
			vertex -0.8936524391174316 3.0847371256351463 1.5989949479699135
			vertex -0.8235945105552673 2.9344974792003624 1.5989949479699135
			vertex -0.7880831360816956 2.9549999868869774 1.5
		endloop
	endfacet
	facet normal 0.757219213211768 0.530210608663955 0.3814390824275215
		outer loop
			vertex -0.7880831360816956 2.9549999868869774 1.5
			vertex -0.8235945105552673 2.9344974792003624 1.5989949479699135
			vertex -0.6971004605293274 2.825063261985778 1.5
		endloop
	endfacet
	facet normal 0.7572192156065384 0.530210581205369 0.3814391158416818
		outer loop
			vertex -0.8235945105552673 2.9344974792003624 1.5989949479699135
			vertex -0.7285121083259583 2.7987057304382317 1.5989949479699135
			vertex -0.6971004605293274 2.825063261985778 1.5
		endloop
	endfacet
	facet normal 0.6536452311987222 0.6536452311987222 0.3814391477842016
		outer loop
			vertex -0.6971004605293274 2.825063261985778 1.5
			vertex -0.7285121083259583 2.7987057304382317 1.5989949479699135
			vertex -0.5849367380142212 2.712899539470672 1.5
		endloop
	endfacet
	facet normal 0.6536452311987222 0.6536452311987222 0.3814391477842016
		outer loop
			vertex -0.7285121083259583 2.7987057304382317 1.5989949479699135
			vertex -0.6112942695617676 2.681487891674041 1.5989949479699135
			vertex -0.5849367380142212 2.712899539470672 1.5
		endloop
	endfacet
	facet normal 0.530210600581277 0.7572192016685076 0.38143911657792734
		outer loop
			vertex -0.5849367380142212 2.712899539470672 1.5
			vertex -0.6112942695617676 2.681487891674041 1.5989949479699135
			vertex -0.45500001311302185 2.6219168639183037 1.5
		endloop
	endfacet
	facet normal 0.5302105889395407 0.7572192266520804 0.38143908316376124
		outer loop
			vertex -0.6112942695617676 2.681487891674041 1.5989949479699135
			vertex -0.47550252079963684 2.586405489444732 1.5989949479699135
			vertex -0.45500001311302185 2.6219168639183037 1.5
		endloop
	endfacet
	facet normal 0.39066571122104016 0.8377854950035097 0.38143907303510877
		outer loop
			vertex -0.45500001311302185 2.6219168639183037 1.5
			vertex -0.47550252079963684 2.586405489444732 1.5989949479699135
			vertex -0.3112383186817169 2.554879698753356 1.5
		endloop
	endfacet
	facet normal 0.3906658631331516 0.8377852779244543 0.38143939423645584
		outer loop
			vertex -0.47550252079963684 2.586405489444732 1.5989949479699135
			vertex -0.3252628743648529 2.5163475608825676 1.5989949479699135
			vertex -0.3112383186817169 2.554879698753356 1.5
		endloop
	endfacet
	facet normal 0.23925050702388748 0.8928959568169573 0.38143938599565597
		outer loop
			vertex -0.3112383186817169 2.554879698753356 1.5
			vertex -0.3252628743648529 2.5163475608825676 1.5989949479699135
			vertex -0.15801984071731567 2.5138249731063835 1.5
		endloop
	endfacet
	facet normal 0.23925078871118544 0.8928956749757639 0.38143986906280614
		outer loop
			vertex -0.3252628743648529 2.5163475608825676 1.5989949479699135
			vertex -0.165140300989151 2.4734428262710564 1.5989949479699135
			vertex -0.15801984071731567 2.5138249731063835 1.5
		endloop
	endfacet
	facet normal 0.08056653098795954 0.9208760223229727 0.3814398846413237
		outer loop
			vertex -0.15801984071731567 2.5138249731063835 1.5
			vertex -0.165140300989151 2.4734428262710564 1.5989949479699135
			vertex -1.6716428148124112e-16 2.4999999737739556 1.5
		endloop
	endfacet
	facet normal 0.0805660398307984 0.9208763664349131 0.3814391576223057
		outer loop
			vertex -0.165140300989151 2.4734428262710564 1.5989949479699135
			vertex -1.746967998973858e-16 2.4589949584007256 1.5989949479699135
			vertex -1.6716428148124112e-16 2.4999999737739556 1.5
		endloop
	endfacet
	facet normal -0.0805665577104793 0.9208763277615656 0.3814391416032942
		outer loop
			vertex -1.6716428148124112e-16 2.4999999737739556 1.5
			vertex -1.746967998973858e-16 2.4589949584007256 1.5989949479699135
			vertex 0.15801984071731567 2.5138249731063835 1.5
		endloop
	endfacet
	facet normal -0.08056601426065325 0.9208760741660831 0.3814398686223228
		outer loop
			vertex -1.746967998973858e-16 2.4589949584007256 1.5989949479699135
			vertex 0.165140300989151 2.4734428262710564 1.5989949479699135
			vertex 0.15801984071731567 2.5138249731063835 1.5
		endloop
	endfacet
	facet normal -0.23925045429635922 0.8928957600349426 0.38143987970662974
		outer loop
			vertex 0.15801984071731567 2.5138249731063835 1.5
			vertex 0.165140300989151 2.4734428262710564 1.5989949479699135
			vertex 0.3112383186817169 2.554879698753356 1.5
		endloop
	endfacet
	facet normal -0.23925083916529633 0.8928958632729798 0.3814393966394945
		outer loop
			vertex 0.165140300989151 2.4734428262710564 1.5989949479699135
			vertex 0.3252628743648529 2.5163475608825676 1.5989949479699135
			vertex 0.3112383186817169 2.554879698753356 1.5
		endloop
	endfacet
	facet normal -0.39066565397320246 0.8377853722351002 0.3814394013137408
		outer loop
			vertex 0.3112383186817169 2.554879698753356 1.5
			vertex 0.3252628743648529 2.5163475608825676 1.5989949479699135
			vertex 0.45500001311302185 2.6219168639183037 1.5
		endloop
	endfacet
	facet normal -0.39066591791263083 0.8377853953993748 0.38143908011240113
		outer loop
			vertex 0.3252628743648529 2.5163475608825676 1.5989949479699135
			vertex 0.47550252079963684 2.586405489444732 1.5989949479699135
			vertex 0.45500001311302185 2.6219168639183037 1.5
		endloop
	endfacet
	facet normal -0.530210608663955 0.757219213211768 0.3814390824275215
		outer loop
			vertex 0.45500001311302185 2.6219168639183037 1.5
			vertex 0.47550252079963684 2.586405489444732 1.5989949479699135
			vertex 0.5849367380142212 2.712899539470672 1.5
		endloop
	endfacet
	facet normal -0.530210581205369 0.7572192156065384 0.3814391158416818
		outer loop
			vertex 0.47550252079963684 2.586405489444732 1.5989949479699135
			vertex 0.6112942695617676 2.681487891674041 1.5989949479699135
			vertex 0.5849367380142212 2.712899539470672 1.5
		endloop
	endfacet
	facet normal -0.6536452311987222 0.6536452311987222 0.3814391477842016
		outer loop
			vertex 0.5849367380142212 2.712899539470672 1.5
			vertex 0.6112942695617676 2.681487891674041 1.5989949479699135
			vertex 0.6971004605293274 2.825063261985778 1.5
		endloop
	endfacet
	facet normal -0.6536452311987222 0.6536452311987222 0.3814391477842016
		outer loop
			vertex 0.6112942695617676 2.681487891674041 1.5989949479699135
			vertex 0.7285121083259583 2.7987057304382317 1.5989949479699135
			vertex 0.6971004605293274 2.825063261985778 1.5
		endloop
	endfacet
	facet normal -0.7572192016685076 0.530210600581277 0.38143911657792734
		outer loop
			vertex 0.6971004605293274 2.825063261985778 1.5
			vertex 0.7285121083259583 2.7987057304382317 1.5989949479699135
			vertex 0.7880831360816956 2.9549999868869774 1.5
		endloop
	endfacet
	facet normal -0.7572192266520804 0.5302105889395407 0.38143908316376124
		outer loop
			vertex 0.7285121083259583 2.7987057304382317 1.5989949479699135
			vertex 0.8235945105552673 2.9344974792003624 1.5989949479699135
			vertex 0.7880831360816956 2.9549999868869774 1.5
		endloop
	endfacet
	facet normal -0.8377854950035097 0.39066571122104016 0.38143907303510877
		outer loop
			vertex 0.7880831360816956 2.9549999868869774 1.5
			vertex 0.8235945105552673 2.9344974792003624 1.5989949479699135
			vertex 0.8551203012466431 3.0987616813182823 1.5
		endloop
	endfacet
	facet normal -0.8377852779244543 0.3906658631331516 0.38143939423645584
		outer loop
			vertex 0.8235945105552673 2.9344974792003624 1.5989949479699135
			vertex 0.8936524391174316 3.0847371256351463 1.5989949479699135
			vertex 0.8551203012466431 3.0987616813182823 1.5
		endloop
	endfacet
	facet normal -0.8928959568169573 0.23925050702388748 0.38143938599565597
		outer loop
			vertex 0.8551203012466431 3.0987616813182823 1.5
			vertex 0.8936524391174316 3.0847371256351463 1.5989949479699135
			vertex 0.8961750268936157 3.2519801592826836 1.5
		endloop
	endfacet
	facet normal -0.8928956749757639 0.23925078871118544 0.38143986906280614
		outer loop
			vertex 0.8936524391174316 3.0847371256351463 1.5989949479699135
			vertex 0.9365571737289429 3.2448596990108483 1.5989949479699135
			vertex 0.8961750268936157 3.2519801592826836 1.5
		endloop
	endfacet
	facet normal -0.9208760223229726 0.08056653098795968 0.3814398846413237
		outer loop
			vertex 0.8961750268936157 3.2519801592826836 1.5
			vertex 0.9365571737289429 3.2448596990108483 1.5989949479699135
			vertex 0.9100000262260437 3.409999999999999 1.5
		endloop
	endfacet
	facet normal -0.9208763664349131 0.08056603983079855 0.38143915762230574
		outer loop
			vertex 0.9365571737289429 3.2448596990108483 1.5989949479699135
			vertex 0.9510050415992737 3.409999999999999 1.5989949479699135
			vertex 0.9100000262260437 3.409999999999999 1.5
		endloop
	endfacet
	facet normal -0.9208763664349131 -0.08056603983079831 -0.3814391576223057
		outer loop
			vertex 0.9510050415992737 3.4099999999999993 1.4010050520300865
			vertex 0.9100000262260437 3.4099999999999993 1.5
			vertex 0.9365571737289429 3.5751403009891503 1.4010050520300865
		endloop
	endfacet
	facet normal -0.9208760223229726 -0.08056653098795945 -0.38143988464132367
		outer loop
			vertex 0.9100000262260437 3.4099999999999993 1.5
			vertex 0.8961750268936157 3.568019840717315 1.5
			vertex 0.9365571737289429 3.5751403009891503 1.4010050520300865
		endloop
	endfacet
	facet normal -0.8928956749757639 -0.23925078871118544 -0.38143986906280614
		outer loop
			vertex 0.9365571737289429 3.5751403009891503 1.4010050520300865
			vertex 0.8961750268936157 3.568019840717315 1.5
			vertex 0.8936524391174316 3.735262874364852 1.4010050520300865
		endloop
	endfacet
	facet normal -0.8928959568169573 -0.23925050702388748 -0.38143938599565597
		outer loop
			vertex 0.8961750268936157 3.568019840717315 1.5
			vertex 0.8551203012466431 3.721238318681716 1.5
			vertex 0.8936524391174316 3.735262874364852 1.4010050520300865
		endloop
	endfacet
	facet normal -0.8377852779244543 -0.3906658631331516 -0.38143939423645584
		outer loop
			vertex 0.8936524391174316 3.735262874364852 1.4010050520300865
			vertex 0.8551203012466431 3.721238318681716 1.5
			vertex 0.8235945105552673 3.885502520799636 1.4010050520300865
		endloop
	endfacet
	facet normal -0.8377854950035097 -0.39066571122104016 -0.38143907303510877
		outer loop
			vertex 0.8551203012466431 3.721238318681716 1.5
			vertex 0.7880831360816956 3.865000013113021 1.5
			vertex 0.8235945105552673 3.885502520799636 1.4010050520300865
		endloop
	endfacet
	facet normal -0.7572192266520804 -0.5302105889395407 -0.38143908316376124
		outer loop
			vertex 0.8235945105552673 3.885502520799636 1.4010050520300865
			vertex 0.7880831360816956 3.865000013113021 1.5
			vertex 0.7285121083259583 4.021294269561767 1.4010050520300865
		endloop
	endfacet
	facet normal -0.7572192016685076 -0.530210600581277 -0.38143911657792734
		outer loop
			vertex 0.7880831360816956 3.865000013113021 1.5
			vertex 0.6971004605293274 3.9949367380142204 1.5
			vertex 0.7285121083259583 4.021294269561767 1.4010050520300865
		endloop
	endfacet
	facet normal -0.6536452311987222 -0.6536452311987222 -0.3814391477842016
		outer loop
			vertex 0.7285121083259583 4.021294269561767 1.4010050520300865
			vertex 0.6971004605293274 3.9949367380142204 1.5
			vertex 0.6112942695617676 4.1385121083259575 1.4010050520300865
		endloop
	endfacet
	facet normal -0.6536452311987222 -0.6536452311987222 -0.3814391477842016
		outer loop
			vertex 0.6971004605293274 3.9949367380142204 1.5
			vertex 0.5849367380142212 4.107100460529327 1.5
			vertex 0.6112942695617676 4.1385121083259575 1.4010050520300865
		endloop
	endfacet
	facet normal -0.530210581205369 -0.7572192156065384 -0.3814391158416818
		outer loop
			vertex 0.6112942695617676 4.1385121083259575 1.4010050520300865
			vertex 0.5849367380142212 4.107100460529327 1.5
			vertex 0.47550252079963684 4.233594510555267 1.4010050520300865
		endloop
	endfacet
	facet normal -0.530210608663955 -0.757219213211768 -0.3814390824275215
		outer loop
			vertex 0.5849367380142212 4.107100460529327 1.5
			vertex 0.45500001311302185 4.198083136081695 1.5
			vertex 0.47550252079963684 4.233594510555267 1.4010050520300865
		endloop
	endfacet
	facet normal -0.39066591791263083 -0.8377853953993748 -0.38143908011240113
		outer loop
			vertex 0.47550252079963684 4.233594510555267 1.4010050520300865
			vertex 0.45500001311302185 4.198083136081695 1.5
			vertex 0.3252628743648529 4.303652439117431 1.4010050520300865
		endloop
	endfacet
	facet normal -0.39066565397320246 -0.8377853722351002 -0.3814394013137408
		outer loop
			vertex 0.45500001311302185 4.198083136081695 1.5
			vertex 0.3112383186817169 4.265120301246642 1.5
			vertex 0.3252628743648529 4.303652439117431 1.4010050520300865
		endloop
	endfacet
	facet normal -0.23925083916529633 -0.8928958632729798 -0.3814393966394945
		outer loop
			vertex 0.3252628743648529 4.303652439117431 1.4010050520300865
			vertex 0.3112383186817169 4.265120301246642 1.5
			vertex 0.165140300989151 4.346557173728942 1.4010050520300865
		endloop
	endfacet
	facet normal -0.23925045429635922 -0.8928957600349426 -0.38143987970662974
		outer loop
			vertex 0.3112383186817169 4.265120301246642 1.5
			vertex 0.15801984071731567 4.306175026893615 1.5
			vertex 0.165140300989151 4.346557173728942 1.4010050520300865
		endloop
	endfacet
	facet normal -0.08056601426065338 -0.9208760741660832 -0.38143986862232293
		outer loop
			vertex 0.165140300989151 4.346557173728942 1.4010050520300865
			vertex 0.15801984071731567 4.306175026893615 1.5
			vertex 5.823226442664697e-17 4.361005041599273 1.4010050520300865
		endloop
	endfacet
	facet normal -0.08056655771047941 -0.9208763277615656 -0.38143914160329423
		outer loop
			vertex 0.15801984071731567 4.306175026893615 1.5
			vertex 5.572142716041371e-17 4.320000026226043 1.5
			vertex 5.823226442664697e-17 4.361005041599273 1.4010050520300865
		endloop
	endfacet
	facet normal 0.08056603983079828 -0.9208763664349131 -0.3814391576223057
		outer loop
			vertex 5.823226442664697e-17 4.361005041599273 1.4010050520300865
			vertex 5.572142716041371e-17 4.320000026226043 1.5
			vertex -0.165140300989151 4.346557173728942 1.4010050520300865
		endloop
	endfacet
	facet normal 0.0805665309879594 -0.9208760223229726 -0.3814398846413236
		outer loop
			vertex 5.572142716041371e-17 4.320000026226043 1.5
			vertex -0.15801984071731567 4.306175026893615 1.5
			vertex -0.165140300989151 4.346557173728942 1.4010050520300865
		endloop
	endfacet
	facet normal 0.23925078871118544 -0.8928956749757639 -0.38143986906280614
		outer loop
			vertex -0.165140300989151 4.346557173728942 1.4010050520300865
			vertex -0.15801984071731567 4.306175026893615 1.5
			vertex -0.3252628743648529 4.303652439117431 1.4010050520300865
		endloop
	endfacet
	facet normal 0.23925050702388748 -0.8928959568169573 -0.38143938599565597
		outer loop
			vertex -0.15801984071731567 4.306175026893615 1.5
			vertex -0.3112383186817169 4.265120301246642 1.5
			vertex -0.3252628743648529 4.303652439117431 1.4010050520300865
		endloop
	endfacet
	facet normal 0.3906658631331516 -0.8377852779244543 -0.38143939423645584
		outer loop
			vertex -0.3252628743648529 4.303652439117431 1.4010050520300865
			vertex -0.3112383186817169 4.265120301246642 1.5
			vertex -0.47550252079963684 4.233594510555267 1.4010050520300865
		endloop
	endfacet
	facet normal 0.39066571122104016 -0.8377854950035097 -0.38143907303510877
		outer loop
			vertex -0.3112383186817169 4.265120301246642 1.5
			vertex -0.45500001311302185 4.198083136081695 1.5
			vertex -0.47550252079963684 4.233594510555267 1.4010050520300865
		endloop
	endfacet
	facet normal 0.5302105889395407 -0.7572192266520804 -0.38143908316376124
		outer loop
			vertex -0.47550252079963684 4.233594510555267 1.4010050520300865
			vertex -0.45500001311302185 4.198083136081695 1.5
			vertex -0.6112942695617676 4.1385121083259575 1.4010050520300865
		endloop
	endfacet
	facet normal 0.530210600581277 -0.7572192016685076 -0.38143911657792734
		outer loop
			vertex -0.45500001311302185 4.198083136081695 1.5
			vertex -0.5849367380142212 4.107100460529327 1.5
			vertex -0.6112942695617676 4.1385121083259575 1.4010050520300865
		endloop
	endfacet
	facet normal 0.6536452311987222 -0.6536452311987222 -0.3814391477842016
		outer loop
			vertex -0.6112942695617676 4.1385121083259575 1.4010050520300865
			vertex -0.5849367380142212 4.107100460529327 1.5
			vertex -0.7285121083259583 4.021294269561767 1.4010050520300865
		endloop
	endfacet
	facet normal 0.6536452311987222 -0.6536452311987222 -0.3814391477842016
		outer loop
			vertex -0.5849367380142212 4.107100460529327 1.5
			vertex -0.6971004605293274 3.9949367380142204 1.5
			vertex -0.7285121083259583 4.021294269561767 1.4010050520300865
		endloop
	endfacet
	facet normal 0.7572192156065384 -0.530210581205369 -0.3814391158416818
		outer loop
			vertex -0.7285121083259583 4.021294269561767 1.4010050520300865
			vertex -0.6971004605293274 3.9949367380142204 1.5
			vertex -0.8235945105552673 3.885502520799636 1.4010050520300865
		endloop
	endfacet
	facet normal 0.757219213211768 -0.530210608663955 -0.3814390824275215
		outer loop
			vertex -0.6971004605293274 3.9949367380142204 1.5
			vertex -0.7880831360816956 3.865000013113021 1.5
			vertex -0.8235945105552673 3.885502520799636 1.4010050520300865
		endloop
	endfacet
	facet normal 0.8377853953993748 -0.39066591791263083 -0.38143908011240113
		outer loop
			vertex -0.8235945105552673 3.885502520799636 1.4010050520300865
			vertex -0.7880831360816956 3.865000013113021 1.5
			vertex -0.8936524391174316 3.735262874364852 1.4010050520300865
		endloop
	endfacet
	facet normal 0.8377853722351002 -0.39066565397320246 -0.3814394013137408
		outer loop
			vertex -0.7880831360816956 3.865000013113021 1.5
			vertex -0.8551203012466431 3.721238318681716 1.5
			vertex -0.8936524391174316 3.735262874364852 1.4010050520300865
		endloop
	endfacet
	facet normal 0.8928958632729798 -0.23925083916529633 -0.3814393966394945
		outer loop
			vertex -0.8936524391174316 3.735262874364852 1.4010050520300865
			vertex -0.8551203012466431 3.721238318681716 1.5
			vertex -0.9365571737289429 3.5751403009891503 1.4010050520300865
		endloop
	endfacet
	facet normal 0.8928957600349426 -0.23925045429635922 -0.38143987970662974
		outer loop
			vertex -0.8551203012466431 3.721238318681716 1.5
			vertex -0.8961750268936157 3.568019840717315 1.5
			vertex -0.9365571737289429 3.5751403009891503 1.4010050520300865
		endloop
	endfacet
	facet normal 0.9208760741660831 -0.08056601426065334 -0.3814398686223228
		outer loop
			vertex -0.9365571737289429 3.5751403009891503 1.4010050520300865
			vertex -0.8961750268936157 3.568019840717315 1.5
			vertex -0.9510050415992737 3.4099999999999993 1.4010050520300865
		endloop
	endfacet
	facet normal 0.9208763277615655 -0.08056655771047937 -0.3814391416032941
		outer loop
			vertex -0.8961750268936157 3.568019840717315 1.5
			vertex -0.9100000262260437 3.4099999999999993 1.5
			vertex -0.9510050415992737 3.4099999999999993 1.4010050520300865
		endloop
	endfacet
	facet normal 0.9208763664349131 0.08056603983079831 -0.3814391576223057
		outer loop
			vertex -0.9510050415992737 3.4099999999999993 1.4010050520300865
			vertex -0.9100000262260437 3.4099999999999993 1.5
			vertex -0.9365571737289429 3.2448596990108483 1.4010050520300865
		endloop
	endfacet
	facet normal 0.9208760223229726 0.08056653098795945 -0.38143988464132367
		outer loop
			vertex -0.9100000262260437 3.4099999999999993 1.5
			vertex -0.8961750268936157 3.2519801592826836 1.5
			vertex -0.9365571737289429 3.2448596990108483 1.4010050520300865
		endloop
	endfacet
	facet normal 0.8928956749757639 0.23925078871118544 -0.38143986906280614
		outer loop
			vertex -0.9365571737289429 3.2448596990108483 1.4010050520300865
			vertex -0.8961750268936157 3.2519801592826836 1.5
			vertex -0.8936524391174316 3.0847371256351463 1.4010050520300865
		endloop
	endfacet
	facet normal 0.8928959568169573 0.23925050702388748 -0.38143938599565597
		outer loop
			vertex -0.8961750268936157 3.2519801592826836 1.5
			vertex -0.8551203012466431 3.0987616813182823 1.5
			vertex -0.8936524391174316 3.0847371256351463 1.4010050520300865
		endloop
	endfacet
	facet normal 0.8377852779244543 0.3906658631331516 -0.38143939423645584
		outer loop
			vertex -0.8936524391174316 3.0847371256351463 1.4010050520300865
			vertex -0.8551203012466431 3.0987616813182823 1.5
			vertex -0.8235945105552673 2.9344974792003624 1.4010050520300865
		endloop
	endfacet
	facet normal 0.8377854950035097 0.39066571122104016 -0.38143907303510877
		outer loop
			vertex -0.8551203012466431 3.0987616813182823 1.5
			vertex -0.7880831360816956 2.9549999868869774 1.5
			vertex -0.8235945105552673 2.9344974792003624 1.4010050520300865
		endloop
	endfacet
	facet normal 0.7572192266520804 0.5302105889395407 -0.38143908316376124
		outer loop
			vertex -0.8235945105552673 2.9344974792003624 1.4010050520300865
			vertex -0.7880831360816956 2.9549999868869774 1.5
			vertex -0.7285121083259583 2.7987057304382317 1.4010050520300865
		endloop
	endfacet
	facet normal 0.7572192016685076 0.530210600581277 -0.38143911657792734
		outer loop
			vertex -0.7880831360816956 2.9549999868869774 1.5
			vertex -0.6971004605293274 2.825063261985778 1.5
			vertex -0.7285121083259583 2.7987057304382317 1.4010050520300865
		endloop
	endfacet
	facet normal 0.6536452311987222 0.6536452311987222 -0.3814391477842016
		outer loop
			vertex -0.7285121083259583 2.7987057304382317 1.4010050520300865
			vertex -0.6971004605293274 2.825063261985778 1.5
			vertex -0.6112942695617676 2.681487891674041 1.4010050520300865
		endloop
	endfacet
	facet normal 0.6536452311987222 0.6536452311987222 -0.3814391477842016
		outer loop
			vertex -0.6971004605293274 2.825063261985778 1.5
			vertex -0.5849367380142212 2.712899539470672 1.5
			vertex -0.6112942695617676 2.681487891674041 1.4010050520300865
		endloop
	endfacet
	facet normal 0.530210581205369 0.7572192156065384 -0.3814391158416818
		outer loop
			vertex -0.6112942695617676 2.681487891674041 1.4010050520300865
			vertex -0.5849367380142212 2.712899539470672 1.5
			vertex -0.47550252079963684 2.586405489444732 1.4010050520300865
		endloop
	endfacet
	facet normal 0.530210608663955 0.757219213211768 -0.3814390824275215
		outer loop
			vertex -0.5849367380142212 2.712899539470672 1.5
			vertex -0.45500001311302185 2.6219168639183037 1.5
			vertex -0.47550252079963684 2.586405489444732 1.4010050520300865
		endloop
	endfacet
	facet normal 0.39066591791263083 0.8377853953993748 -0.38143908011240113
		outer loop
			vertex -0.47550252079963684 2.586405489444732 1.4010050520300865
			vertex -0.45500001311302185 2.6219168639183037 1.5
			vertex -0.3252628743648529 2.5163475608825676 1.4010050520300865
		endloop
	endfacet
	facet normal 0.39066565397320246 0.8377853722351002 -0.3814394013137408
		outer loop
			vertex -0.45500001311302185 2.6219168639183037 1.5
			vertex -0.3112383186817169 2.554879698753356 1.5
			vertex -0.3252628743648529 2.5163475608825676 1.4010050520300865
		endloop
	endfacet
	facet normal 0.23925083916529633 0.8928958632729798 -0.3814393966394945
		outer loop
			vertex -0.3252628743648529 2.5163475608825676 1.4010050520300865
			vertex -0.3112383186817169 2.554879698753356 1.5
			vertex -0.165140300989151 2.4734428262710564 1.4010050520300865
		endloop
	endfacet
	facet normal 0.23925045429635922 0.8928957600349426 -0.38143987970662974
		outer loop
			vertex -0.3112383186817169 2.554879698753356 1.5
			vertex -0.15801984071731567 2.5138249731063835 1.5
			vertex -0.165140300989151 2.4734428262710564 1.4010050520300865
		endloop
	endfacet
	facet normal 0.08056601426065343 0.9208760741660832 -0.38143986862232293
		outer loop
			vertex -0.165140300989151 2.4734428262710564 1.4010050520300865
			vertex -0.15801984071731567 2.5138249731063835 1.5
			vertex -1.746967998973858e-16 2.4589949584007256 1.4010050520300865
		endloop
	endfacet
	facet normal 0.08056655771047946 0.9208763277615656 -0.3814391416032942
		outer loop
			vertex -0.15801984071731567 2.5138249731063835 1.5
			vertex -1.6716428148124112e-16 2.4999999737739556 1.5
			vertex -1.746967998973858e-16 2.4589949584007256 1.4010050520300865
		endloop
	endfacet
	facet normal -0.08056603983079823 0.920876366434913 -0.3814391576223056
		outer loop
			vertex -1.746967998973858e-16 2.4589949584007256 1.4010050520300865
			vertex -1.6716428148124112e-16 2.4999999737739556 1.5
			vertex 0.165140300989151 2.4734428262710564 1.4010050520300865
		endloop
	endfacet
	facet normal -0.08056653098795935 0.9208760223229726 -0.3814398846413236
		outer loop
			vertex -1.6716428148124112e-16 2.4999999737739556 1.5
			vertex 0.15801984071731567 2.5138249731063835 1.5
			vertex 0.165140300989151 2.4734428262710564 1.4010050520300865
		endloop
	endfacet
	facet normal -0.23925078871118544 0.8928956749757639 -0.38143986906280614
		outer loop
			vertex 0.165140300989151 2.4734428262710564 1.4010050520300865
			vertex 0.15801984071731567 2.5138249731063835 1.5
			vertex 0.3252628743648529 2.5163475608825676 1.4010050520300865
		endloop
	endfacet
	facet normal -0.23925050702388748 0.8928959568169573 -0.38143938599565597
		outer loop
			vertex 0.15801984071731567 2.5138249731063835 1.5
			vertex 0.3112383186817169 2.554879698753356 1.5
			vertex 0.3252628743648529 2.5163475608825676 1.4010050520300865
		endloop
	endfacet
	facet normal -0.3906658631331516 0.8377852779244543 -0.38143939423645584
		outer loop
			vertex 0.3252628743648529 2.5163475608825676 1.4010050520300865
			vertex 0.3112383186817169 2.554879698753356 1.5
			vertex 0.47550252079963684 2.586405489444732 1.4010050520300865
		endloop
	endfacet
	facet normal -0.39066571122104016 0.8377854950035097 -0.38143907303510877
		outer loop
			vertex 0.3112383186817169 2.554879698753356 1.5
			vertex 0.45500001311302185 2.6219168639183037 1.5
			vertex 0.47550252079963684 2.586405489444732 1.4010050520300865
		endloop
	endfacet
	facet normal -0.5302105889395407 0.7572192266520804 -0.38143908316376124
		outer loop
			vertex 0.47550252079963684 2.586405489444732 1.4010050520300865
			vertex 0.45500001311302185 2.6219168639183037 1.5
			vertex 0.6112942695617676 2.681487891674041 1.4010050520300865
		endloop
	endfacet
	facet normal -0.530210600581277 0.7572192016685076 -0.38143911657792734
		outer loop
			vertex 0.45500001311302185 2.6219168639183037 1.5
			vertex 0.5849367380142212 2.712899539470672 1.5
			vertex 0.6112942695617676 2.681487891674041 1.4010050520300865
		endloop
	endfacet
	facet normal -0.6536452311987222 0.6536452311987222 -0.3814391477842016
		outer loop
			vertex 0.6112942695617676 2.681487891674041 1.4010050520300865
			vertex 0.5849367380142212 2.712899539470672 1.5
			vertex 0.7285121083259583 2.7987057304382317 1.4010050520300865
		endloop
	endfacet
	facet normal -0.6536452311987222 0.6536452311987222 -0.3814391477842016
		outer loop
			vertex 0.5849367380142212 2.712899539470672 1.5
			vertex 0.6971004605293274 2.825063261985778 1.5
			vertex 0.7285121083259583 2.7987057304382317 1.4010050520300865
		endloop
	endfacet
	facet normal -0.7572192156065384 0.530210581205369 -0.3814391158416818
		outer loop
			vertex 0.7285121083259583 2.7987057304382317 1.4010050520300865
			vertex 0.6971004605293274 2.825063261985778 1.5
			vertex 0.8235945105552673 2.9344974792003624 1.4010050520300865
		endloop
	endfacet
	facet normal -0.757219213211768 0.530210608663955 -0.3814390824275215
		outer loop
			vertex 0.6971004605293274 2.825063261985778 1.5
			vertex 0.7880831360816956 2.9549999868869774 1.5
			vertex 0.8235945105552673 2.9344974792003624 1.4010050520300865
		endloop
	endfacet
	facet normal -0.8377853953993748 0.39066591791263083 -0.38143908011240113
		outer loop
			vertex 0.8235945105552673 2.9344974792003624 1.4010050520300865
			vertex 0.7880831360816956 2.9549999868869774 1.5
			vertex 0.8936524391174316 3.0847371256351463 1.4010050520300865
		endloop
	endfacet
	facet normal -0.8377853722351002 0.39066565397320246 -0.3814394013137408
		outer loop
			vertex 0.7880831360816956 2.9549999868869774 1.5
			vertex 0.8551203012466431 3.0987616813182823 1.5
			vertex 0.8936524391174316 3.0847371256351463 1.4010050520300865
		endloop
	endfacet
	facet normal -0.8928958632729798 0.23925083916529633 -0.3814393966394945
		outer loop
			vertex 0.8936524391174316 3.0847371256351463 1.4010050520300865
			vertex 0.8551203012466431 3.0987616813182823 1.5
			vertex 0.9365571737289429 3.2448596990108483 1.4010050520300865
		endloop
	endfacet
	facet normal -0.8928957600349426 0.23925045429635922 -0.38143987970662974
		outer loop
			vertex 0.8551203012466431 3.0987616813182823 1.5
			vertex 0.8961750268936157 3.2519801592826836 1.5
			vertex 0.9365571737289429 3.2448596990108483 1.4010050520300865
		endloop
	endfacet
	facet normal -0.9208760741660831 0.08056601426065356 -0.3814398686223228
		outer loop
			vertex 0.9365571737289429 3.2448596990108483 1.4010050520300865
			vertex 0.8961750268936157 3.2519801592826836 1.5
			vertex 0.9510050415992737 3.409999999999999 1.4010050520300865
		endloop
	endfacet
	facet normal -0.9208763277615655 0.0805665577104796 -0.3814391416032941
		outer loop
			vertex 0.8961750268936157 3.2519801592826836 1.5
			vertex 0.9100000262260437 3.409999999999999 1.5
			vertex 0.9510050415992737 3.409999999999999 1.4010050520300865
		endloop
	endfacet
	facet normal -0.38246927570897704 -0.03346150073431379 -0.9233621072511359
		outer loop
			vertex 1.0499999523162842 3.4099999999999993 1.3599999994039536
			vertex 0.9510050415992737 3.4099999999999993 1.4010050520300865
			vertex 1.0340481996536255 3.592330593466758 1.3599999994039536
		endloop
	endfacet
	facet normal -0.38246905275358867 -0.0334616220606105 -0.9233621952055681
		outer loop
			vertex 0.9510050415992737 3.4099999999999993 1.4010050520300865
			vertex 0.9365571737289429 3.5751403009891503 1.4010050520300865
			vertex 1.0340481996536255 3.592330593466758 1.3599999994039536
		endloop
	endfacet
	facet normal -0.3708478819806551 -0.09936856890474625 -0.9233621910952846
		outer loop
			vertex 1.0340481996536255 3.592330593466758 1.3599999994039536
			vertex 0.9365571737289429 3.5751403009891503 1.4010050520300865
			vertex 0.9866772294044495 3.769121143817901 1.3599999994039536
		endloop
	endfacet
	facet normal -0.3708480993468735 -0.09936849594796374 -0.9233621116462659
		outer loop
			vertex 0.9365571737289429 3.5751403009891503 1.4010050520300865
			vertex 0.8936524391174316 3.735262874364852 1.4010050520300865
			vertex 0.9866772294044495 3.769121143817901 1.3599999994039536
		endloop
	endfacet
	facet normal -0.3479589490523064 -0.16225589540612054 -0.9233621143302191
		outer loop
			vertex 0.9866772294044495 3.769121143817901 1.3599999994039536
			vertex 0.8936524391174316 3.735262874364852 1.4010050520300865
			vertex 0.9093266725540161 3.9349999761581413 1.3599999994039536
		endloop
	endfacet
	facet normal -0.3479587889164564 -0.1622559194923825 -0.9233621704431444
		outer loop
			vertex 0.8936524391174316 3.735262874364852 1.4010050520300865
			vertex 0.8235945105552673 3.885502520799636 1.4010050520300865
			vertex 0.9093266725540161 3.9349999761581413 1.3599999994039536
		endloop
	endfacet
	facet normal -0.31449715557241975 -0.22021319994583152 -0.923362163891544
		outer loop
			vertex 0.9093266725540161 3.9349999761581413 1.3599999994039536
			vertex 0.8235945105552673 3.885502520799636 1.4010050520300865
			vertex 0.8043466806411743 4.084926996231078 1.3599999994039536
		endloop
	endfacet
	facet normal -0.31449705164965797 -0.2202131973222211 -0.9233621999133369
		outer loop
			vertex 0.8235945105552673 3.885502520799636 1.4010050520300865
			vertex 0.7285121083259583 4.021294269561767 1.4010050520300865
			vertex 0.8043466806411743 4.084926996231078 1.3599999994039536
		endloop
	endfacet
	facet normal -0.2714795197229272 -0.2714795197229272 -0.9233621936932536
		outer loop
			vertex 0.8043466806411743 4.084926996231078 1.3599999994039536
			vertex 0.7285121083259583 4.021294269561767 1.4010050520300865
			vertex 0.6749269962310791 4.214346680641174 1.3599999994039536
		endloop
	endfacet
	facet normal -0.2714795197229272 -0.2714795197229272 -0.9233621936932536
		outer loop
			vertex 0.7285121083259583 4.021294269561767 1.4010050520300865
			vertex 0.6112942695617676 4.1385121083259575 1.4010050520300865
			vertex 0.6749269962310791 4.214346680641174 1.3599999994039536
		endloop
	endfacet
	facet normal -0.2202131527133048 -0.31449708811735666 -0.9233621981312481
		outer loop
			vertex 0.6749269962310791 4.214346680641174 1.3599999994039536
			vertex 0.6112942695617676 4.1385121083259575 1.4010050520300865
			vertex 0.5249999761581421 4.319326672554015 1.3599999994039536
		endloop
	endfacet
	facet normal -0.22021324947143348 -0.3144971261264547 -0.9233621621094472
		outer loop
			vertex 0.6112942695617676 4.1385121083259575 1.4010050520300865
			vertex 0.47550252079963684 4.233594510555267 1.4010050520300865
			vertex 0.5249999761581421 4.319326672554015 1.3599999994039536
		endloop
	endfacet
	facet normal -0.16225584119408842 -0.34795883279420875 -0.9233621676671027
		outer loop
			vertex 0.5249999761581421 4.319326672554015 1.3599999994039536
			vertex 0.47550252079963684 4.233594510555267 1.4010050520300865
			vertex 0.3591211438179016 4.396677229404449 1.3599999994039536
		endloop
	endfacet
	facet normal -0.16225597934763586 -0.34795891727640493 -0.9233621115541679
		outer loop
			vertex 0.47550252079963684 4.233594510555267 1.4010050520300865
			vertex 0.3252628743648529 4.303652439117431 1.4010050520300865
			vertex 0.3591211438179016 4.396677229404449 1.3599999994039536
		endloop
	endfacet
	facet normal -0.09936861591255906 -0.3708480574158859 -0.9233621155768122
		outer loop
			vertex 0.3591211438179016 4.396677229404449 1.3599999994039536
			vertex 0.3252628743648529 4.303652439117431 1.4010050520300865
			vertex 0.18233059346675873 4.444048199653625 1.3599999994039536
		endloop
	endfacet
	facet normal -0.09936844404692681 -0.37084790564965875 -0.9233621950258495
		outer loop
			vertex 0.3252628743648529 4.303652439117431 1.4010050520300865
			vertex 0.165140300989151 4.346557173728942 1.4010050520300865
			vertex 0.18233059346675873 4.444048199653625 1.3599999994039536
		endloop
	endfacet
	facet normal -0.033461483210231804 -0.3824690754064562 -0.9233621908542183
		outer loop
			vertex 0.18233059346675873 4.444048199653625 1.3599999994039536
			vertex 0.165140300989151 4.346557173728942 1.4010050520300865
			vertex 6.429395645199886e-17 4.459999952316283 1.3599999994039536
		endloop
	endfacet
	facet normal -0.03346164140894339 -0.38246927390660196 -0.9233621028998192
		outer loop
			vertex 0.165140300989151 4.346557173728942 1.4010050520300865
			vertex 5.823226442664697e-17 4.361005041599273 1.4010050520300865
			vertex 6.429395645199886e-17 4.459999952316283 1.3599999994039536
		endloop
	endfacet
	facet normal 0.03346150073431378 -0.38246927570897715 -0.923362107251136
		outer loop
			vertex 6.429395645199886e-17 4.459999952316283 1.3599999994039536
			vertex 5.823226442664697e-17 4.361005041599273 1.4010050520300865
			vertex -0.18233059346675873 4.444048199653625 1.3599999994039536
		endloop
	endfacet
	facet normal 0.033461622060610485 -0.38246905275358867 -0.9233621952055682
		outer loop
			vertex 5.823226442664697e-17 4.361005041599273 1.4010050520300865
			vertex -0.165140300989151 4.346557173728942 1.4010050520300865
			vertex -0.18233059346675873 4.444048199653625 1.3599999994039536
		endloop
	endfacet
	facet normal 0.09936856890474625 -0.3708478819806551 -0.9233621910952846
		outer loop
			vertex -0.18233059346675873 4.444048199653625 1.3599999994039536
			vertex -0.165140300989151 4.346557173728942 1.4010050520300865
			vertex -0.3591211438179016 4.396677229404449 1.3599999994039536
		endloop
	endfacet
	facet normal 0.09936849594796374 -0.3708480993468735 -0.9233621116462659
		outer loop
			vertex -0.165140300989151 4.346557173728942 1.4010050520300865
			vertex -0.3252628743648529 4.303652439117431 1.4010050520300865
			vertex -0.3591211438179016 4.396677229404449 1.3599999994039536
		endloop
	endfacet
	facet normal 0.16225589540612054 -0.3479589490523064 -0.9233621143302191
		outer loop
			vertex -0.3591211438179016 4.396677229404449 1.3599999994039536
			vertex -0.3252628743648529 4.303652439117431 1.4010050520300865
			vertex -0.5249999761581421 4.319326672554015 1.3599999994039536
		endloop
	endfacet
	facet normal 0.1622559194923825 -0.3479587889164564 -0.9233621704431444
		outer loop
			vertex -0.3252628743648529 4.303652439117431 1.4010050520300865
			vertex -0.47550252079963684 4.233594510555267 1.4010050520300865
			vertex -0.5249999761581421 4.319326672554015 1.3599999994039536
		endloop
	endfacet
	facet normal 0.22021319994583152 -0.31449715557241975 -0.923362163891544
		outer loop
			vertex -0.5249999761581421 4.319326672554015 1.3599999994039536
			vertex -0.47550252079963684 4.233594510555267 1.4010050520300865
			vertex -0.6749269962310791 4.214346680641174 1.3599999994039536
		endloop
	endfacet
	facet normal 0.2202131973222211 -0.31449705164965797 -0.9233621999133369
		outer loop
			vertex -0.47550252079963684 4.233594510555267 1.4010050520300865
			vertex -0.6112942695617676 4.1385121083259575 1.4010050520300865
			vertex -0.6749269962310791 4.214346680641174 1.3599999994039536
		endloop
	endfacet
	facet normal 0.2714795197229272 -0.2714795197229272 -0.9233621936932536
		outer loop
			vertex -0.6749269962310791 4.214346680641174 1.3599999994039536
			vertex -0.6112942695617676 4.1385121083259575 1.4010050520300865
			vertex -0.8043466806411743 4.084926996231078 1.3599999994039536
		endloop
	endfacet
	facet normal 0.2714795197229272 -0.2714795197229272 -0.9233621936932536
		outer loop
			vertex -0.6112942695617676 4.1385121083259575 1.4010050520300865
			vertex -0.7285121083259583 4.021294269561767 1.4010050520300865
			vertex -0.8043466806411743 4.084926996231078 1.3599999994039536
		endloop
	endfacet
	facet normal 0.31449708811735666 -0.2202131527133048 -0.9233621981312481
		outer loop
			vertex -0.8043466806411743 4.084926996231078 1.3599999994039536
			vertex -0.7285121083259583 4.021294269561767 1.4010050520300865
			vertex -0.9093266725540161 3.9349999761581413 1.3599999994039536
		endloop
	endfacet
	facet normal 0.3144971261264547 -0.22021324947143348 -0.9233621621094472
		outer loop
			vertex -0.7285121083259583 4.021294269561767 1.4010050520300865
			vertex -0.8235945105552673 3.885502520799636 1.4010050520300865
			vertex -0.9093266725540161 3.9349999761581413 1.3599999994039536
		endloop
	endfacet
	facet normal 0.34795883279420875 -0.16225584119408842 -0.9233621676671027
		outer loop
			vertex -0.9093266725540161 3.9349999761581413 1.3599999994039536
			vertex -0.8235945105552673 3.885502520799636 1.4010050520300865
			vertex -0.9866772294044495 3.769121143817901 1.3599999994039536
		endloop
	endfacet
	facet normal 0.34795891727640493 -0.16225597934763586 -0.9233621115541679
		outer loop
			vertex -0.8235945105552673 3.885502520799636 1.4010050520300865
			vertex -0.8936524391174316 3.735262874364852 1.4010050520300865
			vertex -0.9866772294044495 3.769121143817901 1.3599999994039536
		endloop
	endfacet
	facet normal 0.3708480574158859 -0.09936861591255906 -0.9233621155768122
		outer loop
			vertex -0.9866772294044495 3.769121143817901 1.3599999994039536
			vertex -0.8936524391174316 3.735262874364852 1.4010050520300865
			vertex -1.0340481996536255 3.592330593466758 1.3599999994039536
		endloop
	endfacet
	facet normal 0.37084790564965875 -0.09936844404692681 -0.9233621950258495
		outer loop
			vertex -0.8936524391174316 3.735262874364852 1.4010050520300865
			vertex -0.9365571737289429 3.5751403009891503 1.4010050520300865
			vertex -1.0340481996536255 3.592330593466758 1.3599999994039536
		endloop
	endfacet
	facet normal 0.38246907540645614 -0.03346148321023179 -0.9233621908542183
		outer loop
			vertex -1.0340481996536255 3.592330593466758 1.3599999994039536
			vertex -0.9365571737289429 3.5751403009891503 1.4010050520300865
			vertex -1.0499999523162842 3.4099999999999993 1.3599999994039536
		endloop
	endfacet
	facet normal 0.38246927390660185 -0.03346164140894337 -0.9233621028998191
		outer loop
			vertex -0.9365571737289429 3.5751403009891503 1.4010050520300865
			vertex -0.9510050415992737 3.4099999999999993 1.4010050520300865
			vertex -1.0499999523162842 3.4099999999999993 1.3599999994039536
		endloop
	endfacet
	facet normal 0.38246927570897704 0.03346150073431379 -0.9233621072511359
		outer loop
			vertex -1.0499999523162842 3.4099999999999993 1.3599999994039536
			vertex -0.9510050415992737 3.4099999999999993 1.4010050520300865
			vertex -1.0340481996536255 3.2276694065332405 1.3599999994039536
		endloop
	endfacet
	facet normal 0.38246905275358867 0.0334616220606105 -0.9233621952055681
		outer loop
			vertex -0.9510050415992737 3.4099999999999993 1.4010050520300865
			vertex -0.9365571737289429 3.2448596990108483 1.4010050520300865
			vertex -1.0340481996536255 3.2276694065332405 1.3599999994039536
		endloop
	endfacet
	facet normal 0.3708478819806551 0.09936856890474625 -0.9233621910952846
		outer loop
			vertex -1.0340481996536255 3.2276694065332405 1.3599999994039536
			vertex -0.9365571737289429 3.2448596990108483 1.4010050520300865
			vertex -0.9866772294044495 3.0508788561820976 1.3599999994039536
		endloop
	endfacet
	facet normal 0.3708480993468735 0.09936849594796374 -0.9233621116462659
		outer loop
			vertex -0.9365571737289429 3.2448596990108483 1.4010050520300865
			vertex -0.8936524391174316 3.0847371256351463 1.4010050520300865
			vertex -0.9866772294044495 3.0508788561820976 1.3599999994039536
		endloop
	endfacet
	facet normal 0.3479589490523064 0.16225589540612054 -0.9233621143302191
		outer loop
			vertex -0.9866772294044495 3.0508788561820976 1.3599999994039536
			vertex -0.8936524391174316 3.0847371256351463 1.4010050520300865
			vertex -0.9093266725540161 2.885000023841857 1.3599999994039536
		endloop
	endfacet
	facet normal 0.3479587889164564 0.1622559194923825 -0.9233621704431444
		outer loop
			vertex -0.8936524391174316 3.0847371256351463 1.4010050520300865
			vertex -0.8235945105552673 2.9344974792003624 1.4010050520300865
			vertex -0.9093266725540161 2.885000023841857 1.3599999994039536
		endloop
	endfacet
	facet normal 0.31449715557241975 0.22021319994583152 -0.923362163891544
		outer loop
			vertex -0.9093266725540161 2.885000023841857 1.3599999994039536
			vertex -0.8235945105552673 2.9344974792003624 1.4010050520300865
			vertex -0.8043466806411743 2.73507300376892 1.3599999994039536
		endloop
	endfacet
	facet normal 0.31449705164965797 0.2202131973222211 -0.9233621999133369
		outer loop
			vertex -0.8235945105552673 2.9344974792003624 1.4010050520300865
			vertex -0.7285121083259583 2.7987057304382317 1.4010050520300865
			vertex -0.8043466806411743 2.73507300376892 1.3599999994039536
		endloop
	endfacet
	facet normal 0.2714795197229272 0.2714795197229272 -0.9233621936932536
		outer loop
			vertex -0.8043466806411743 2.73507300376892 1.3599999994039536
			vertex -0.7285121083259583 2.7987057304382317 1.4010050520300865
			vertex -0.6749269962310791 2.605653319358825 1.3599999994039536
		endloop
	endfacet
	facet normal 0.2714795197229272 0.2714795197229272 -0.9233621936932536
		outer loop
			vertex -0.7285121083259583 2.7987057304382317 1.4010050520300865
			vertex -0.6112942695617676 2.681487891674041 1.4010050520300865
			vertex -0.6749269962310791 2.605653319358825 1.3599999994039536
		endloop
	endfacet
	facet normal 0.2202131527133048 0.31449708811735666 -0.9233621981312481
		outer loop
			vertex -0.6749269962310791 2.605653319358825 1.3599999994039536
			vertex -0.6112942695617676 2.681487891674041 1.4010050520300865
			vertex -0.5249999761581421 2.500673327445983 1.3599999994039536
		endloop
	endfacet
	facet normal 0.22021324947143348 0.3144971261264547 -0.9233621621094472
		outer loop
			vertex -0.6112942695617676 2.681487891674041 1.4010050520300865
			vertex -0.47550252079963684 2.586405489444732 1.4010050520300865
			vertex -0.5249999761581421 2.500673327445983 1.3599999994039536
		endloop
	endfacet
	facet normal 0.16225584119408842 0.34795883279420875 -0.9233621676671027
		outer loop
			vertex -0.5249999761581421 2.500673327445983 1.3599999994039536
			vertex -0.47550252079963684 2.586405489444732 1.4010050520300865
			vertex -0.3591211438179016 2.42332277059555 1.3599999994039536
		endloop
	endfacet
	facet normal 0.16225597934763586 0.34795891727640493 -0.9233621115541679
		outer loop
			vertex -0.47550252079963684 2.586405489444732 1.4010050520300865
			vertex -0.3252628743648529 2.5163475608825676 1.4010050520300865
			vertex -0.3591211438179016 2.42332277059555 1.3599999994039536
		endloop
	endfacet
	facet normal 0.09936861591255906 0.3708480574158859 -0.9233621155768122
		outer loop
			vertex -0.3591211438179016 2.42332277059555 1.3599999994039536
			vertex -0.3252628743648529 2.5163475608825676 1.4010050520300865
			vertex -0.18233059346675873 2.3759518003463738 1.3599999994039536
		endloop
	endfacet
	facet normal 0.09936844404692681 0.37084790564965875 -0.9233621950258495
		outer loop
			vertex -0.3252628743648529 2.5163475608825676 1.4010050520300865
			vertex -0.165140300989151 2.4734428262710564 1.4010050520300865
			vertex -0.18233059346675873 2.3759518003463738 1.3599999994039536
		endloop
	endfacet
	facet normal 0.03346148321023182 0.38246907540645614 -0.9233621908542183
		outer loop
			vertex -0.18233059346675873 2.3759518003463738 1.3599999994039536
			vertex -0.165140300989151 2.4734428262710564 1.4010050520300865
			vertex -1.9288186935599659e-16 2.360000047683715 1.3599999994039536
		endloop
	endfacet
	facet normal 0.033461641408943414 0.38246927390660196 -0.9233621028998192
		outer loop
			vertex -0.165140300989151 2.4734428262710564 1.4010050520300865
			vertex -1.746967998973858e-16 2.4589949584007256 1.4010050520300865
			vertex -1.9288186935599659e-16 2.360000047683715 1.3599999994039536
		endloop
	endfacet
	facet normal -0.03346150073431376 0.38246927570897715 -0.9233621072511359
		outer loop
			vertex -1.9288186935599659e-16 2.360000047683715 1.3599999994039536
			vertex -1.746967998973858e-16 2.4589949584007256 1.4010050520300865
			vertex 0.18233059346675873 2.3759518003463738 1.3599999994039536
		endloop
	endfacet
	facet normal -0.033461622060610464 0.38246905275358867 -0.9233621952055682
		outer loop
			vertex -1.746967998973858e-16 2.4589949584007256 1.4010050520300865
			vertex 0.165140300989151 2.4734428262710564 1.4010050520300865
			vertex 0.18233059346675873 2.3759518003463738 1.3599999994039536
		endloop
	endfacet
	facet normal -0.09936856890474625 0.3708478819806551 -0.9233621910952846
		outer loop
			vertex 0.18233059346675873 2.3759518003463738 1.3599999994039536
			vertex 0.165140300989151 2.4734428262710564 1.4010050520300865
			vertex 0.3591211438179016 2.42332277059555 1.3599999994039536
		endloop
	endfacet
	facet normal -0.09936849594796374 0.3708480993468735 -0.9233621116462659
		outer loop
			vertex 0.165140300989151 2.4734428262710564 1.4010050520300865
			vertex 0.3252628743648529 2.5163475608825676 1.4010050520300865
			vertex 0.3591211438179016 2.42332277059555 1.3599999994039536
		endloop
	endfacet
	facet normal -0.16225589540612054 0.3479589490523064 -0.9233621143302191
		outer loop
			vertex 0.3591211438179016 2.42332277059555 1.3599999994039536
			vertex 0.3252628743648529 2.5163475608825676 1.4010050520300865
			vertex 0.5249999761581421 2.500673327445983 1.3599999994039536
		endloop
	endfacet
	facet normal -0.1622559194923825 0.3479587889164564 -0.9233621704431444
		outer loop
			vertex 0.3252628743648529 2.5163475608825676 1.4010050520300865
			vertex 0.47550252079963684 2.586405489444732 1.4010050520300865
			vertex 0.5249999761581421 2.500673327445983 1.3599999994039536
		endloop
	endfacet
	facet normal -0.22021319994583152 0.31449715557241975 -0.923362163891544
		outer loop
			vertex 0.5249999761581421 2.500673327445983 1.3599999994039536
			vertex 0.47550252079963684 2.586405489444732 1.4010050520300865
			vertex 0.6749269962310791 2.605653319358825 1.3599999994039536
		endloop
	endfacet
	facet normal -0.2202131973222211 0.31449705164965797 -0.9233621999133369
		outer loop
			vertex 0.47550252079963684 2.586405489444732 1.4010050520300865
			vertex 0.6112942695617676 2.681487891674041 1.4010050520300865
			vertex 0.6749269962310791 2.605653319358825 1.3599999994039536
		endloop
	endfacet
	facet normal -0.2714795197229272 0.2714795197229272 -0.9233621936932536
		outer loop
			vertex 0.6749269962310791 2.605653319358825 1.3599999994039536
			vertex 0.6112942695617676 2.681487891674041 1.4010050520300865
			vertex 0.8043466806411743 2.73507300376892 1.3599999994039536
		endloop
	endfacet
	facet normal -0.2714795197229272 0.2714795197229272 -0.9233621936932536
		outer loop
			vertex 0.6112942695617676 2.681487891674041 1.4010050520300865
			vertex 0.7285121083259583 2.7987057304382317 1.4010050520300865
			vertex 0.8043466806411743 2.73507300376892 1.3599999994039536
		endloop
	endfacet
	facet normal -0.31449708811735666 0.2202131527133048 -0.9233621981312481
		outer loop
			vertex 0.8043466806411743 2.73507300376892 1.3599999994039536
			vertex 0.7285121083259583 2.7987057304382317 1.4010050520300865
			vertex 0.9093266725540161 2.885000023841857 1.3599999994039536
		endloop
	endfacet
	facet normal -0.3144971261264547 0.22021324947143348 -0.9233621621094472
		outer loop
			vertex 0.7285121083259583 2.7987057304382317 1.4010050520300865
			vertex 0.8235945105552673 2.9344974792003624 1.4010050520300865
			vertex 0.9093266725540161 2.885000023841857 1.3599999994039536
		endloop
	endfacet
	facet normal -0.34795883279420875 0.16225584119408842 -0.9233621676671027
		outer loop
			vertex 0.9093266725540161 2.885000023841857 1.3599999994039536
			vertex 0.8235945105552673 2.9344974792003624 1.4010050520300865
			vertex 0.9866772294044495 3.0508788561820976 1.3599999994039536
		endloop
	endfacet
	facet normal -0.34795891727640493 0.16225597934763586 -0.9233621115541679
		outer loop
			vertex 0.8235945105552673 2.9344974792003624 1.4010050520300865
			vertex 0.8936524391174316 3.0847371256351463 1.4010050520300865
			vertex 0.9866772294044495 3.0508788561820976 1.3599999994039536
		endloop
	endfacet
	facet normal -0.3708480574158859 0.09936861591255906 -0.9233621155768122
		outer loop
			vertex 0.9866772294044495 3.0508788561820976 1.3599999994039536
			vertex 0.8936524391174316 3.0847371256351463 1.4010050520300865
			vertex 1.0340481996536255 3.2276694065332405 1.3599999994039536
		endloop
	endfacet
	facet normal -0.37084790564965875 0.09936844404692681 -0.9233621950258495
		outer loop
			vertex 0.8936524391174316 3.0847371256351463 1.4010050520300865
			vertex 0.9365571737289429 3.2448596990108483 1.4010050520300865
			vertex 1.0340481996536255 3.2276694065332405 1.3599999994039536
		endloop
	endfacet
	facet normal -0.38246907540645614 0.03346148321023187 -0.9233621908542183
		outer loop
			vertex 1.0340481996536255 3.2276694065332405 1.3599999994039536
			vertex 0.9365571737289429 3.2448596990108483 1.4010050520300865
			vertex 1.0499999523162842 3.409999999999999 1.3599999994039536
		endloop
	endfacet
	facet normal -0.3824692739066019 0.03346164140894346 -0.9233621028998191
		outer loop
			vertex 0.9365571737289429 3.2448596990108483 1.4010050520300865
			vertex 0.9510050415992737 3.409999999999999 1.4010050520300865
			vertex 1.0499999523162842 3.409999999999999 1.3599999994039536
		endloop
	endfacet
	facet normal 0.38246907647442857 0.03346170951417625 -0.923362182210852
		outer loop
			vertex 1.1489949226379395 3.4099999999999993 1.4010050520300865
			vertex 1.0499999523162842 3.4099999999999993 1.3599999994039536
			vertex 1.1315391063690186 3.6095208859443657 1.4010050520300865
		endloop
	endfacet
	facet normal 0.38246946808563387 0.03346151756497719 -0.9233620269561345
		outer loop
			vertex 1.0499999523162842 3.4099999999999993 1.3599999994039536
			vertex 1.0340481996536255 3.592330593466758 1.3599999994039536
			vertex 1.1315391063690186 3.6095208859443657 1.4010050520300865
		endloop
	endfacet
	facet normal 0.37084827279445 0.09936855369840543 -0.9233620357699683
		outer loop
			vertex 1.1315391063690186 3.6095208859443657 1.4010050520300865
			vertex 1.0340481996536255 3.592330593466758 1.3599999994039536
			vertex 1.0797020196914673 3.8029794132709496 1.4010050520300865
		endloop
	endfacet
	facet normal 0.3708480574158859 0.09936861591255906 -0.9233621155768122
		outer loop
			vertex 1.0340481996536255 3.592330593466758 1.3599999994039536
			vertex 0.9866772294044495 3.769121143817901 1.3599999994039536
			vertex 1.0797020196914673 3.8029794132709496 1.4010050520300865
		endloop
	endfacet
	facet normal 0.34795898392414165 0.1622558032861529 -0.9233621173767333
		outer loop
			vertex 1.0797020196914673 3.8029794132709496 1.4010050520300865
			vertex 0.9866772294044495 3.769121143817901 1.3599999994039536
			vertex 0.9950588345527649 3.984497461318969 1.4010050520300865
		endloop
	endfacet
	facet normal 0.34795879490522363 0.16225582352616744 -0.9233621850498048
		outer loop
			vertex 0.9866772294044495 3.769121143817901 1.3599999994039536
			vertex 0.9093266725540161 3.9349999761581413 1.3599999994039536
			vertex 0.9950588345527649 3.984497461318969 1.4010050520300865
		endloop
	endfacet
	facet normal 0.3144970687089855 0.22021323532708462 -0.9233621850391285
		outer loop
			vertex 0.9950588345527649 3.984497461318969 1.4010050520300865
			vertex 0.9093266725540161 3.9349999761581413 1.3599999994039536
			vertex 0.8801811933517456 4.14855972290039 1.4010050520300865
		endloop
	endfacet
	facet normal 0.3144972208715494 0.2202132456687579 -0.9233621307461679
		outer loop
			vertex 0.9093266725540161 3.9349999761581413 1.3599999994039536
			vertex 0.8043466806411743 4.084926996231078 1.3599999994039536
			vertex 0.8801811933517456 4.14855972290039 1.4010050520300865
		endloop
	endfacet
	facet normal 0.2714796186440662 0.2714796186440662 -0.9233621355252473
		outer loop
			vertex 0.8801811933517456 4.14855972290039 1.4010050520300865
			vertex 0.8043466806411743 4.084926996231078 1.3599999994039536
			vertex 0.7385597229003906 4.290181193351745 1.4010050520300865
		endloop
	endfacet
	facet normal 0.2714796186440662 0.2714796186440662 -0.9233621355252472
		outer loop
			vertex 0.8043466806411743 4.084926996231078 1.3599999994039536
			vertex 0.6749269962310791 4.214346680641174 1.3599999994039536
			vertex 0.7385597229003906 4.290181193351745 1.4010050520300865
		endloop
	endfacet
	facet normal 0.22021330685075172 0.3144971708553603 -0.9233621331903485
		outer loop
			vertex 0.7385597229003906 4.290181193351745 1.4010050520300865
			vertex 0.6749269962310791 4.214346680641174 1.3599999994039536
			vertex 0.5744974613189697 4.405058834552764 1.4010050520300865
		endloop
	endfacet
	facet normal 0.22021316740179295 0.3144971090946992 -0.9233621874833012
		outer loop
			vertex 0.6749269962310791 4.214346680641174 1.3599999994039536
			vertex 0.5249999761581421 4.319326672554015 1.3599999994039536
			vertex 0.5744974613189697 4.405058834552764 1.4010050520300865
		endloop
	endfacet
	facet normal 0.16225573759925455 0.3479588430580158 -0.9233621820032749
		outer loop
			vertex 0.5744974613189697 4.405058834552764 1.4010050520300865
			vertex 0.5249999761581421 4.319326672554015 1.3599999994039536
			vertex 0.3929794132709503 4.4897020196914665 1.4010050520300865
		endloop
	endfacet
	facet normal 0.16225589540612054 0.3479589490523064 -0.9233621143302191
		outer loop
			vertex 0.5249999761581421 4.319326672554015 1.3599999994039536
			vertex 0.3591211438179016 4.396677229404449 1.3599999994039536
			vertex 0.3929794132709503 4.4897020196914665 1.4010050520300865
		endloop
	endfacet
	facet normal 0.09936850625767571 0.37084809574334054 -0.923362111984056
		outer loop
			vertex 0.3929794132709503 4.4897020196914665 1.4010050520300865
			vertex 0.3591211438179016 4.396677229404449 1.3599999994039536
			vertex 0.19952088594436646 4.541539106369018 1.4010050520300865
		endloop
	endfacet
	facet normal 0.09936866782609903 0.3708482511595067 -0.9233620321771965
		outer loop
			vertex 0.3591211438179016 4.396677229404449 1.3599999994039536
			vertex 0.18233059346675873 4.444048199653625 1.3599999994039536
			vertex 0.19952088594436646 4.541539106369018 1.4010050520300865
		endloop
	endfacet
	facet normal 0.033461740592352615 0.38246943169959724 -0.9233620339454711
		outer loop
			vertex 0.19952088594436646 4.541539106369018 1.4010050520300865
			vertex 0.18233059346675873 4.444048199653625 1.3599999994039536
			vertex 7.035564847735076e-17 4.558994922637939 1.4010050520300865
		endloop
	endfacet
	facet normal 0.033461483556948834 0.3824690793694766 -0.9233621892001173
		outer loop
			vertex 0.18233059346675873 4.444048199653625 1.3599999994039536
			vertex 6.429395645199886e-17 4.459999952316283 1.3599999994039536
			vertex 7.035564847735076e-17 4.558994922637939 1.4010050520300865
		endloop
	endfacet
	facet normal -0.03346170951417624 0.38246907647442857 -0.923362182210852
		outer loop
			vertex 7.035564847735076e-17 4.558994922637939 1.4010050520300865
			vertex 6.429395645199886e-17 4.459999952316283 1.3599999994039536
			vertex -0.19952088594436646 4.541539106369018 1.4010050520300865
		endloop
	endfacet
	facet normal -0.03346151756497718 0.3824694680856338 -0.9233620269561345
		outer loop
			vertex 6.429395645199886e-17 4.459999952316283 1.3599999994039536
			vertex -0.18233059346675873 4.444048199653625 1.3599999994039536
			vertex -0.19952088594436646 4.541539106369018 1.4010050520300865
		endloop
	endfacet
	facet normal -0.09936855369840543 0.37084827279445 -0.9233620357699683
		outer loop
			vertex -0.19952088594436646 4.541539106369018 1.4010050520300865
			vertex -0.18233059346675873 4.444048199653625 1.3599999994039536
			vertex -0.3929794132709503 4.4897020196914665 1.4010050520300865
		endloop
	endfacet
	facet normal -0.09936861591255906 0.3708480574158859 -0.9233621155768122
		outer loop
			vertex -0.18233059346675873 4.444048199653625 1.3599999994039536
			vertex -0.3591211438179016 4.396677229404449 1.3599999994039536
			vertex -0.3929794132709503 4.4897020196914665 1.4010050520300865
		endloop
	endfacet
	facet normal -0.1622558032861529 0.34795898392414165 -0.9233621173767333
		outer loop
			vertex -0.3929794132709503 4.4897020196914665 1.4010050520300865
			vertex -0.3591211438179016 4.396677229404449 1.3599999994039536
			vertex -0.5744974613189697 4.405058834552764 1.4010050520300865
		endloop
	endfacet
	facet normal -0.16225582352616744 0.34795879490522363 -0.9233621850498048
		outer loop
			vertex -0.3591211438179016 4.396677229404449 1.3599999994039536
			vertex -0.5249999761581421 4.319326672554015 1.3599999994039536
			vertex -0.5744974613189697 4.405058834552764 1.4010050520300865
		endloop
	endfacet
	facet normal -0.22021323532708462 0.3144970687089855 -0.9233621850391285
		outer loop
			vertex -0.5744974613189697 4.405058834552764 1.4010050520300865
			vertex -0.5249999761581421 4.319326672554015 1.3599999994039536
			vertex -0.7385597229003906 4.290181193351745 1.4010050520300865
		endloop
	endfacet
	facet normal -0.2202132456687579 0.3144972208715494 -0.9233621307461679
		outer loop
			vertex -0.5249999761581421 4.319326672554015 1.3599999994039536
			vertex -0.6749269962310791 4.214346680641174 1.3599999994039536
			vertex -0.7385597229003906 4.290181193351745 1.4010050520300865
		endloop
	endfacet
	facet normal -0.2714796186440662 0.2714796186440662 -0.9233621355252473
		outer loop
			vertex -0.7385597229003906 4.290181193351745 1.4010050520300865
			vertex -0.6749269962310791 4.214346680641174 1.3599999994039536
			vertex -0.8801811933517456 4.14855972290039 1.4010050520300865
		endloop
	endfacet
	facet normal -0.2714796186440662 0.2714796186440662 -0.9233621355252472
		outer loop
			vertex -0.6749269962310791 4.214346680641174 1.3599999994039536
			vertex -0.8043466806411743 4.084926996231078 1.3599999994039536
			vertex -0.8801811933517456 4.14855972290039 1.4010050520300865
		endloop
	endfacet
	facet normal -0.3144971708553603 0.22021330685075172 -0.9233621331903485
		outer loop
			vertex -0.8801811933517456 4.14855972290039 1.4010050520300865
			vertex -0.8043466806411743 4.084926996231078 1.3599999994039536
			vertex -0.9950588345527649 3.984497461318969 1.4010050520300865
		endloop
	endfacet
	facet normal -0.3144971090946992 0.22021316740179295 -0.9233621874833012
		outer loop
			vertex -0.8043466806411743 4.084926996231078 1.3599999994039536
			vertex -0.9093266725540161 3.9349999761581413 1.3599999994039536
			vertex -0.9950588345527649 3.984497461318969 1.4010050520300865
		endloop
	endfacet
	facet normal -0.3479588430580158 0.16225573759925455 -0.9233621820032749
		outer loop
			vertex -0.9950588345527649 3.984497461318969 1.4010050520300865
			vertex -0.9093266725540161 3.9349999761581413 1.3599999994039536
			vertex -1.0797020196914673 3.8029794132709496 1.4010050520300865
		endloop
	endfacet
	facet normal -0.3479589490523064 0.16225589540612054 -0.9233621143302191
		outer loop
			vertex -0.9093266725540161 3.9349999761581413 1.3599999994039536
			vertex -0.9866772294044495 3.769121143817901 1.3599999994039536
			vertex -1.0797020196914673 3.8029794132709496 1.4010050520300865
		endloop
	endfacet
	facet normal -0.37084809574334054 0.09936850625767571 -0.923362111984056
		outer loop
			vertex -1.0797020196914673 3.8029794132709496 1.4010050520300865
			vertex -0.9866772294044495 3.769121143817901 1.3599999994039536
			vertex -1.1315391063690186 3.6095208859443657 1.4010050520300865
		endloop
	endfacet
	facet normal -0.3708482511595067 0.09936866782609903 -0.9233620321771965
		outer loop
			vertex -0.9866772294044495 3.769121143817901 1.3599999994039536
			vertex -1.0340481996536255 3.592330593466758 1.3599999994039536
			vertex -1.1315391063690186 3.6095208859443657 1.4010050520300865
		endloop
	endfacet
	facet normal -0.38246943169959724 0.033461740592352594 -0.923362033945471
		outer loop
			vertex -1.1315391063690186 3.6095208859443657 1.4010050520300865
			vertex -1.0340481996536255 3.592330593466758 1.3599999994039536
			vertex -1.1489949226379395 3.4099999999999993 1.4010050520300865
		endloop
	endfacet
	facet normal -0.38246907936947655 0.033461483556948814 -0.9233621892001171
		outer loop
			vertex -1.0340481996536255 3.592330593466758 1.3599999994039536
			vertex -1.0499999523162842 3.4099999999999993 1.3599999994039536
			vertex -1.1489949226379395 3.4099999999999993 1.4010050520300865
		endloop
	endfacet
	facet normal -0.38246907647442857 -0.03346170951417625 -0.923362182210852
		outer loop
			vertex -1.1489949226379395 3.4099999999999993 1.4010050520300865
			vertex -1.0499999523162842 3.4099999999999993 1.3599999994039536
			vertex -1.1315391063690186 3.210479114055633 1.4010050520300865
		endloop
	endfacet
	facet normal -0.38246946808563387 -0.03346151756497719 -0.9233620269561345
		outer loop
			vertex -1.0499999523162842 3.4099999999999993 1.3599999994039536
			vertex -1.0340481996536255 3.2276694065332405 1.3599999994039536
			vertex -1.1315391063690186 3.210479114055633 1.4010050520300865
		endloop
	endfacet
	facet normal -0.37084827279445 -0.09936855369840543 -0.9233620357699683
		outer loop
			vertex -1.1315391063690186 3.210479114055633 1.4010050520300865
			vertex -1.0340481996536255 3.2276694065332405 1.3599999994039536
			vertex -1.0797020196914673 3.017020586729049 1.4010050520300865
		endloop
	endfacet
	facet normal -0.3708480574158859 -0.09936861591255906 -0.9233621155768122
		outer loop
			vertex -1.0340481996536255 3.2276694065332405 1.3599999994039536
			vertex -0.9866772294044495 3.0508788561820976 1.3599999994039536
			vertex -1.0797020196914673 3.017020586729049 1.4010050520300865
		endloop
	endfacet
	facet normal -0.34795898392414165 -0.1622558032861529 -0.9233621173767333
		outer loop
			vertex -1.0797020196914673 3.017020586729049 1.4010050520300865
			vertex -0.9866772294044495 3.0508788561820976 1.3599999994039536
			vertex -0.9950588345527649 2.8355025386810295 1.4010050520300865
		endloop
	endfacet
	facet normal -0.34795879490522363 -0.16225582352616744 -0.9233621850498048
		outer loop
			vertex -0.9866772294044495 3.0508788561820976 1.3599999994039536
			vertex -0.9093266725540161 2.885000023841857 1.3599999994039536
			vertex -0.9950588345527649 2.8355025386810295 1.4010050520300865
		endloop
	endfacet
	facet normal -0.3144970687089855 -0.22021323532708462 -0.9233621850391285
		outer loop
			vertex -0.9950588345527649 2.8355025386810295 1.4010050520300865
			vertex -0.9093266725540161 2.885000023841857 1.3599999994039536
			vertex -0.8801811933517456 2.6714402770996086 1.4010050520300865
		endloop
	endfacet
	facet normal -0.3144972208715494 -0.2202132456687579 -0.9233621307461679
		outer loop
			vertex -0.9093266725540161 2.885000023841857 1.3599999994039536
			vertex -0.8043466806411743 2.73507300376892 1.3599999994039536
			vertex -0.8801811933517456 2.6714402770996086 1.4010050520300865
		endloop
	endfacet
	facet normal -0.2714796186440662 -0.2714796186440662 -0.9233621355252473
		outer loop
			vertex -0.8801811933517456 2.6714402770996086 1.4010050520300865
			vertex -0.8043466806411743 2.73507300376892 1.3599999994039536
			vertex -0.7385597229003906 2.5298188066482536 1.4010050520300865
		endloop
	endfacet
	facet normal -0.2714796186440662 -0.2714796186440662 -0.9233621355252472
		outer loop
			vertex -0.8043466806411743 2.73507300376892 1.3599999994039536
			vertex -0.6749269962310791 2.605653319358825 1.3599999994039536
			vertex -0.7385597229003906 2.5298188066482536 1.4010050520300865
		endloop
	endfacet
	facet normal -0.22021330685075172 -0.3144971708553603 -0.9233621331903485
		outer loop
			vertex -0.7385597229003906 2.5298188066482536 1.4010050520300865
			vertex -0.6749269962310791 2.605653319358825 1.3599999994039536
			vertex -0.5744974613189697 2.4149411654472344 1.4010050520300865
		endloop
	endfacet
	facet normal -0.22021316740179295 -0.3144971090946992 -0.9233621874833012
		outer loop
			vertex -0.6749269962310791 2.605653319358825 1.3599999994039536
			vertex -0.5249999761581421 2.500673327445983 1.3599999994039536
			vertex -0.5744974613189697 2.4149411654472344 1.4010050520300865
		endloop
	endfacet
	facet normal -0.16225573759925455 -0.3479588430580158 -0.9233621820032749
		outer loop
			vertex -0.5744974613189697 2.4149411654472344 1.4010050520300865
			vertex -0.5249999761581421 2.500673327445983 1.3599999994039536
			vertex -0.3929794132709503 2.330297980308532 1.4010050520300865
		endloop
	endfacet
	facet normal -0.16225589540612054 -0.3479589490523064 -0.9233621143302191
		outer loop
			vertex -0.5249999761581421 2.500673327445983 1.3599999994039536
			vertex -0.3591211438179016 2.42332277059555 1.3599999994039536
			vertex -0.3929794132709503 2.330297980308532 1.4010050520300865
		endloop
	endfacet
	facet normal -0.09936850625767571 -0.37084809574334054 -0.923362111984056
		outer loop
			vertex -0.3929794132709503 2.330297980308532 1.4010050520300865
			vertex -0.3591211438179016 2.42332277059555 1.3599999994039536
			vertex -0.19952088594436646 2.2784608936309807 1.4010050520300865
		endloop
	endfacet
	facet normal -0.09936866782609903 -0.3708482511595067 -0.9233620321771965
		outer loop
			vertex -0.3591211438179016 2.42332277059555 1.3599999994039536
			vertex -0.18233059346675873 2.3759518003463738 1.3599999994039536
			vertex -0.19952088594436646 2.2784608936309807 1.4010050520300865
		endloop
	endfacet
	facet normal -0.033461740592352636 -0.38246943169959724 -0.923362033945471
		outer loop
			vertex -0.19952088594436646 2.2784608936309807 1.4010050520300865
			vertex -0.18233059346675873 2.3759518003463738 1.3599999994039536
			vertex -2.1106695204949717e-16 2.26100507736206 1.4010050520300865
		endloop
	endfacet
	facet normal -0.03346148355694886 -0.3824690793694767 -0.9233621892001174
		outer loop
			vertex -0.18233059346675873 2.3759518003463738 1.3599999994039536
			vertex -1.9288186935599659e-16 2.360000047683715 1.3599999994039536
			vertex -2.1106695204949717e-16 2.26100507736206 1.4010050520300865
		endloop
	endfacet
	facet normal 0.03346170951417622 -0.3824690764744286 -0.9233621822108521
		outer loop
			vertex -2.1106695204949717e-16 2.26100507736206 1.4010050520300865
			vertex -1.9288186935599659e-16 2.360000047683715 1.3599999994039536
			vertex 0.19952088594436646 2.2784608936309807 1.4010050520300865
		endloop
	endfacet
	facet normal 0.033461517564977165 -0.3824694680856339 -0.9233620269561346
		outer loop
			vertex -1.9288186935599659e-16 2.360000047683715 1.3599999994039536
			vertex 0.18233059346675873 2.3759518003463738 1.3599999994039536
			vertex 0.19952088594436646 2.2784608936309807 1.4010050520300865
		endloop
	endfacet
	facet normal 0.09936855369840543 -0.37084827279445 -0.9233620357699683
		outer loop
			vertex 0.19952088594436646 2.2784608936309807 1.4010050520300865
			vertex 0.18233059346675873 2.3759518003463738 1.3599999994039536
			vertex 0.3929794132709503 2.330297980308532 1.4010050520300865
		endloop
	endfacet
	facet normal 0.09936861591255906 -0.3708480574158859 -0.9233621155768122
		outer loop
			vertex 0.18233059346675873 2.3759518003463738 1.3599999994039536
			vertex 0.3591211438179016 2.42332277059555 1.3599999994039536
			vertex 0.3929794132709503 2.330297980308532 1.4010050520300865
		endloop
	endfacet
	facet normal 0.1622558032861529 -0.34795898392414165 -0.9233621173767333
		outer loop
			vertex 0.3929794132709503 2.330297980308532 1.4010050520300865
			vertex 0.3591211438179016 2.42332277059555 1.3599999994039536
			vertex 0.5744974613189697 2.4149411654472344 1.4010050520300865
		endloop
	endfacet
	facet normal 0.16225582352616744 -0.34795879490522363 -0.9233621850498048
		outer loop
			vertex 0.3591211438179016 2.42332277059555 1.3599999994039536
			vertex 0.5249999761581421 2.500673327445983 1.3599999994039536
			vertex 0.5744974613189697 2.4149411654472344 1.4010050520300865
		endloop
	endfacet
	facet normal 0.22021323532708462 -0.3144970687089855 -0.9233621850391285
		outer loop
			vertex 0.5744974613189697 2.4149411654472344 1.4010050520300865
			vertex 0.5249999761581421 2.500673327445983 1.3599999994039536
			vertex 0.7385597229003906 2.5298188066482536 1.4010050520300865
		endloop
	endfacet
	facet normal 0.2202132456687579 -0.3144972208715494 -0.9233621307461679
		outer loop
			vertex 0.5249999761581421 2.500673327445983 1.3599999994039536
			vertex 0.6749269962310791 2.605653319358825 1.3599999994039536
			vertex 0.7385597229003906 2.5298188066482536 1.4010050520300865
		endloop
	endfacet
	facet normal 0.2714796186440662 -0.2714796186440662 -0.9233621355252473
		outer loop
			vertex 0.7385597229003906 2.5298188066482536 1.4010050520300865
			vertex 0.6749269962310791 2.605653319358825 1.3599999994039536
			vertex 0.8801811933517456 2.6714402770996086 1.4010050520300865
		endloop
	endfacet
	facet normal 0.2714796186440662 -0.2714796186440662 -0.9233621355252472
		outer loop
			vertex 0.6749269962310791 2.605653319358825 1.3599999994039536
			vertex 0.8043466806411743 2.73507300376892 1.3599999994039536
			vertex 0.8801811933517456 2.6714402770996086 1.4010050520300865
		endloop
	endfacet
	facet normal 0.3144971708553603 -0.22021330685075172 -0.9233621331903485
		outer loop
			vertex 0.8801811933517456 2.6714402770996086 1.4010050520300865
			vertex 0.8043466806411743 2.73507300376892 1.3599999994039536
			vertex 0.9950588345527649 2.8355025386810295 1.4010050520300865
		endloop
	endfacet
	facet normal 0.3144971090946992 -0.22021316740179295 -0.9233621874833012
		outer loop
			vertex 0.8043466806411743 2.73507300376892 1.3599999994039536
			vertex 0.9093266725540161 2.885000023841857 1.3599999994039536
			vertex 0.9950588345527649 2.8355025386810295 1.4010050520300865
		endloop
	endfacet
	facet normal 0.3479588430580158 -0.16225573759925455 -0.9233621820032749
		outer loop
			vertex 0.9950588345527649 2.8355025386810295 1.4010050520300865
			vertex 0.9093266725540161 2.885000023841857 1.3599999994039536
			vertex 1.0797020196914673 3.017020586729049 1.4010050520300865
		endloop
	endfacet
	facet normal 0.3479589490523064 -0.16225589540612054 -0.9233621143302191
		outer loop
			vertex 0.9093266725540161 2.885000023841857 1.3599999994039536
			vertex 0.9866772294044495 3.0508788561820976 1.3599999994039536
			vertex 1.0797020196914673 3.017020586729049 1.4010050520300865
		endloop
	endfacet
	facet normal 0.37084809574334054 -0.09936850625767571 -0.923362111984056
		outer loop
			vertex 1.0797020196914673 3.017020586729049 1.4010050520300865
			vertex 0.9866772294044495 3.0508788561820976 1.3599999994039536
			vertex 1.1315391063690186 3.210479114055633 1.4010050520300865
		endloop
	endfacet
	facet normal 0.3708482511595067 -0.09936866782609903 -0.9233620321771965
		outer loop
			vertex 0.9866772294044495 3.0508788561820976 1.3599999994039536
			vertex 1.0340481996536255 3.2276694065332405 1.3599999994039536
			vertex 1.1315391063690186 3.210479114055633 1.4010050520300865
		endloop
	endfacet
	facet normal 0.38246943169959724 -0.03346174059235267 -0.9233620339454711
		outer loop
			vertex 1.1315391063690186 3.210479114055633 1.4010050520300865
			vertex 1.0340481996536255 3.2276694065332405 1.3599999994039536
			vertex 1.1489949226379395 3.409999999999999 1.4010050520300865
		endloop
	endfacet
	facet normal 0.38246907936947655 -0.0334614835569489 -0.9233621892001171
		outer loop
			vertex 1.0340481996536255 3.2276694065332405 1.3599999994039536
			vertex 1.0499999523162842 3.409999999999999 1.3599999994039536
			vertex 1.1489949226379395 3.409999999999999 1.4010050520300865
		endloop
	endfacet
	facet normal 0.9208759519219948 0.08056634048958886 -0.3814400948404295
		outer loop
			vertex 1.190000057220459 3.4099999999999993 1.5
			vertex 1.1489949226379395 3.4099999999999993 1.4010050520300865
			vertex 1.1719212532043457 3.61664133131504 1.5
		endloop
	endfacet
	facet normal 0.9208760579809302 0.08056621841106625 -0.38143986457689893
		outer loop
			vertex 1.1489949226379395 3.4099999999999993 1.4010050520300865
			vertex 1.1315391063690186 3.6095208859443657 1.4010050520300865
			vertex 1.1719212532043457 3.61664133131504 1.5
		endloop
	endfacet
	facet normal 0.8928957466929659 0.23925055826032493 -0.3814398457289614
		outer loop
			vertex 1.1719212532043457 3.61664133131504 1.5
			vertex 1.1315391063690186 3.6095208859443657 1.4010050520300865
			vertex 1.1182342767715454 3.8170039689540856 1.5
		endloop
	endfacet
	facet normal 0.892895489958391 0.2392507662835264 -0.3814403162287789
		outer loop
			vertex 1.1315391063690186 3.6095208859443657 1.4010050520300865
			vertex 1.0797020196914673 3.8029794132709496 1.4010050520300865
			vertex 1.1182342767715454 3.8170039689540856 1.5
		endloop
	endfacet
	facet normal 0.8377850100028592 0.39066559198775835 -0.38144026039651846
		outer loop
			vertex 1.1182342767715454 3.8170039689540856 1.5
			vertex 1.0797020196914673 3.8029794132709496 1.4010050520300865
			vertex 1.0305702686309814 4.005000028610229 1.5
		endloop
	endfacet
	facet normal 0.8377853552749008 0.39066540046897963 -0.3814396982005412
		outer loop
			vertex 1.0797020196914673 3.8029794132709496 1.4010050520300865
			vertex 0.9950588345527649 3.984497461318969 1.4010050520300865
			vertex 1.0305702686309814 4.005000028610229 1.5
		endloop
	endfacet
	facet normal 0.7572188992930443 0.5302105840133114 -0.3814397398720983
		outer loop
			vertex 1.0305702686309814 4.005000028610229 1.5
			vertex 0.9950588345527649 3.984497461318969 1.4010050520300865
			vertex 0.9115929007530212 4.174917254447936 1.5
		endloop
	endfacet
	facet normal 0.757219053905506 0.5302105307256281 -0.381439507012709
		outer loop
			vertex 0.9950588345527649 3.984497461318969 1.4010050520300865
			vertex 0.8801811933517456 4.14855972290039 1.4010050520300865
			vertex 0.9115929007530212 4.174917254447936 1.5
		endloop
	endfacet
	facet normal 0.6536451330744031 0.6536451330744031 -0.3814394840814093
		outer loop
			vertex 0.9115929007530212 4.174917254447936 1.5
			vertex 0.8801811933517456 4.14855972290039 1.4010050520300865
			vertex 0.764917254447937 4.3215929007530205 1.5
		endloop
	endfacet
	facet normal 0.6536451330744031 0.6536451330744031 -0.3814394840814093
		outer loop
			vertex 0.8801811933517456 4.14855972290039 1.4010050520300865
			vertex 0.7385597229003906 4.290181193351745 1.4010050520300865
			vertex 0.764917254447937 4.3215929007530205 1.5
		endloop
	endfacet
	facet normal 0.5302106381601174 0.7572189766226678 -0.38143951109495805
		outer loop
			vertex 0.764917254447937 4.3215929007530205 1.5
			vertex 0.7385597229003906 4.290181193351745 1.4010050520300865
			vertex 0.5950000286102295 4.440570268630981 1.5
		endloop
	endfacet
	facet normal 0.5302104746464662 0.757218973816169 -0.3814397439543462
		outer loop
			vertex 0.7385597229003906 4.290181193351745 1.4010050520300865
			vertex 0.5744974613189697 4.405058834552764 1.4010050520300865
			vertex 0.5950000286102295 4.440570268630981 1.5
		endloop
	endfacet
	facet normal 0.3906656883094385 0.8377852165653551 -0.38143970805653393
		outer loop
			vertex 0.5950000286102295 4.440570268630981 1.5
			vertex 0.5744974613189697 4.405058834552764 1.4010050520300865
			vertex 0.4070039689540863 4.528234276771545 1.5
		endloop
	endfacet
	facet normal 0.39066530070983163 0.8377851413405386 -0.3814402702525136
		outer loop
			vertex 0.5744974613189697 4.405058834552764 1.4010050520300865
			vertex 0.3929794132709503 4.4897020196914665 1.4010050520300865
			vertex 0.4070039689540863 4.528234276771545 1.5
		endloop
	endfacet
	facet normal 0.23925050889252683 0.8928955624497305 -0.38144030798048445
		outer loop
			vertex 0.4070039689540863 4.528234276771545 1.5
			vertex 0.3929794132709503 4.4897020196914665 1.4010050520300865
			vertex 0.2066413313150406 4.581921253204345 1.5
		endloop
	endfacet
	facet normal 0.23925081741320411 0.8928956807768337 -0.38143983748055044
		outer loop
			vertex 0.3929794132709503 4.4897020196914665 1.4010050520300865
			vertex 0.19952088594436646 4.541539106369018 1.4010050520300865
			vertex 0.2066413313150406 4.581921253204345 1.5
		endloop
	endfacet
	facet normal 0.08056634862557177 0.92087604491655 -0.38143986861364587
		outer loop
			vertex 0.2066413313150406 4.581921253204345 1.5
			vertex 0.19952088594436646 4.541539106369018 1.4010050520300865
			vertex 7.286648574358402e-17 4.600000057220458 1.5
		endloop
	endfacet
	facet normal 0.08056620998474225 0.9208759616676092 -0.3814400988772035
		outer loop
			vertex 0.19952088594436646 4.541539106369018 1.4010050520300865
			vertex 7.035564847735076e-17 4.558994922637939 1.4010050520300865
			vertex 7.286648574358402e-17 4.600000057220458 1.5
		endloop
	endfacet
	facet normal -0.08056634048958883 0.9208759519219948 -0.38144009484042957
		outer loop
			vertex 7.286648574358402e-17 4.600000057220458 1.5
			vertex 7.035564847735076e-17 4.558994922637939 1.4010050520300865
			vertex -0.2066413313150406 4.581921253204345 1.5
		endloop
	endfacet
	facet normal -0.0805662184110662 0.9208760579809301 -0.38143986457689893
		outer loop
			vertex 7.035564847735076e-17 4.558994922637939 1.4010050520300865
			vertex -0.19952088594436646 4.541539106369018 1.4010050520300865
			vertex -0.2066413313150406 4.581921253204345 1.5
		endloop
	endfacet
	facet normal -0.23925055826032493 0.8928957466929659 -0.3814398457289614
		outer loop
			vertex -0.2066413313150406 4.581921253204345 1.5
			vertex -0.19952088594436646 4.541539106369018 1.4010050520300865
			vertex -0.4070039689540863 4.528234276771545 1.5
		endloop
	endfacet
	facet normal -0.2392507662835264 0.892895489958391 -0.3814403162287789
		outer loop
			vertex -0.19952088594436646 4.541539106369018 1.4010050520300865
			vertex -0.3929794132709503 4.4897020196914665 1.4010050520300865
			vertex -0.4070039689540863 4.528234276771545 1.5
		endloop
	endfacet
	facet normal -0.39066559198775835 0.8377850100028592 -0.38144026039651846
		outer loop
			vertex -0.4070039689540863 4.528234276771545 1.5
			vertex -0.3929794132709503 4.4897020196914665 1.4010050520300865
			vertex -0.5950000286102295 4.440570268630981 1.5
		endloop
	endfacet
	facet normal -0.39066540046897963 0.8377853552749008 -0.3814396982005412
		outer loop
			vertex -0.3929794132709503 4.4897020196914665 1.4010050520300865
			vertex -0.5744974613189697 4.405058834552764 1.4010050520300865
			vertex -0.5950000286102295 4.440570268630981 1.5
		endloop
	endfacet
	facet normal -0.5302105840133114 0.7572188992930443 -0.3814397398720983
		outer loop
			vertex -0.5950000286102295 4.440570268630981 1.5
			vertex -0.5744974613189697 4.405058834552764 1.4010050520300865
			vertex -0.764917254447937 4.3215929007530205 1.5
		endloop
	endfacet
	facet normal -0.5302105307256281 0.757219053905506 -0.381439507012709
		outer loop
			vertex -0.5744974613189697 4.405058834552764 1.4010050520300865
			vertex -0.7385597229003906 4.290181193351745 1.4010050520300865
			vertex -0.764917254447937 4.3215929007530205 1.5
		endloop
	endfacet
	facet normal -0.6536451330744031 0.6536451330744031 -0.3814394840814093
		outer loop
			vertex -0.764917254447937 4.3215929007530205 1.5
			vertex -0.7385597229003906 4.290181193351745 1.4010050520300865
			vertex -0.9115929007530212 4.174917254447936 1.5
		endloop
	endfacet
	facet normal -0.6536451330744031 0.6536451330744031 -0.3814394840814093
		outer loop
			vertex -0.7385597229003906 4.290181193351745 1.4010050520300865
			vertex -0.8801811933517456 4.14855972290039 1.4010050520300865
			vertex -0.9115929007530212 4.174917254447936 1.5
		endloop
	endfacet
	facet normal -0.7572189766226678 0.5302106381601174 -0.38143951109495805
		outer loop
			vertex -0.9115929007530212 4.174917254447936 1.5
			vertex -0.8801811933517456 4.14855972290039 1.4010050520300865
			vertex -1.0305702686309814 4.005000028610229 1.5
		endloop
	endfacet
	facet normal -0.757218973816169 0.5302104746464662 -0.3814397439543462
		outer loop
			vertex -0.8801811933517456 4.14855972290039 1.4010050520300865
			vertex -0.9950588345527649 3.984497461318969 1.4010050520300865
			vertex -1.0305702686309814 4.005000028610229 1.5
		endloop
	endfacet
	facet normal -0.8377852165653551 0.3906656883094385 -0.38143970805653393
		outer loop
			vertex -1.0305702686309814 4.005000028610229 1.5
			vertex -0.9950588345527649 3.984497461318969 1.4010050520300865
			vertex -1.1182342767715454 3.8170039689540856 1.5
		endloop
	endfacet
	facet normal -0.8377851413405386 0.39066530070983163 -0.3814402702525136
		outer loop
			vertex -0.9950588345527649 3.984497461318969 1.4010050520300865
			vertex -1.0797020196914673 3.8029794132709496 1.4010050520300865
			vertex -1.1182342767715454 3.8170039689540856 1.5
		endloop
	endfacet
	facet normal -0.8928955624497305 0.23925050889252683 -0.38144030798048445
		outer loop
			vertex -1.1182342767715454 3.8170039689540856 1.5
			vertex -1.0797020196914673 3.8029794132709496 1.4010050520300865
			vertex -1.1719212532043457 3.61664133131504 1.5
		endloop
	endfacet
	facet normal -0.8928956807768337 0.23925081741320411 -0.38143983748055044
		outer loop
			vertex -1.0797020196914673 3.8029794132709496 1.4010050520300865
			vertex -1.1315391063690186 3.6095208859443657 1.4010050520300865
			vertex -1.1719212532043457 3.61664133131504 1.5
		endloop
	endfacet
	facet normal -0.92087604491655 0.08056634862557174 -0.3814398686136459
		outer loop
			vertex -1.1719212532043457 3.61664133131504 1.5
			vertex -1.1315391063690186 3.6095208859443657 1.4010050520300865
			vertex -1.190000057220459 3.4099999999999993 1.5
		endloop
	endfacet
	facet normal -0.9208759616676092 0.08056620998474222 -0.38144009887720354
		outer loop
			vertex -1.1315391063690186 3.6095208859443657 1.4010050520300865
			vertex -1.1489949226379395 3.4099999999999993 1.4010050520300865
			vertex -1.190000057220459 3.4099999999999993 1.5
		endloop
	endfacet
	facet normal -0.9208759519219948 -0.08056634048958886 -0.3814400948404295
		outer loop
			vertex -1.190000057220459 3.4099999999999993 1.5
			vertex -1.1489949226379395 3.4099999999999993 1.4010050520300865
			vertex -1.1719212532043457 3.2033586686849587 1.5
		endloop
	endfacet
	facet normal -0.9208760579809302 -0.08056621841106625 -0.38143986457689893
		outer loop
			vertex -1.1489949226379395 3.4099999999999993 1.4010050520300865
			vertex -1.1315391063690186 3.210479114055633 1.4010050520300865
			vertex -1.1719212532043457 3.2033586686849587 1.5
		endloop
	endfacet
	facet normal -0.8928957466929659 -0.23925055826032493 -0.3814398457289614
		outer loop
			vertex -1.1719212532043457 3.2033586686849587 1.5
			vertex -1.1315391063690186 3.210479114055633 1.4010050520300865
			vertex -1.1182342767715454 3.002996031045913 1.5
		endloop
	endfacet
	facet normal -0.892895489958391 -0.2392507662835264 -0.3814403162287789
		outer loop
			vertex -1.1315391063690186 3.210479114055633 1.4010050520300865
			vertex -1.0797020196914673 3.017020586729049 1.4010050520300865
			vertex -1.1182342767715454 3.002996031045913 1.5
		endloop
	endfacet
	facet normal -0.8377850100028592 -0.39066559198775835 -0.38144026039651846
		outer loop
			vertex -1.1182342767715454 3.002996031045913 1.5
			vertex -1.0797020196914673 3.017020586729049 1.4010050520300865
			vertex -1.0305702686309814 2.8149999713897698 1.5
		endloop
	endfacet
	facet normal -0.8377853552749008 -0.39066540046897963 -0.3814396982005412
		outer loop
			vertex -1.0797020196914673 3.017020586729049 1.4010050520300865
			vertex -0.9950588345527649 2.8355025386810295 1.4010050520300865
			vertex -1.0305702686309814 2.8149999713897698 1.5
		endloop
	endfacet
	facet normal -0.7572188992930443 -0.5302105840133114 -0.3814397398720983
		outer loop
			vertex -1.0305702686309814 2.8149999713897698 1.5
			vertex -0.9950588345527649 2.8355025386810295 1.4010050520300865
			vertex -0.9115929007530212 2.6450827455520622 1.5
		endloop
	endfacet
	facet normal -0.757219053905506 -0.5302105307256281 -0.381439507012709
		outer loop
			vertex -0.9950588345527649 2.8355025386810295 1.4010050520300865
			vertex -0.8801811933517456 2.6714402770996086 1.4010050520300865
			vertex -0.9115929007530212 2.6450827455520622 1.5
		endloop
	endfacet
	facet normal -0.6536451330744031 -0.6536451330744031 -0.3814394840814093
		outer loop
			vertex -0.9115929007530212 2.6450827455520622 1.5
			vertex -0.8801811933517456 2.6714402770996086 1.4010050520300865
			vertex -0.764917254447937 2.498407099246978 1.5
		endloop
	endfacet
	facet normal -0.6536451330744031 -0.6536451330744031 -0.3814394840814093
		outer loop
			vertex -0.8801811933517456 2.6714402770996086 1.4010050520300865
			vertex -0.7385597229003906 2.5298188066482536 1.4010050520300865
			vertex -0.764917254447937 2.498407099246978 1.5
		endloop
	endfacet
	facet normal -0.5302106381601174 -0.7572189766226678 -0.38143951109495805
		outer loop
			vertex -0.764917254447937 2.498407099246978 1.5
			vertex -0.7385597229003906 2.5298188066482536 1.4010050520300865
			vertex -0.5950000286102295 2.379429731369018 1.5
		endloop
	endfacet
	facet normal -0.5302104746464662 -0.757218973816169 -0.3814397439543462
		outer loop
			vertex -0.7385597229003906 2.5298188066482536 1.4010050520300865
			vertex -0.5744974613189697 2.4149411654472344 1.4010050520300865
			vertex -0.5950000286102295 2.379429731369018 1.5
		endloop
	endfacet
	facet normal -0.3906656883094385 -0.8377852165653551 -0.38143970805653393
		outer loop
			vertex -0.5950000286102295 2.379429731369018 1.5
			vertex -0.5744974613189697 2.4149411654472344 1.4010050520300865
			vertex -0.4070039689540863 2.291765723228454 1.5
		endloop
	endfacet
	facet normal -0.39066530070983163 -0.8377851413405386 -0.3814402702525136
		outer loop
			vertex -0.5744974613189697 2.4149411654472344 1.4010050520300865
			vertex -0.3929794132709503 2.330297980308532 1.4010050520300865
			vertex -0.4070039689540863 2.291765723228454 1.5
		endloop
	endfacet
	facet normal -0.23925050889252683 -0.8928955624497305 -0.38144030798048445
		outer loop
			vertex -0.4070039689540863 2.291765723228454 1.5
			vertex -0.3929794132709503 2.330297980308532 1.4010050520300865
			vertex -0.2066413313150406 2.2380787467956536 1.5
		endloop
	endfacet
	facet normal -0.23925081741320411 -0.8928956807768337 -0.38143983748055044
		outer loop
			vertex -0.3929794132709503 2.330297980308532 1.4010050520300865
			vertex -0.19952088594436646 2.2784608936309807 1.4010050520300865
			vertex -0.2066413313150406 2.2380787467956536 1.5
		endloop
	endfacet
	facet normal -0.08056634862557183 -0.9208760449165498 -0.3814398686136458
		outer loop
			vertex -0.2066413313150406 2.2380787467956536 1.5
			vertex -0.19952088594436646 2.2784608936309807 1.4010050520300865
			vertex -2.1859945723075205e-16 2.2199999427795403 1.5
		endloop
	endfacet
	facet normal -0.08056620998474229 -0.9208759616676091 -0.3814400988772034
		outer loop
			vertex -0.19952088594436646 2.2784608936309807 1.4010050520300865
			vertex -2.1106695204949717e-16 2.26100507736206 1.4010050520300865
			vertex -2.1859945723075205e-16 2.2199999427795403 1.5
		endloop
	endfacet
	facet normal 0.08056634048958877 -0.9208759519219949 -0.3814400948404295
		outer loop
			vertex -2.1859945723075205e-16 2.2199999427795403 1.5
			vertex -2.1106695204949717e-16 2.26100507736206 1.4010050520300865
			vertex 0.2066413313150406 2.2380787467956536 1.5
		endloop
	endfacet
	facet normal 0.08056621841106616 -0.9208760579809302 -0.38143986457689893
		outer loop
			vertex -2.1106695204949717e-16 2.26100507736206 1.4010050520300865
			vertex 0.19952088594436646 2.2784608936309807 1.4010050520300865
			vertex 0.2066413313150406 2.2380787467956536 1.5
		endloop
	endfacet
	facet normal 0.23925055826032493 -0.8928957466929659 -0.3814398457289614
		outer loop
			vertex 0.2066413313150406 2.2380787467956536 1.5
			vertex 0.19952088594436646 2.2784608936309807 1.4010050520300865
			vertex 0.4070039689540863 2.291765723228454 1.5
		endloop
	endfacet
	facet normal 0.2392507662835264 -0.892895489958391 -0.3814403162287789
		outer loop
			vertex 0.19952088594436646 2.2784608936309807 1.4010050520300865
			vertex 0.3929794132709503 2.330297980308532 1.4010050520300865
			vertex 0.4070039689540863 2.291765723228454 1.5
		endloop
	endfacet
	facet normal 0.39066559198775835 -0.8377850100028592 -0.38144026039651846
		outer loop
			vertex 0.4070039689540863 2.291765723228454 1.5
			vertex 0.3929794132709503 2.330297980308532 1.4010050520300865
			vertex 0.5950000286102295 2.379429731369018 1.5
		endloop
	endfacet
	facet normal 0.39066540046897963 -0.8377853552749008 -0.3814396982005412
		outer loop
			vertex 0.3929794132709503 2.330297980308532 1.4010050520300865
			vertex 0.5744974613189697 2.4149411654472344 1.4010050520300865
			vertex 0.5950000286102295 2.379429731369018 1.5
		endloop
	endfacet
	facet normal 0.5302105840133114 -0.7572188992930443 -0.3814397398720983
		outer loop
			vertex 0.5950000286102295 2.379429731369018 1.5
			vertex 0.5744974613189697 2.4149411654472344 1.4010050520300865
			vertex 0.764917254447937 2.498407099246978 1.5
		endloop
	endfacet
	facet normal 0.5302105307256281 -0.757219053905506 -0.381439507012709
		outer loop
			vertex 0.5744974613189697 2.4149411654472344 1.4010050520300865
			vertex 0.7385597229003906 2.5298188066482536 1.4010050520300865
			vertex 0.764917254447937 2.498407099246978 1.5
		endloop
	endfacet
	facet normal 0.6536451330744031 -0.6536451330744031 -0.3814394840814093
		outer loop
			vertex 0.764917254447937 2.498407099246978 1.5
			vertex 0.7385597229003906 2.5298188066482536 1.4010050520300865
			vertex 0.9115929007530212 2.6450827455520622 1.5
		endloop
	endfacet
	facet normal 0.6536451330744031 -0.6536451330744031 -0.3814394840814093
		outer loop
			vertex 0.7385597229003906 2.5298188066482536 1.4010050520300865
			vertex 0.8801811933517456 2.6714402770996086 1.4010050520300865
			vertex 0.9115929007530212 2.6450827455520622 1.5
		endloop
	endfacet
	facet normal 0.7572189766226678 -0.5302106381601174 -0.38143951109495805
		outer loop
			vertex 0.9115929007530212 2.6450827455520622 1.5
			vertex 0.8801811933517456 2.6714402770996086 1.4010050520300865
			vertex 1.0305702686309814 2.8149999713897698 1.5
		endloop
	endfacet
	facet normal 0.757218973816169 -0.5302104746464662 -0.3814397439543462
		outer loop
			vertex 0.8801811933517456 2.6714402770996086 1.4010050520300865
			vertex 0.9950588345527649 2.8355025386810295 1.4010050520300865
			vertex 1.0305702686309814 2.8149999713897698 1.5
		endloop
	endfacet
	facet normal 0.8377852165653551 -0.3906656883094385 -0.38143970805653393
		outer loop
			vertex 1.0305702686309814 2.8149999713897698 1.5
			vertex 0.9950588345527649 2.8355025386810295 1.4010050520300865
			vertex 1.1182342767715454 3.002996031045913 1.5
		endloop
	endfacet
	facet normal 0.8377851413405386 -0.39066530070983163 -0.3814402702525136
		outer loop
			vertex 0.9950588345527649 2.8355025386810295 1.4010050520300865
			vertex 1.0797020196914673 3.017020586729049 1.4010050520300865
			vertex 1.1182342767715454 3.002996031045913 1.5
		endloop
	endfacet
	facet normal 0.8928955624497305 -0.23925050889252683 -0.38144030798048445
		outer loop
			vertex 1.1182342767715454 3.002996031045913 1.5
			vertex 1.0797020196914673 3.017020586729049 1.4010050520300865
			vertex 1.1719212532043457 3.2033586686849587 1.5
		endloop
	endfacet
	facet normal 0.8928956807768337 -0.23925081741320411 -0.38143983748055044
		outer loop
			vertex 1.0797020196914673 3.017020586729049 1.4010050520300865
			vertex 1.1315391063690186 3.210479114055633 1.4010050520300865
			vertex 1.1719212532043457 3.2033586686849587 1.5
		endloop
	endfacet
	facet normal 0.9208760449165497 -0.08056634862557191 -0.38143986861364587
		outer loop
			vertex 1.1719212532043457 3.2033586686849587 1.5
			vertex 1.1315391063690186 3.210479114055633 1.4010050520300865
			vertex 1.190000057220459 3.409999999999999 1.5
		endloop
	endfacet
	facet normal 0.920875961667609 -0.08056620998474238 -0.3814400988772035
		outer loop
			vertex 1.1315391063690186 3.210479114055633 1.4010050520300865
			vertex 1.1489949226379395 3.409999999999999 1.4010050520300865
			vertex 1.190000057220459 3.409999999999999 1.5
		endloop
	endfacet
	facet normal 1 0 0
		outer loop
			vertex 1.6749999523162842 3.334999997615814 3.0799999982118607
			vertex 1.6749999523162842 3.2050000023841854 3.0799999982118607
			vertex 1.6749999523162842 3.334999997615814 2.9200000017881393
		endloop
	endfacet
	facet normal 1 0 0
		outer loop
			vertex 1.6749999523162842 3.2050000023841854 3.0799999982118607
			vertex 1.6749999523162842 3.2050000023841854 2.9200000017881393
			vertex 1.6749999523162842 3.334999997615814 2.9200000017881393
		endloop
	endfacet
	facet normal -1 0 0
		outer loop
			vertex -1.6749999523162842 3.334999997615814 2.9200000017881393
			vertex -1.6749999523162842 3.2050000023841854 2.9200000017881393
			vertex -1.6749999523162842 3.334999997615814 3.0799999982118607
		endloop
	endfacet
	facet normal -1 0 0
		outer loop
			vertex -1.6749999523162842 3.2050000023841854 2.9200000017881393
			vertex -1.6749999523162842 3.2050000023841854 3.0799999982118607
			vertex -1.6749999523162842 3.334999997615814 3.0799999982118607
		endloop
	endfacet
	facet normal 0 1 0
		outer loop
			vertex -1.6749999523162842 3.334999997615814 2.9200000017881393
			vertex -1.6749999523162842 3.334999997615814 3.0799999982118607
			vertex 1.6749999523162842 3.334999997615814 2.9200000017881393
		endloop
	endfacet
	facet normal 0 1 0
		outer loop
			vertex -1.6749999523162842 3.334999997615814 3.0799999982118607
			vertex 1.6749999523162842 3.334999997615814 3.0799999982118607
			vertex 1.6749999523162842 3.334999997615814 2.9200000017881393
		endloop
	endfacet
	facet normal 0 -1 0
		outer loop
			vertex -1.6749999523162842 3.2050000023841854 3.0799999982118607
			vertex -1.6749999523162842 3.2050000023841854 2.9200000017881393
			vertex 1.6749999523162842 3.2050000023841854 3.0799999982118607
		endloop
	endfacet
	facet normal 0 -1 0
		outer loop
			vertex -1.6749999523162842 3.2050000023841854 2.9200000017881393
			vertex 1.6749999523162842 3.2050000023841854 2.9200000017881393
			vertex 1.6749999523162842 3.2050000023841854 3.0799999982118607
		endloop
	endfacet
	facet normal 0 0 1
		outer loop
			vertex -1.6749999523162842 3.334999997615814 3.0799999982118607
			vertex -1.6749999523162842 3.2050000023841854 3.0799999982118607
			vertex 1.6749999523162842 3.334999997615814 3.0799999982118607
		endloop
	endfacet
	facet normal 0 0 1
		outer loop
			vertex -1.6749999523162842 3.2050000023841854 3.0799999982118607
			vertex 1.6749999523162842 3.2050000023841854 3.0799999982118607
			vertex 1.6749999523162842 3.334999997615814 3.0799999982118607
		endloop
	endfacet
	facet normal 0 0 -1
		outer loop
			vertex 1.6749999523162842 3.334999997615814 2.9200000017881393
			vertex 1.6749999523162842 3.2050000023841854 2.9200000017881393
			vertex -1.6749999523162842 3.334999997615814 2.9200000017881393
		endloop
	endfacet
	facet normal 0 0 -1
		outer loop
			vertex 1.6749999523162842 3.2050000023841854 2.9200000017881393
			vertex -1.6749999523162842 3.2050000023841854 2.9200000017881393
			vertex -1.6749999523162842 3.334999997615814 2.9200000017881393
		endloop
	endfacet
	facet normal 0.9208759616676092 0.08056620998474222 0.38144009887720354
		outer loop
			vertex 1.1489949226379395 3.9899999999999993 3.0989949479699135
			vertex 1.190000057220459 3.9899999999999993 3
			vertex 1.1315391063690186 4.189520885944366 3.0989949479699135
		endloop
	endfacet
	facet normal 0.92087604491655 0.08056634862557174 0.3814398686136459
		outer loop
			vertex 1.190000057220459 3.9899999999999993 3
			vertex 1.1719212532043457 4.19664133131504 3
			vertex 1.1315391063690186 4.189520885944366 3.0989949479699135
		endloop
	endfacet
	facet normal 0.8928956807768337 0.23925081741320411 0.38143983748055044
		outer loop
			vertex 1.1315391063690186 4.189520885944366 3.0989949479699135
			vertex 1.1719212532043457 4.19664133131504 3
			vertex 1.0797020196914673 4.38297941327095 3.0989949479699135
		endloop
	endfacet
	facet normal 0.8928955624497305 0.23925050889252683 0.38144030798048445
		outer loop
			vertex 1.1719212532043457 4.19664133131504 3
			vertex 1.1182342767715454 4.397003968954086 3
			vertex 1.0797020196914673 4.38297941327095 3.0989949479699135
		endloop
	endfacet
	facet normal 0.8377851413405386 0.39066530070983163 0.3814402702525136
		outer loop
			vertex 1.0797020196914673 4.38297941327095 3.0989949479699135
			vertex 1.1182342767715454 4.397003968954086 3
			vertex 0.9950588345527649 4.564497461318969 3.0989949479699135
		endloop
	endfacet
	facet normal 0.8377852165653551 0.3906656883094385 0.38143970805653393
		outer loop
			vertex 1.1182342767715454 4.397003968954086 3
			vertex 1.0305702686309814 4.585000028610229 3
			vertex 0.9950588345527649 4.564497461318969 3.0989949479699135
		endloop
	endfacet
	facet normal 0.757218973816169 0.5302104746464662 0.3814397439543462
		outer loop
			vertex 0.9950588345527649 4.564497461318969 3.0989949479699135
			vertex 1.0305702686309814 4.585000028610229 3
			vertex 0.8801811933517456 4.72855972290039 3.0989949479699135
		endloop
	endfacet
	facet normal 0.7572189766226678 0.5302106381601174 0.38143951109495805
		outer loop
			vertex 1.0305702686309814 4.585000028610229 3
			vertex 0.9115929007530212 4.754917254447936 3
			vertex 0.8801811933517456 4.72855972290039 3.0989949479699135
		endloop
	endfacet
	facet normal 0.6536451330744031 0.6536451330744031 0.3814394840814093
		outer loop
			vertex 0.8801811933517456 4.72855972290039 3.0989949479699135
			vertex 0.9115929007530212 4.754917254447936 3
			vertex 0.7385597229003906 4.870181193351745 3.0989949479699135
		endloop
	endfacet
	facet normal 0.6536451330744031 0.6536451330744031 0.3814394840814093
		outer loop
			vertex 0.9115929007530212 4.754917254447936 3
			vertex 0.764917254447937 4.901592900753021 3
			vertex 0.7385597229003906 4.870181193351745 3.0989949479699135
		endloop
	endfacet
	facet normal 0.5302105307256281 0.757219053905506 0.381439507012709
		outer loop
			vertex 0.7385597229003906 4.870181193351745 3.0989949479699135
			vertex 0.764917254447937 4.901592900753021 3
			vertex 0.5744974613189697 4.985058834552764 3.0989949479699135
		endloop
	endfacet
	facet normal 0.5302105840133114 0.7572188992930443 0.3814397398720983
		outer loop
			vertex 0.764917254447937 4.901592900753021 3
			vertex 0.5950000286102295 5.020570268630981 3
			vertex 0.5744974613189697 4.985058834552764 3.0989949479699135
		endloop
	endfacet
	facet normal 0.39066540046897963 0.8377853552749008 0.3814396982005412
		outer loop
			vertex 0.5744974613189697 4.985058834552764 3.0989949479699135
			vertex 0.5950000286102295 5.020570268630981 3
			vertex 0.3929794132709503 5.069702019691467 3.0989949479699135
		endloop
	endfacet
	facet normal 0.39066559198775835 0.8377850100028592 0.38144026039651846
		outer loop
			vertex 0.5950000286102295 5.020570268630981 3
			vertex 0.4070039689540863 5.108234276771545 3
			vertex 0.3929794132709503 5.069702019691467 3.0989949479699135
		endloop
	endfacet
	facet normal 0.2392507662835264 0.892895489958391 0.3814403162287789
		outer loop
			vertex 0.3929794132709503 5.069702019691467 3.0989949479699135
			vertex 0.4070039689540863 5.108234276771545 3
			vertex 0.19952088594436646 5.121539106369018 3.0989949479699135
		endloop
	endfacet
	facet normal 0.23925055826032493 0.8928957466929659 0.3814398457289614
		outer loop
			vertex 0.4070039689540863 5.108234276771545 3
			vertex 0.2066413313150406 5.161921253204345 3
			vertex 0.19952088594436646 5.121539106369018 3.0989949479699135
		endloop
	endfacet
	facet normal 0.08056621841106627 0.9208760579809301 0.3814398645768989
		outer loop
			vertex 0.19952088594436646 5.121539106369018 3.0989949479699135
			vertex 0.2066413313150406 5.161921253204345 3
			vertex 7.035564847735076e-17 5.138994922637939 3.0989949479699135
		endloop
	endfacet
	facet normal 0.08056634048958887 0.9208759519219948 0.38144009484042946
		outer loop
			vertex 0.2066413313150406 5.161921253204345 3
			vertex 7.286648574358402e-17 5.180000057220458 3
			vertex 7.035564847735076e-17 5.138994922637939 3.0989949479699135
		endloop
	endfacet
	facet normal -0.08056620998474218 0.9208759616676092 0.3814400988772035
		outer loop
			vertex 7.035564847735076e-17 5.138994922637939 3.0989949479699135
			vertex 7.286648574358402e-17 5.180000057220458 3
			vertex -0.19952088594436646 5.121539106369018 3.0989949479699135
		endloop
	endfacet
	facet normal -0.08056634862557173 0.92087604491655 0.3814398686136459
		outer loop
			vertex 7.286648574358402e-17 5.180000057220458 3
			vertex -0.2066413313150406 5.161921253204345 3
			vertex -0.19952088594436646 5.121539106369018 3.0989949479699135
		endloop
	endfacet
	facet normal -0.23925081741320411 0.8928956807768337 0.38143983748055044
		outer loop
			vertex -0.19952088594436646 5.121539106369018 3.0989949479699135
			vertex -0.2066413313150406 5.161921253204345 3
			vertex -0.3929794132709503 5.069702019691467 3.0989949479699135
		endloop
	endfacet
	facet normal -0.23925050889252683 0.8928955624497305 0.38144030798048445
		outer loop
			vertex -0.2066413313150406 5.161921253204345 3
			vertex -0.4070039689540863 5.108234276771545 3
			vertex -0.3929794132709503 5.069702019691467 3.0989949479699135
		endloop
	endfacet
	facet normal -0.39066530070983163 0.8377851413405386 0.3814402702525136
		outer loop
			vertex -0.3929794132709503 5.069702019691467 3.0989949479699135
			vertex -0.4070039689540863 5.108234276771545 3
			vertex -0.5744974613189697 4.985058834552764 3.0989949479699135
		endloop
	endfacet
	facet normal -0.3906656883094385 0.8377852165653551 0.38143970805653393
		outer loop
			vertex -0.4070039689540863 5.108234276771545 3
			vertex -0.5950000286102295 5.020570268630981 3
			vertex -0.5744974613189697 4.985058834552764 3.0989949479699135
		endloop
	endfacet
	facet normal -0.5302104746464662 0.757218973816169 0.3814397439543462
		outer loop
			vertex -0.5744974613189697 4.985058834552764 3.0989949479699135
			vertex -0.5950000286102295 5.020570268630981 3
			vertex -0.7385597229003906 4.870181193351745 3.0989949479699135
		endloop
	endfacet
	facet normal -0.5302106381601174 0.7572189766226678 0.38143951109495805
		outer loop
			vertex -0.5950000286102295 5.020570268630981 3
			vertex -0.764917254447937 4.901592900753021 3
			vertex -0.7385597229003906 4.870181193351745 3.0989949479699135
		endloop
	endfacet
	facet normal -0.6536451330744031 0.6536451330744031 0.3814394840814093
		outer loop
			vertex -0.7385597229003906 4.870181193351745 3.0989949479699135
			vertex -0.764917254447937 4.901592900753021 3
			vertex -0.8801811933517456 4.72855972290039 3.0989949479699135
		endloop
	endfacet
	facet normal -0.6536451330744031 0.6536451330744031 0.3814394840814093
		outer loop
			vertex -0.764917254447937 4.901592900753021 3
			vertex -0.9115929007530212 4.754917254447936 3
			vertex -0.8801811933517456 4.72855972290039 3.0989949479699135
		endloop
	endfacet
	facet normal -0.757219053905506 0.5302105307256281 0.381439507012709
		outer loop
			vertex -0.8801811933517456 4.72855972290039 3.0989949479699135
			vertex -0.9115929007530212 4.754917254447936 3
			vertex -0.9950588345527649 4.564497461318969 3.0989949479699135
		endloop
	endfacet
	facet normal -0.7572188992930443 0.5302105840133114 0.3814397398720983
		outer loop
			vertex -0.9115929007530212 4.754917254447936 3
			vertex -1.0305702686309814 4.585000028610229 3
			vertex -0.9950588345527649 4.564497461318969 3.0989949479699135
		endloop
	endfacet
	facet normal -0.8377853552749008 0.39066540046897963 0.3814396982005412
		outer loop
			vertex -0.9950588345527649 4.564497461318969 3.0989949479699135
			vertex -1.0305702686309814 4.585000028610229 3
			vertex -1.0797020196914673 4.38297941327095 3.0989949479699135
		endloop
	endfacet
	facet normal -0.8377850100028592 0.39066559198775835 0.38144026039651846
		outer loop
			vertex -1.0305702686309814 4.585000028610229 3
			vertex -1.1182342767715454 4.397003968954086 3
			vertex -1.0797020196914673 4.38297941327095 3.0989949479699135
		endloop
	endfacet
	facet normal -0.892895489958391 0.2392507662835264 0.3814403162287789
		outer loop
			vertex -1.0797020196914673 4.38297941327095 3.0989949479699135
			vertex -1.1182342767715454 4.397003968954086 3
			vertex -1.1315391063690186 4.189520885944366 3.0989949479699135
		endloop
	endfacet
	facet normal -0.8928957466929659 0.23925055826032493 0.3814398457289614
		outer loop
			vertex -1.1182342767715454 4.397003968954086 3
			vertex -1.1719212532043457 4.19664133131504 3
			vertex -1.1315391063690186 4.189520885944366 3.0989949479699135
		endloop
	endfacet
	facet normal -0.9208760579809302 0.08056621841106625 0.38143986457689893
		outer loop
			vertex -1.1315391063690186 4.189520885944366 3.0989949479699135
			vertex -1.1719212532043457 4.19664133131504 3
			vertex -1.1489949226379395 3.9899999999999993 3.0989949479699135
		endloop
	endfacet
	facet normal -0.9208759519219948 0.08056634048958886 0.3814400948404295
		outer loop
			vertex -1.1719212532043457 4.19664133131504 3
			vertex -1.190000057220459 3.9899999999999993 3
			vertex -1.1489949226379395 3.9899999999999993 3.0989949479699135
		endloop
	endfacet
	facet normal -0.9208759616676092 -0.08056620998474222 0.38144009887720354
		outer loop
			vertex -1.1489949226379395 3.9899999999999993 3.0989949479699135
			vertex -1.190000057220459 3.9899999999999993 3
			vertex -1.1315391063690186 3.790479114055633 3.0989949479699135
		endloop
	endfacet
	facet normal -0.92087604491655 -0.08056634862557174 0.3814398686136459
		outer loop
			vertex -1.190000057220459 3.9899999999999993 3
			vertex -1.1719212532043457 3.7833586686849587 3
			vertex -1.1315391063690186 3.790479114055633 3.0989949479699135
		endloop
	endfacet
	facet normal -0.8928956807768337 -0.23925081741320411 0.38143983748055044
		outer loop
			vertex -1.1315391063690186 3.790479114055633 3.0989949479699135
			vertex -1.1719212532043457 3.7833586686849587 3
			vertex -1.0797020196914673 3.597020586729049 3.0989949479699135
		endloop
	endfacet
	facet normal -0.8928955624497305 -0.23925050889252683 0.38144030798048445
		outer loop
			vertex -1.1719212532043457 3.7833586686849587 3
			vertex -1.1182342767715454 3.582996031045913 3
			vertex -1.0797020196914673 3.597020586729049 3.0989949479699135
		endloop
	endfacet
	facet normal -0.8377851413405386 -0.39066530070983163 0.3814402702525136
		outer loop
			vertex -1.0797020196914673 3.597020586729049 3.0989949479699135
			vertex -1.1182342767715454 3.582996031045913 3
			vertex -0.9950588345527649 3.4155025386810296 3.0989949479699135
		endloop
	endfacet
	facet normal -0.8377852165653551 -0.3906656883094385 0.38143970805653393
		outer loop
			vertex -1.1182342767715454 3.582996031045913 3
			vertex -1.0305702686309814 3.39499997138977 3
			vertex -0.9950588345527649 3.4155025386810296 3.0989949479699135
		endloop
	endfacet
	facet normal -0.757218973816169 -0.5302104746464662 0.3814397439543462
		outer loop
			vertex -0.9950588345527649 3.4155025386810296 3.0989949479699135
			vertex -1.0305702686309814 3.39499997138977 3
			vertex -0.8801811933517456 3.2514402770996087 3.0989949479699135
		endloop
	endfacet
	facet normal -0.7572189766226678 -0.5302106381601174 0.38143951109495805
		outer loop
			vertex -1.0305702686309814 3.39499997138977 3
			vertex -0.9115929007530212 3.2250827455520623 3
			vertex -0.8801811933517456 3.2514402770996087 3.0989949479699135
		endloop
	endfacet
	facet normal -0.6536451330744031 -0.6536451330744031 0.3814394840814093
		outer loop
			vertex -0.8801811933517456 3.2514402770996087 3.0989949479699135
			vertex -0.9115929007530212 3.2250827455520623 3
			vertex -0.7385597229003906 3.1098188066482537 3.0989949479699135
		endloop
	endfacet
	facet normal -0.6536451330744031 -0.6536451330744031 0.3814394840814093
		outer loop
			vertex -0.9115929007530212 3.2250827455520623 3
			vertex -0.764917254447937 3.078407099246978 3
			vertex -0.7385597229003906 3.1098188066482537 3.0989949479699135
		endloop
	endfacet
	facet normal -0.5302105307256281 -0.757219053905506 0.381439507012709
		outer loop
			vertex -0.7385597229003906 3.1098188066482537 3.0989949479699135
			vertex -0.764917254447937 3.078407099246978 3
			vertex -0.5744974613189697 2.9949411654472344 3.0989949479699135
		endloop
	endfacet
	facet normal -0.5302105840133114 -0.7572188992930443 0.3814397398720983
		outer loop
			vertex -0.764917254447937 3.078407099246978 3
			vertex -0.5950000286102295 2.959429731369018 3
			vertex -0.5744974613189697 2.9949411654472344 3.0989949479699135
		endloop
	endfacet
	facet normal -0.39066540046897963 -0.8377853552749008 0.3814396982005412
		outer loop
			vertex -0.5744974613189697 2.9949411654472344 3.0989949479699135
			vertex -0.5950000286102295 2.959429731369018 3
			vertex -0.3929794132709503 2.910297980308532 3.0989949479699135
		endloop
	endfacet
	facet normal -0.39066559198775835 -0.8377850100028592 0.38144026039651846
		outer loop
			vertex -0.5950000286102295 2.959429731369018 3
			vertex -0.4070039689540863 2.871765723228454 3
			vertex -0.3929794132709503 2.910297980308532 3.0989949479699135
		endloop
	endfacet
	facet normal -0.2392507662835264 -0.892895489958391 0.3814403162287789
		outer loop
			vertex -0.3929794132709503 2.910297980308532 3.0989949479699135
			vertex -0.4070039689540863 2.871765723228454 3
			vertex -0.19952088594436646 2.8584608936309808 3.0989949479699135
		endloop
	endfacet
	facet normal -0.23925055826032493 -0.8928957466929659 0.3814398457289614
		outer loop
			vertex -0.4070039689540863 2.871765723228454 3
			vertex -0.2066413313150406 2.8180787467956536 3
			vertex -0.19952088594436646 2.8584608936309808 3.0989949479699135
		endloop
	endfacet
	facet normal -0.08056621841106633 -0.9208760579809302 0.38143986457689893
		outer loop
			vertex -0.19952088594436646 2.8584608936309808 3.0989949479699135
			vertex -0.2066413313150406 2.8180787467956536 3
			vertex -2.1106695204949717e-16 2.84100507736206 3.0989949479699135
		endloop
	endfacet
	facet normal -0.08056634048958893 -0.9208759519219947 0.3814400948404294
		outer loop
			vertex -0.2066413313150406 2.8180787467956536 3
			vertex -2.1859945723075205e-16 2.7999999427795403 3
			vertex -2.1106695204949717e-16 2.84100507736206 3.0989949479699135
		endloop
	endfacet
	facet normal 0.08056620998474213 -0.9208759616676092 0.38144009887720354
		outer loop
			vertex -2.1106695204949717e-16 2.84100507736206 3.0989949479699135
			vertex -2.1859945723075205e-16 2.7999999427795403 3
			vertex 0.19952088594436646 2.8584608936309808 3.0989949479699135
		endloop
	endfacet
	facet normal 0.08056634862557166 -0.9208760449165498 0.38143986861364587
		outer loop
			vertex -2.1859945723075205e-16 2.7999999427795403 3
			vertex 0.2066413313150406 2.8180787467956536 3
			vertex 0.19952088594436646 2.8584608936309808 3.0989949479699135
		endloop
	endfacet
	facet normal 0.23925081741320411 -0.8928956807768337 0.38143983748055044
		outer loop
			vertex 0.19952088594436646 2.8584608936309808 3.0989949479699135
			vertex 0.2066413313150406 2.8180787467956536 3
			vertex 0.3929794132709503 2.910297980308532 3.0989949479699135
		endloop
	endfacet
	facet normal 0.23925050889252683 -0.8928955624497305 0.38144030798048445
		outer loop
			vertex 0.2066413313150406 2.8180787467956536 3
			vertex 0.4070039689540863 2.871765723228454 3
			vertex 0.3929794132709503 2.910297980308532 3.0989949479699135
		endloop
	endfacet
	facet normal 0.39066530070983163 -0.8377851413405386 0.3814402702525136
		outer loop
			vertex 0.3929794132709503 2.910297980308532 3.0989949479699135
			vertex 0.4070039689540863 2.871765723228454 3
			vertex 0.5744974613189697 2.9949411654472344 3.0989949479699135
		endloop
	endfacet
	facet normal 0.3906656883094385 -0.8377852165653551 0.38143970805653393
		outer loop
			vertex 0.4070039689540863 2.871765723228454 3
			vertex 0.5950000286102295 2.959429731369018 3
			vertex 0.5744974613189697 2.9949411654472344 3.0989949479699135
		endloop
	endfacet
	facet normal 0.5302104746464662 -0.757218973816169 0.3814397439543462
		outer loop
			vertex 0.5744974613189697 2.9949411654472344 3.0989949479699135
			vertex 0.5950000286102295 2.959429731369018 3
			vertex 0.7385597229003906 3.1098188066482537 3.0989949479699135
		endloop
	endfacet
	facet normal 0.5302106381601174 -0.7572189766226678 0.38143951109495805
		outer loop
			vertex 0.5950000286102295 2.959429731369018 3
			vertex 0.764917254447937 3.078407099246978 3
			vertex 0.7385597229003906 3.1098188066482537 3.0989949479699135
		endloop
	endfacet
	facet normal 0.6536451330744031 -0.6536451330744031 0.3814394840814093
		outer loop
			vertex 0.7385597229003906 3.1098188066482537 3.0989949479699135
			vertex 0.764917254447937 3.078407099246978 3
			vertex 0.8801811933517456 3.2514402770996087 3.0989949479699135
		endloop
	endfacet
	facet normal 0.6536451330744031 -0.6536451330744031 0.3814394840814093
		outer loop
			vertex 0.764917254447937 3.078407099246978 3
			vertex 0.9115929007530212 3.2250827455520623 3
			vertex 0.8801811933517456 3.2514402770996087 3.0989949479699135
		endloop
	endfacet
	facet normal 0.757219053905506 -0.5302105307256281 0.381439507012709
		outer loop
			vertex 0.8801811933517456 3.2514402770996087 3.0989949479699135
			vertex 0.9115929007530212 3.2250827455520623 3
			vertex 0.9950588345527649 3.4155025386810296 3.0989949479699135
		endloop
	endfacet
	facet normal 0.7572188992930443 -0.5302105840133114 0.3814397398720983
		outer loop
			vertex 0.9115929007530212 3.2250827455520623 3
			vertex 1.0305702686309814 3.39499997138977 3
			vertex 0.9950588345527649 3.4155025386810296 3.0989949479699135
		endloop
	endfacet
	facet normal 0.8377853552749008 -0.39066540046897963 0.3814396982005412
		outer loop
			vertex 0.9950588345527649 3.4155025386810296 3.0989949479699135
			vertex 1.0305702686309814 3.39499997138977 3
			vertex 1.0797020196914673 3.597020586729049 3.0989949479699135
		endloop
	endfacet
	facet normal 0.8377850100028592 -0.39066559198775835 0.38144026039651846
		outer loop
			vertex 1.0305702686309814 3.39499997138977 3
			vertex 1.1182342767715454 3.582996031045913 3
			vertex 1.0797020196914673 3.597020586729049 3.0989949479699135
		endloop
	endfacet
	facet normal 0.892895489958391 -0.2392507662835264 0.3814403162287789
		outer loop
			vertex 1.0797020196914673 3.597020586729049 3.0989949479699135
			vertex 1.1182342767715454 3.582996031045913 3
			vertex 1.1315391063690186 3.790479114055633 3.0989949479699135
		endloop
	endfacet
	facet normal 0.8928957466929659 -0.23925055826032493 0.3814398457289614
		outer loop
			vertex 1.1182342767715454 3.582996031045913 3
			vertex 1.1719212532043457 3.7833586686849587 3
			vertex 1.1315391063690186 3.790479114055633 3.0989949479699135
		endloop
	endfacet
	facet normal 0.9208760579809301 -0.08056621841106641 0.38143986457689893
		outer loop
			vertex 1.1315391063690186 3.790479114055633 3.0989949479699135
			vertex 1.1719212532043457 3.7833586686849587 3
			vertex 1.1489949226379395 3.989999999999999 3.0989949479699135
		endloop
	endfacet
	facet normal 0.9208759519219948 -0.08056634048958902 0.38144009484042957
		outer loop
			vertex 1.1719212532043457 3.7833586686849587 3
			vertex 1.190000057220459 3.989999999999999 3
			vertex 1.1489949226379395 3.989999999999999 3.0989949479699135
		endloop
	endfacet
	facet normal 0.38246907936947655 0.033461483556948814 0.9233621892001171
		outer loop
			vertex 1.0499999523162842 3.9899999999999993 3.1400000005960464
			vertex 1.1489949226379395 3.9899999999999993 3.0989949479699135
			vertex 1.0340481996536255 4.172330593466758 3.1400000005960464
		endloop
	endfacet
	facet normal 0.38246943169959724 0.033461740592352594 0.923362033945471
		outer loop
			vertex 1.1489949226379395 3.9899999999999993 3.0989949479699135
			vertex 1.1315391063690186 4.189520885944366 3.0989949479699135
			vertex 1.0340481996536255 4.172330593466758 3.1400000005960464
		endloop
	endfacet
	facet normal 0.3708482511595067 0.09936866782609903 0.9233620321771965
		outer loop
			vertex 1.0340481996536255 4.172330593466758 3.1400000005960464
			vertex 1.1315391063690186 4.189520885944366 3.0989949479699135
			vertex 0.9866772294044495 4.349121143817901 3.1400000005960464
		endloop
	endfacet
	facet normal 0.37084809574334054 0.09936850625767571 0.923362111984056
		outer loop
			vertex 1.1315391063690186 4.189520885944366 3.0989949479699135
			vertex 1.0797020196914673 4.38297941327095 3.0989949479699135
			vertex 0.9866772294044495 4.349121143817901 3.1400000005960464
		endloop
	endfacet
	facet normal 0.3479589490523064 0.16225589540612054 0.9233621143302191
		outer loop
			vertex 0.9866772294044495 4.349121143817901 3.1400000005960464
			vertex 1.0797020196914673 4.38297941327095 3.0989949479699135
			vertex 0.9093266725540161 4.514999976158141 3.1400000005960464
		endloop
	endfacet
	facet normal 0.3479588430580158 0.16225573759925455 0.9233621820032749
		outer loop
			vertex 1.0797020196914673 4.38297941327095 3.0989949479699135
			vertex 0.9950588345527649 4.564497461318969 3.0989949479699135
			vertex 0.9093266725540161 4.514999976158141 3.1400000005960464
		endloop
	endfacet
	facet normal 0.3144971090946992 0.22021316740179295 0.9233621874833012
		outer loop
			vertex 0.9093266725540161 4.514999976158141 3.1400000005960464
			vertex 0.9950588345527649 4.564497461318969 3.0989949479699135
			vertex 0.8043466806411743 4.664926996231078 3.1400000005960464
		endloop
	endfacet
	facet normal 0.3144971708553603 0.22021330685075172 0.9233621331903485
		outer loop
			vertex 0.9950588345527649 4.564497461318969 3.0989949479699135
			vertex 0.8801811933517456 4.72855972290039 3.0989949479699135
			vertex 0.8043466806411743 4.664926996231078 3.1400000005960464
		endloop
	endfacet
	facet normal 0.2714796186440662 0.2714796186440662 0.9233621355252472
		outer loop
			vertex 0.8043466806411743 4.664926996231078 3.1400000005960464
			vertex 0.8801811933517456 4.72855972290039 3.0989949479699135
			vertex 0.6749269962310791 4.794346680641174 3.1400000005960464
		endloop
	endfacet
	facet normal 0.2714796186440662 0.2714796186440662 0.9233621355252473
		outer loop
			vertex 0.8801811933517456 4.72855972290039 3.0989949479699135
			vertex 0.7385597229003906 4.870181193351745 3.0989949479699135
			vertex 0.6749269962310791 4.794346680641174 3.1400000005960464
		endloop
	endfacet
	facet normal 0.2202132456687579 0.3144972208715494 0.9233621307461679
		outer loop
			vertex 0.6749269962310791 4.794346680641174 3.1400000005960464
			vertex 0.7385597229003906 4.870181193351745 3.0989949479699135
			vertex 0.5249999761581421 4.899326672554015 3.1400000005960464
		endloop
	endfacet
	facet normal 0.22021323532708462 0.3144970687089855 0.9233621850391285
		outer loop
			vertex 0.7385597229003906 4.870181193351745 3.0989949479699135
			vertex 0.5744974613189697 4.985058834552764 3.0989949479699135
			vertex 0.5249999761581421 4.899326672554015 3.1400000005960464
		endloop
	endfacet
	facet normal 0.16225582352616744 0.34795879490522363 0.9233621850498048
		outer loop
			vertex 0.5249999761581421 4.899326672554015 3.1400000005960464
			vertex 0.5744974613189697 4.985058834552764 3.0989949479699135
			vertex 0.3591211438179016 4.976677229404449 3.1400000005960464
		endloop
	endfacet
	facet normal 0.1622558032861529 0.34795898392414165 0.9233621173767333
		outer loop
			vertex 0.5744974613189697 4.985058834552764 3.0989949479699135
			vertex 0.3929794132709503 5.069702019691467 3.0989949479699135
			vertex 0.3591211438179016 4.976677229404449 3.1400000005960464
		endloop
	endfacet
	facet normal 0.09936861591255906 0.3708480574158859 0.9233621155768122
		outer loop
			vertex 0.3591211438179016 4.976677229404449 3.1400000005960464
			vertex 0.3929794132709503 5.069702019691467 3.0989949479699135
			vertex 0.18233059346675873 5.024048199653625 3.1400000005960464
		endloop
	endfacet
	facet normal 0.09936855369840543 0.37084827279445 0.9233620357699683
		outer loop
			vertex 0.3929794132709503 5.069702019691467 3.0989949479699135
			vertex 0.19952088594436646 5.121539106369018 3.0989949479699135
			vertex 0.18233059346675873 5.024048199653625 3.1400000005960464
		endloop
	endfacet
	facet normal 0.0334615175649772 0.38246946808563387 0.9233620269561345
		outer loop
			vertex 0.18233059346675873 5.024048199653625 3.1400000005960464
			vertex 0.19952088594436646 5.121539106369018 3.0989949479699135
			vertex 6.429395645199886e-17 5.0399999523162835 3.1400000005960464
		endloop
	endfacet
	facet normal 0.03346170951417627 0.3824690764744286 0.923362182210852
		outer loop
			vertex 0.19952088594436646 5.121539106369018 3.0989949479699135
			vertex 7.035564847735076e-17 5.138994922637939 3.0989949479699135
			vertex 6.429395645199886e-17 5.0399999523162835 3.1400000005960464
		endloop
	endfacet
	facet normal -0.033461483556948814 0.3824690793694767 0.9233621892001174
		outer loop
			vertex 6.429395645199886e-17 5.0399999523162835 3.1400000005960464
			vertex 7.035564847735076e-17 5.138994922637939 3.0989949479699135
			vertex -0.18233059346675873 5.024048199653625 3.1400000005960464
		endloop
	endfacet
	facet normal -0.03346174059235259 0.3824694316995973 0.9233620339454711
		outer loop
			vertex 7.035564847735076e-17 5.138994922637939 3.0989949479699135
			vertex -0.19952088594436646 5.121539106369018 3.0989949479699135
			vertex -0.18233059346675873 5.024048199653625 3.1400000005960464
		endloop
	endfacet
	facet normal -0.09936866782609903 0.3708482511595067 0.9233620321771965
		outer loop
			vertex -0.18233059346675873 5.024048199653625 3.1400000005960464
			vertex -0.19952088594436646 5.121539106369018 3.0989949479699135
			vertex -0.3591211438179016 4.976677229404449 3.1400000005960464
		endloop
	endfacet
	facet normal -0.09936850625767571 0.37084809574334054 0.923362111984056
		outer loop
			vertex -0.19952088594436646 5.121539106369018 3.0989949479699135
			vertex -0.3929794132709503 5.069702019691467 3.0989949479699135
			vertex -0.3591211438179016 4.976677229404449 3.1400000005960464
		endloop
	endfacet
	facet normal -0.16225589540612054 0.3479589490523064 0.9233621143302191
		outer loop
			vertex -0.3591211438179016 4.976677229404449 3.1400000005960464
			vertex -0.3929794132709503 5.069702019691467 3.0989949479699135
			vertex -0.5249999761581421 4.899326672554015 3.1400000005960464
		endloop
	endfacet
	facet normal -0.16225573759925455 0.3479588430580158 0.9233621820032749
		outer loop
			vertex -0.3929794132709503 5.069702019691467 3.0989949479699135
			vertex -0.5744974613189697 4.985058834552764 3.0989949479699135
			vertex -0.5249999761581421 4.899326672554015 3.1400000005960464
		endloop
	endfacet
	facet normal -0.22021316740179295 0.3144971090946992 0.9233621874833012
		outer loop
			vertex -0.5249999761581421 4.899326672554015 3.1400000005960464
			vertex -0.5744974613189697 4.985058834552764 3.0989949479699135
			vertex -0.6749269962310791 4.794346680641174 3.1400000005960464
		endloop
	endfacet
	facet normal -0.22021330685075172 0.3144971708553603 0.9233621331903485
		outer loop
			vertex -0.5744974613189697 4.985058834552764 3.0989949479699135
			vertex -0.7385597229003906 4.870181193351745 3.0989949479699135
			vertex -0.6749269962310791 4.794346680641174 3.1400000005960464
		endloop
	endfacet
	facet normal -0.2714796186440662 0.2714796186440662 0.9233621355252472
		outer loop
			vertex -0.6749269962310791 4.794346680641174 3.1400000005960464
			vertex -0.7385597229003906 4.870181193351745 3.0989949479699135
			vertex -0.8043466806411743 4.664926996231078 3.1400000005960464
		endloop
	endfacet
	facet normal -0.2714796186440662 0.2714796186440662 0.9233621355252473
		outer loop
			vertex -0.7385597229003906 4.870181193351745 3.0989949479699135
			vertex -0.8801811933517456 4.72855972290039 3.0989949479699135
			vertex -0.8043466806411743 4.664926996231078 3.1400000005960464
		endloop
	endfacet
	facet normal -0.3144972208715494 0.2202132456687579 0.9233621307461679
		outer loop
			vertex -0.8043466806411743 4.664926996231078 3.1400000005960464
			vertex -0.8801811933517456 4.72855972290039 3.0989949479699135
			vertex -0.9093266725540161 4.514999976158141 3.1400000005960464
		endloop
	endfacet
	facet normal -0.3144970687089855 0.22021323532708462 0.9233621850391285
		outer loop
			vertex -0.8801811933517456 4.72855972290039 3.0989949479699135
			vertex -0.9950588345527649 4.564497461318969 3.0989949479699135
			vertex -0.9093266725540161 4.514999976158141 3.1400000005960464
		endloop
	endfacet
	facet normal -0.34795879490522363 0.16225582352616744 0.9233621850498048
		outer loop
			vertex -0.9093266725540161 4.514999976158141 3.1400000005960464
			vertex -0.9950588345527649 4.564497461318969 3.0989949479699135
			vertex -0.9866772294044495 4.349121143817901 3.1400000005960464
		endloop
	endfacet
	facet normal -0.34795898392414165 0.1622558032861529 0.9233621173767333
		outer loop
			vertex -0.9950588345527649 4.564497461318969 3.0989949479699135
			vertex -1.0797020196914673 4.38297941327095 3.0989949479699135
			vertex -0.9866772294044495 4.349121143817901 3.1400000005960464
		endloop
	endfacet
	facet normal -0.3708480574158859 0.09936861591255906 0.9233621155768122
		outer loop
			vertex -0.9866772294044495 4.349121143817901 3.1400000005960464
			vertex -1.0797020196914673 4.38297941327095 3.0989949479699135
			vertex -1.0340481996536255 4.172330593466758 3.1400000005960464
		endloop
	endfacet
	facet normal -0.37084827279445 0.09936855369840543 0.9233620357699683
		outer loop
			vertex -1.0797020196914673 4.38297941327095 3.0989949479699135
			vertex -1.1315391063690186 4.189520885944366 3.0989949479699135
			vertex -1.0340481996536255 4.172330593466758 3.1400000005960464
		endloop
	endfacet
	facet normal -0.38246946808563387 0.03346151756497719 0.9233620269561345
		outer loop
			vertex -1.0340481996536255 4.172330593466758 3.1400000005960464
			vertex -1.1315391063690186 4.189520885944366 3.0989949479699135
			vertex -1.0499999523162842 3.9899999999999993 3.1400000005960464
		endloop
	endfacet
	facet normal -0.38246907647442857 0.03346170951417625 0.923362182210852
		outer loop
			vertex -1.1315391063690186 4.189520885944366 3.0989949479699135
			vertex -1.1489949226379395 3.9899999999999993 3.0989949479699135
			vertex -1.0499999523162842 3.9899999999999993 3.1400000005960464
		endloop
	endfacet
	facet normal -0.38246907936947655 -0.033461483556948814 0.9233621892001171
		outer loop
			vertex -1.0499999523162842 3.9899999999999993 3.1400000005960464
			vertex -1.1489949226379395 3.9899999999999993 3.0989949479699135
			vertex -1.0340481996536255 3.8076694065332406 3.1400000005960464
		endloop
	endfacet
	facet normal -0.38246943169959724 -0.033461740592352594 0.923362033945471
		outer loop
			vertex -1.1489949226379395 3.9899999999999993 3.0989949479699135
			vertex -1.1315391063690186 3.790479114055633 3.0989949479699135
			vertex -1.0340481996536255 3.8076694065332406 3.1400000005960464
		endloop
	endfacet
	facet normal -0.3708482511595067 -0.09936866782609903 0.9233620321771965
		outer loop
			vertex -1.0340481996536255 3.8076694065332406 3.1400000005960464
			vertex -1.1315391063690186 3.790479114055633 3.0989949479699135
			vertex -0.9866772294044495 3.6308788561820977 3.1400000005960464
		endloop
	endfacet
	facet normal -0.37084809574334054 -0.09936850625767571 0.923362111984056
		outer loop
			vertex -1.1315391063690186 3.790479114055633 3.0989949479699135
			vertex -1.0797020196914673 3.597020586729049 3.0989949479699135
			vertex -0.9866772294044495 3.6308788561820977 3.1400000005960464
		endloop
	endfacet
	facet normal -0.3479589490523064 -0.16225589540612054 0.9233621143302191
		outer loop
			vertex -0.9866772294044495 3.6308788561820977 3.1400000005960464
			vertex -1.0797020196914673 3.597020586729049 3.0989949479699135
			vertex -0.9093266725540161 3.4650000238418572 3.1400000005960464
		endloop
	endfacet
	facet normal -0.3479588430580158 -0.16225573759925455 0.9233621820032749
		outer loop
			vertex -1.0797020196914673 3.597020586729049 3.0989949479699135
			vertex -0.9950588345527649 3.4155025386810296 3.0989949479699135
			vertex -0.9093266725540161 3.4650000238418572 3.1400000005960464
		endloop
	endfacet
	facet normal -0.3144971090946992 -0.22021316740179295 0.9233621874833012
		outer loop
			vertex -0.9093266725540161 3.4650000238418572 3.1400000005960464
			vertex -0.9950588345527649 3.4155025386810296 3.0989949479699135
			vertex -0.8043466806411743 3.3150730037689202 3.1400000005960464
		endloop
	endfacet
	facet normal -0.3144971708553603 -0.22021330685075172 0.9233621331903485
		outer loop
			vertex -0.9950588345527649 3.4155025386810296 3.0989949479699135
			vertex -0.8801811933517456 3.2514402770996087 3.0989949479699135
			vertex -0.8043466806411743 3.3150730037689202 3.1400000005960464
		endloop
	endfacet
	facet normal -0.2714796186440662 -0.2714796186440662 0.9233621355252472
		outer loop
			vertex -0.8043466806411743 3.3150730037689202 3.1400000005960464
			vertex -0.8801811933517456 3.2514402770996087 3.0989949479699135
			vertex -0.6749269962310791 3.185653319358825 3.1400000005960464
		endloop
	endfacet
	facet normal -0.2714796186440662 -0.2714796186440662 0.9233621355252473
		outer loop
			vertex -0.8801811933517456 3.2514402770996087 3.0989949479699135
			vertex -0.7385597229003906 3.1098188066482537 3.0989949479699135
			vertex -0.6749269962310791 3.185653319358825 3.1400000005960464
		endloop
	endfacet
	facet normal -0.2202132456687579 -0.3144972208715494 0.9233621307461679
		outer loop
			vertex -0.6749269962310791 3.185653319358825 3.1400000005960464
			vertex -0.7385597229003906 3.1098188066482537 3.0989949479699135
			vertex -0.5249999761581421 3.080673327445983 3.1400000005960464
		endloop
	endfacet
	facet normal -0.22021323532708462 -0.3144970687089855 0.9233621850391285
		outer loop
			vertex -0.7385597229003906 3.1098188066482537 3.0989949479699135
			vertex -0.5744974613189697 2.9949411654472344 3.0989949479699135
			vertex -0.5249999761581421 3.080673327445983 3.1400000005960464
		endloop
	endfacet
	facet normal -0.16225582352616744 -0.34795879490522363 0.9233621850498048
		outer loop
			vertex -0.5249999761581421 3.080673327445983 3.1400000005960464
			vertex -0.5744974613189697 2.9949411654472344 3.0989949479699135
			vertex -0.3591211438179016 3.00332277059555 3.1400000005960464
		endloop
	endfacet
	facet normal -0.1622558032861529 -0.34795898392414165 0.9233621173767333
		outer loop
			vertex -0.5744974613189697 2.9949411654472344 3.0989949479699135
			vertex -0.3929794132709503 2.910297980308532 3.0989949479699135
			vertex -0.3591211438179016 3.00332277059555 3.1400000005960464
		endloop
	endfacet
	facet normal -0.09936861591255906 -0.3708480574158859 0.9233621155768122
		outer loop
			vertex -0.3591211438179016 3.00332277059555 3.1400000005960464
			vertex -0.3929794132709503 2.910297980308532 3.0989949479699135
			vertex -0.18233059346675873 2.955951800346374 3.1400000005960464
		endloop
	endfacet
	facet normal -0.09936855369840543 -0.37084827279445 0.9233620357699683
		outer loop
			vertex -0.3929794132709503 2.910297980308532 3.0989949479699135
			vertex -0.19952088594436646 2.8584608936309808 3.0989949479699135
			vertex -0.18233059346675873 2.955951800346374 3.1400000005960464
		endloop
	endfacet
	facet normal -0.03346151756497723 -0.3824694680856338 0.9233620269561346
		outer loop
			vertex -0.18233059346675873 2.955951800346374 3.1400000005960464
			vertex -0.19952088594436646 2.8584608936309808 3.0989949479699135
			vertex -1.9288186935599659e-16 2.940000047683715 3.1400000005960464
		endloop
	endfacet
	facet normal -0.03346170951417629 -0.38246907647442857 0.923362182210852
		outer loop
			vertex -0.19952088594436646 2.8584608936309808 3.0989949479699135
			vertex -2.1106695204949717e-16 2.84100507736206 3.0989949479699135
			vertex -1.9288186935599659e-16 2.940000047683715 3.1400000005960464
		endloop
	endfacet
	facet normal 0.033461483556948786 -0.3824690793694766 0.9233621892001173
		outer loop
			vertex -1.9288186935599659e-16 2.940000047683715 3.1400000005960464
			vertex -2.1106695204949717e-16 2.84100507736206 3.0989949479699135
			vertex 0.18233059346675873 2.955951800346374 3.1400000005960464
		endloop
	endfacet
	facet normal 0.03346174059235256 -0.38246943169959724 0.923362033945471
		outer loop
			vertex -2.1106695204949717e-16 2.84100507736206 3.0989949479699135
			vertex 0.19952088594436646 2.8584608936309808 3.0989949479699135
			vertex 0.18233059346675873 2.955951800346374 3.1400000005960464
		endloop
	endfacet
	facet normal 0.09936866782609903 -0.3708482511595067 0.9233620321771965
		outer loop
			vertex 0.18233059346675873 2.955951800346374 3.1400000005960464
			vertex 0.19952088594436646 2.8584608936309808 3.0989949479699135
			vertex 0.3591211438179016 3.00332277059555 3.1400000005960464
		endloop
	endfacet
	facet normal 0.09936850625767571 -0.37084809574334054 0.923362111984056
		outer loop
			vertex 0.19952088594436646 2.8584608936309808 3.0989949479699135
			vertex 0.3929794132709503 2.910297980308532 3.0989949479699135
			vertex 0.3591211438179016 3.00332277059555 3.1400000005960464
		endloop
	endfacet
	facet normal 0.16225589540612054 -0.3479589490523064 0.9233621143302191
		outer loop
			vertex 0.3591211438179016 3.00332277059555 3.1400000005960464
			vertex 0.3929794132709503 2.910297980308532 3.0989949479699135
			vertex 0.5249999761581421 3.080673327445983 3.1400000005960464
		endloop
	endfacet
	facet normal 0.16225573759925455 -0.3479588430580158 0.9233621820032749
		outer loop
			vertex 0.3929794132709503 2.910297980308532 3.0989949479699135
			vertex 0.5744974613189697 2.9949411654472344 3.0989949479699135
			vertex 0.5249999761581421 3.080673327445983 3.1400000005960464
		endloop
	endfacet
	facet normal 0.22021316740179295 -0.3144971090946992 0.9233621874833012
		outer loop
			vertex 0.5249999761581421 3.080673327445983 3.1400000005960464
			vertex 0.5744974613189697 2.9949411654472344 3.0989949479699135
			vertex 0.6749269962310791 3.185653319358825 3.1400000005960464
		endloop
	endfacet
	facet normal 0.22021330685075172 -0.3144971708553603 0.9233621331903485
		outer loop
			vertex 0.5744974613189697 2.9949411654472344 3.0989949479699135
			vertex 0.7385597229003906 3.1098188066482537 3.0989949479699135
			vertex 0.6749269962310791 3.185653319358825 3.1400000005960464
		endloop
	endfacet
	facet normal 0.2714796186440662 -0.2714796186440662 0.9233621355252472
		outer loop
			vertex 0.6749269962310791 3.185653319358825 3.1400000005960464
			vertex 0.7385597229003906 3.1098188066482537 3.0989949479699135
			vertex 0.8043466806411743 3.3150730037689202 3.1400000005960464
		endloop
	endfacet
	facet normal 0.2714796186440662 -0.2714796186440662 0.9233621355252473
		outer loop
			vertex 0.7385597229003906 3.1098188066482537 3.0989949479699135
			vertex 0.8801811933517456 3.2514402770996087 3.0989949479699135
			vertex 0.8043466806411743 3.3150730037689202 3.1400000005960464
		endloop
	endfacet
	facet normal 0.3144972208715494 -0.2202132456687579 0.9233621307461679
		outer loop
			vertex 0.8043466806411743 3.3150730037689202 3.1400000005960464
			vertex 0.8801811933517456 3.2514402770996087 3.0989949479699135
			vertex 0.9093266725540161 3.4650000238418572 3.1400000005960464
		endloop
	endfacet
	facet normal 0.3144970687089855 -0.22021323532708462 0.9233621850391285
		outer loop
			vertex 0.8801811933517456 3.2514402770996087 3.0989949479699135
			vertex 0.9950588345527649 3.4155025386810296 3.0989949479699135
			vertex 0.9093266725540161 3.4650000238418572 3.1400000005960464
		endloop
	endfacet
	facet normal 0.34795879490522363 -0.16225582352616744 0.9233621850498048
		outer loop
			vertex 0.9093266725540161 3.4650000238418572 3.1400000005960464
			vertex 0.9950588345527649 3.4155025386810296 3.0989949479699135
			vertex 0.9866772294044495 3.6308788561820977 3.1400000005960464
		endloop
	endfacet
	facet normal 0.34795898392414165 -0.1622558032861529 0.9233621173767333
		outer loop
			vertex 0.9950588345527649 3.4155025386810296 3.0989949479699135
			vertex 1.0797020196914673 3.597020586729049 3.0989949479699135
			vertex 0.9866772294044495 3.6308788561820977 3.1400000005960464
		endloop
	endfacet
	facet normal 0.3708480574158859 -0.09936861591255906 0.9233621155768122
		outer loop
			vertex 0.9866772294044495 3.6308788561820977 3.1400000005960464
			vertex 1.0797020196914673 3.597020586729049 3.0989949479699135
			vertex 1.0340481996536255 3.8076694065332406 3.1400000005960464
		endloop
	endfacet
	facet normal 0.37084827279445 -0.09936855369840543 0.9233620357699683
		outer loop
			vertex 1.0797020196914673 3.597020586729049 3.0989949479699135
			vertex 1.1315391063690186 3.790479114055633 3.0989949479699135
			vertex 1.0340481996536255 3.8076694065332406 3.1400000005960464
		endloop
	endfacet
	facet normal 0.38246946808563387 -0.03346151756497727 0.9233620269561346
		outer loop
			vertex 1.0340481996536255 3.8076694065332406 3.1400000005960464
			vertex 1.1315391063690186 3.790479114055633 3.0989949479699135
			vertex 1.0499999523162842 3.989999999999999 3.1400000005960464
		endloop
	endfacet
	facet normal 0.3824690764744286 -0.033461709514176326 0.923362182210852
		outer loop
			vertex 1.1315391063690186 3.790479114055633 3.0989949479699135
			vertex 1.1489949226379395 3.989999999999999 3.0989949479699135
			vertex 1.0499999523162842 3.989999999999999 3.1400000005960464
		endloop
	endfacet
	facet normal -0.38246927390660185 -0.03346164140894337 0.9233621028998191
		outer loop
			vertex 0.9510050415992737 3.9899999999999993 3.0989949479699135
			vertex 1.0499999523162842 3.9899999999999993 3.1400000005960464
			vertex 0.9365571737289429 4.15514030098915 3.0989949479699135
		endloop
	endfacet
	facet normal -0.38246907540645614 -0.03346148321023179 0.9233621908542183
		outer loop
			vertex 1.0499999523162842 3.9899999999999993 3.1400000005960464
			vertex 1.0340481996536255 4.172330593466758 3.1400000005960464
			vertex 0.9365571737289429 4.15514030098915 3.0989949479699135
		endloop
	endfacet
	facet normal -0.37084790564965875 -0.09936844404692681 0.9233621950258495
		outer loop
			vertex 0.9365571737289429 4.15514030098915 3.0989949479699135
			vertex 1.0340481996536255 4.172330593466758 3.1400000005960464
			vertex 0.8936524391174316 4.315262874364852 3.0989949479699135
		endloop
	endfacet
	facet normal -0.3708480574158859 -0.09936861591255906 0.9233621155768122
		outer loop
			vertex 1.0340481996536255 4.172330593466758 3.1400000005960464
			vertex 0.9866772294044495 4.349121143817901 3.1400000005960464
			vertex 0.8936524391174316 4.315262874364852 3.0989949479699135
		endloop
	endfacet
	facet normal -0.34795891727640493 -0.16225597934763586 0.9233621115541679
		outer loop
			vertex 0.8936524391174316 4.315262874364852 3.0989949479699135
			vertex 0.9866772294044495 4.349121143817901 3.1400000005960464
			vertex 0.8235945105552673 4.465502520799636 3.0989949479699135
		endloop
	endfacet
	facet normal -0.34795883279420875 -0.16225584119408842 0.9233621676671027
		outer loop
			vertex 0.9866772294044495 4.349121143817901 3.1400000005960464
			vertex 0.9093266725540161 4.514999976158141 3.1400000005960464
			vertex 0.8235945105552673 4.465502520799636 3.0989949479699135
		endloop
	endfacet
	facet normal -0.3144971261264547 -0.22021324947143348 0.9233621621094472
		outer loop
			vertex 0.8235945105552673 4.465502520799636 3.0989949479699135
			vertex 0.9093266725540161 4.514999976158141 3.1400000005960464
			vertex 0.7285121083259583 4.601294269561767 3.0989949479699135
		endloop
	endfacet
	facet normal -0.31449708811735666 -0.2202131527133048 0.9233621981312481
		outer loop
			vertex 0.9093266725540161 4.514999976158141 3.1400000005960464
			vertex 0.8043466806411743 4.664926996231078 3.1400000005960464
			vertex 0.7285121083259583 4.601294269561767 3.0989949479699135
		endloop
	endfacet
	facet normal -0.2714795197229272 -0.2714795197229272 0.9233621936932536
		outer loop
			vertex 0.7285121083259583 4.601294269561767 3.0989949479699135
			vertex 0.8043466806411743 4.664926996231078 3.1400000005960464
			vertex 0.6112942695617676 4.718512108325958 3.0989949479699135
		endloop
	endfacet
	facet normal -0.2714795197229272 -0.2714795197229272 0.9233621936932536
		outer loop
			vertex 0.8043466806411743 4.664926996231078 3.1400000005960464
			vertex 0.6749269962310791 4.794346680641174 3.1400000005960464
			vertex 0.6112942695617676 4.718512108325958 3.0989949479699135
		endloop
	endfacet
	facet normal -0.2202131973222211 -0.31449705164965797 0.9233621999133369
		outer loop
			vertex 0.6112942695617676 4.718512108325958 3.0989949479699135
			vertex 0.6749269962310791 4.794346680641174 3.1400000005960464
			vertex 0.47550252079963684 4.813594510555267 3.0989949479699135
		endloop
	endfacet
	facet normal -0.22021319994583152 -0.31449715557241975 0.923362163891544
		outer loop
			vertex 0.6749269962310791 4.794346680641174 3.1400000005960464
			vertex 0.5249999761581421 4.899326672554015 3.1400000005960464
			vertex 0.47550252079963684 4.813594510555267 3.0989949479699135
		endloop
	endfacet
	facet normal -0.1622559194923825 -0.3479587889164564 0.9233621704431444
		outer loop
			vertex 0.47550252079963684 4.813594510555267 3.0989949479699135
			vertex 0.5249999761581421 4.899326672554015 3.1400000005960464
			vertex 0.3252628743648529 4.883652439117431 3.0989949479699135
		endloop
	endfacet
	facet normal -0.16225589540612054 -0.3479589490523064 0.9233621143302191
		outer loop
			vertex 0.5249999761581421 4.899326672554015 3.1400000005960464
			vertex 0.3591211438179016 4.976677229404449 3.1400000005960464
			vertex 0.3252628743648529 4.883652439117431 3.0989949479699135
		endloop
	endfacet
	facet normal -0.09936849594796374 -0.3708480993468735 0.9233621116462659
		outer loop
			vertex 0.3252628743648529 4.883652439117431 3.0989949479699135
			vertex 0.3591211438179016 4.976677229404449 3.1400000005960464
			vertex 0.165140300989151 4.926557173728942 3.0989949479699135
		endloop
	endfacet
	facet normal -0.09936856890474625 -0.3708478819806551 0.9233621910952846
		outer loop
			vertex 0.3591211438179016 4.976677229404449 3.1400000005960464
			vertex 0.18233059346675873 5.024048199653625 3.1400000005960464
			vertex 0.165140300989151 4.926557173728942 3.0989949479699135
		endloop
	endfacet
	facet normal -0.03346162206061051 -0.3824690527535886 0.9233621952055681
		outer loop
			vertex 0.165140300989151 4.926557173728942 3.0989949479699135
			vertex 0.18233059346675873 5.024048199653625 3.1400000005960464
			vertex 5.823226442664697e-17 4.941005041599273 3.0989949479699135
		endloop
	endfacet
	facet normal -0.0334615007343138 -0.38246927570897715 0.923362107251136
		outer loop
			vertex 0.18233059346675873 5.024048199653625 3.1400000005960464
			vertex 6.429395645199886e-17 5.0399999523162835 3.1400000005960464
			vertex 5.823226442664697e-17 4.941005041599273 3.0989949479699135
		endloop
	endfacet
	facet normal 0.03346164140894336 -0.38246927390660185 0.9233621028998191
		outer loop
			vertex 5.823226442664697e-17 4.941005041599273 3.0989949479699135
			vertex 6.429395645199886e-17 5.0399999523162835 3.1400000005960464
			vertex -0.165140300989151 4.926557173728942 3.0989949479699135
		endloop
	endfacet
	facet normal 0.03346148321023178 -0.3824690754064562 0.9233621908542184
		outer loop
			vertex 6.429395645199886e-17 5.0399999523162835 3.1400000005960464
			vertex -0.18233059346675873 5.024048199653625 3.1400000005960464
			vertex -0.165140300989151 4.926557173728942 3.0989949479699135
		endloop
	endfacet
	facet normal 0.09936844404692681 -0.37084790564965875 0.9233621950258495
		outer loop
			vertex -0.165140300989151 4.926557173728942 3.0989949479699135
			vertex -0.18233059346675873 5.024048199653625 3.1400000005960464
			vertex -0.3252628743648529 4.883652439117431 3.0989949479699135
		endloop
	endfacet
	facet normal 0.09936861591255906 -0.3708480574158859 0.9233621155768122
		outer loop
			vertex -0.18233059346675873 5.024048199653625 3.1400000005960464
			vertex -0.3591211438179016 4.976677229404449 3.1400000005960464
			vertex -0.3252628743648529 4.883652439117431 3.0989949479699135
		endloop
	endfacet
	facet normal 0.16225597934763586 -0.34795891727640493 0.9233621115541679
		outer loop
			vertex -0.3252628743648529 4.883652439117431 3.0989949479699135
			vertex -0.3591211438179016 4.976677229404449 3.1400000005960464
			vertex -0.47550252079963684 4.813594510555267 3.0989949479699135
		endloop
	endfacet
	facet normal 0.16225584119408842 -0.34795883279420875 0.9233621676671027
		outer loop
			vertex -0.3591211438179016 4.976677229404449 3.1400000005960464
			vertex -0.5249999761581421 4.899326672554015 3.1400000005960464
			vertex -0.47550252079963684 4.813594510555267 3.0989949479699135
		endloop
	endfacet
	facet normal 0.22021324947143348 -0.3144971261264547 0.9233621621094472
		outer loop
			vertex -0.47550252079963684 4.813594510555267 3.0989949479699135
			vertex -0.5249999761581421 4.899326672554015 3.1400000005960464
			vertex -0.6112942695617676 4.718512108325958 3.0989949479699135
		endloop
	endfacet
	facet normal 0.2202131527133048 -0.31449708811735666 0.9233621981312481
		outer loop
			vertex -0.5249999761581421 4.899326672554015 3.1400000005960464
			vertex -0.6749269962310791 4.794346680641174 3.1400000005960464
			vertex -0.6112942695617676 4.718512108325958 3.0989949479699135
		endloop
	endfacet
	facet normal 0.2714795197229272 -0.2714795197229272 0.9233621936932536
		outer loop
			vertex -0.6112942695617676 4.718512108325958 3.0989949479699135
			vertex -0.6749269962310791 4.794346680641174 3.1400000005960464
			vertex -0.7285121083259583 4.601294269561767 3.0989949479699135
		endloop
	endfacet
	facet normal 0.2714795197229272 -0.2714795197229272 0.9233621936932536
		outer loop
			vertex -0.6749269962310791 4.794346680641174 3.1400000005960464
			vertex -0.8043466806411743 4.664926996231078 3.1400000005960464
			vertex -0.7285121083259583 4.601294269561767 3.0989949479699135
		endloop
	endfacet
	facet normal 0.31449705164965797 -0.2202131973222211 0.9233621999133369
		outer loop
			vertex -0.7285121083259583 4.601294269561767 3.0989949479699135
			vertex -0.8043466806411743 4.664926996231078 3.1400000005960464
			vertex -0.8235945105552673 4.465502520799636 3.0989949479699135
		endloop
	endfacet
	facet normal 0.31449715557241975 -0.22021319994583152 0.923362163891544
		outer loop
			vertex -0.8043466806411743 4.664926996231078 3.1400000005960464
			vertex -0.9093266725540161 4.514999976158141 3.1400000005960464
			vertex -0.8235945105552673 4.465502520799636 3.0989949479699135
		endloop
	endfacet
	facet normal 0.3479587889164564 -0.1622559194923825 0.9233621704431444
		outer loop
			vertex -0.8235945105552673 4.465502520799636 3.0989949479699135
			vertex -0.9093266725540161 4.514999976158141 3.1400000005960464
			vertex -0.8936524391174316 4.315262874364852 3.0989949479699135
		endloop
	endfacet
	facet normal 0.3479589490523064 -0.16225589540612054 0.9233621143302191
		outer loop
			vertex -0.9093266725540161 4.514999976158141 3.1400000005960464
			vertex -0.9866772294044495 4.349121143817901 3.1400000005960464
			vertex -0.8936524391174316 4.315262874364852 3.0989949479699135
		endloop
	endfacet
	facet normal 0.3708480993468735 -0.09936849594796374 0.9233621116462659
		outer loop
			vertex -0.8936524391174316 4.315262874364852 3.0989949479699135
			vertex -0.9866772294044495 4.349121143817901 3.1400000005960464
			vertex -0.9365571737289429 4.15514030098915 3.0989949479699135
		endloop
	endfacet
	facet normal 0.3708478819806551 -0.09936856890474625 0.9233621910952846
		outer loop
			vertex -0.9866772294044495 4.349121143817901 3.1400000005960464
			vertex -1.0340481996536255 4.172330593466758 3.1400000005960464
			vertex -0.9365571737289429 4.15514030098915 3.0989949479699135
		endloop
	endfacet
	facet normal 0.38246905275358867 -0.0334616220606105 0.9233621952055681
		outer loop
			vertex -0.9365571737289429 4.15514030098915 3.0989949479699135
			vertex -1.0340481996536255 4.172330593466758 3.1400000005960464
			vertex -0.9510050415992737 3.9899999999999993 3.0989949479699135
		endloop
	endfacet
	facet normal 0.38246927570897704 -0.03346150073431379 0.9233621072511359
		outer loop
			vertex -1.0340481996536255 4.172330593466758 3.1400000005960464
			vertex -1.0499999523162842 3.9899999999999993 3.1400000005960464
			vertex -0.9510050415992737 3.9899999999999993 3.0989949479699135
		endloop
	endfacet
	facet normal 0.38246927390660185 0.03346164140894337 0.9233621028998191
		outer loop
			vertex -0.9510050415992737 3.9899999999999993 3.0989949479699135
			vertex -1.0499999523162842 3.9899999999999993 3.1400000005960464
			vertex -0.9365571737289429 3.8248596990108483 3.0989949479699135
		endloop
	endfacet
	facet normal 0.38246907540645614 0.03346148321023179 0.9233621908542183
		outer loop
			vertex -1.0499999523162842 3.9899999999999993 3.1400000005960464
			vertex -1.0340481996536255 3.8076694065332406 3.1400000005960464
			vertex -0.9365571737289429 3.8248596990108483 3.0989949479699135
		endloop
	endfacet
	facet normal 0.37084790564965875 0.09936844404692681 0.9233621950258495
		outer loop
			vertex -0.9365571737289429 3.8248596990108483 3.0989949479699135
			vertex -1.0340481996536255 3.8076694065332406 3.1400000005960464
			vertex -0.8936524391174316 3.6647371256351464 3.0989949479699135
		endloop
	endfacet
	facet normal 0.3708480574158859 0.09936861591255906 0.9233621155768122
		outer loop
			vertex -1.0340481996536255 3.8076694065332406 3.1400000005960464
			vertex -0.9866772294044495 3.6308788561820977 3.1400000005960464
			vertex -0.8936524391174316 3.6647371256351464 3.0989949479699135
		endloop
	endfacet
	facet normal 0.34795891727640493 0.16225597934763586 0.9233621115541679
		outer loop
			vertex -0.8936524391174316 3.6647371256351464 3.0989949479699135
			vertex -0.9866772294044495 3.6308788561820977 3.1400000005960464
			vertex -0.8235945105552673 3.5144974792003625 3.0989949479699135
		endloop
	endfacet
	facet normal 0.34795883279420875 0.16225584119408842 0.9233621676671027
		outer loop
			vertex -0.9866772294044495 3.6308788561820977 3.1400000005960464
			vertex -0.9093266725540161 3.4650000238418572 3.1400000005960464
			vertex -0.8235945105552673 3.5144974792003625 3.0989949479699135
		endloop
	endfacet
	facet normal 0.3144971261264547 0.22021324947143348 0.9233621621094472
		outer loop
			vertex -0.8235945105552673 3.5144974792003625 3.0989949479699135
			vertex -0.9093266725540161 3.4650000238418572 3.1400000005960464
			vertex -0.7285121083259583 3.3787057304382317 3.0989949479699135
		endloop
	endfacet
	facet normal 0.31449708811735666 0.2202131527133048 0.9233621981312481
		outer loop
			vertex -0.9093266725540161 3.4650000238418572 3.1400000005960464
			vertex -0.8043466806411743 3.3150730037689202 3.1400000005960464
			vertex -0.7285121083259583 3.3787057304382317 3.0989949479699135
		endloop
	endfacet
	facet normal 0.2714795197229272 0.2714795197229272 0.9233621936932536
		outer loop
			vertex -0.7285121083259583 3.3787057304382317 3.0989949479699135
			vertex -0.8043466806411743 3.3150730037689202 3.1400000005960464
			vertex -0.6112942695617676 3.261487891674041 3.0989949479699135
		endloop
	endfacet
	facet normal 0.2714795197229272 0.2714795197229272 0.9233621936932536
		outer loop
			vertex -0.8043466806411743 3.3150730037689202 3.1400000005960464
			vertex -0.6749269962310791 3.185653319358825 3.1400000005960464
			vertex -0.6112942695617676 3.261487891674041 3.0989949479699135
		endloop
	endfacet
	facet normal 0.2202131973222211 0.31449705164965797 0.9233621999133369
		outer loop
			vertex -0.6112942695617676 3.261487891674041 3.0989949479699135
			vertex -0.6749269962310791 3.185653319358825 3.1400000005960464
			vertex -0.47550252079963684 3.166405489444732 3.0989949479699135
		endloop
	endfacet
	facet normal 0.22021319994583152 0.31449715557241975 0.923362163891544
		outer loop
			vertex -0.6749269962310791 3.185653319358825 3.1400000005960464
			vertex -0.5249999761581421 3.080673327445983 3.1400000005960464
			vertex -0.47550252079963684 3.166405489444732 3.0989949479699135
		endloop
	endfacet
	facet normal 0.1622559194923825 0.3479587889164564 0.9233621704431444
		outer loop
			vertex -0.47550252079963684 3.166405489444732 3.0989949479699135
			vertex -0.5249999761581421 3.080673327445983 3.1400000005960464
			vertex -0.3252628743648529 3.0963475608825677 3.0989949479699135
		endloop
	endfacet
	facet normal 0.16225589540612054 0.3479589490523064 0.9233621143302191
		outer loop
			vertex -0.5249999761581421 3.080673327445983 3.1400000005960464
			vertex -0.3591211438179016 3.00332277059555 3.1400000005960464
			vertex -0.3252628743648529 3.0963475608825677 3.0989949479699135
		endloop
	endfacet
	facet normal 0.09936849594796374 0.3708480993468735 0.9233621116462659
		outer loop
			vertex -0.3252628743648529 3.0963475608825677 3.0989949479699135
			vertex -0.3591211438179016 3.00332277059555 3.1400000005960464
			vertex -0.165140300989151 3.0534428262710565 3.0989949479699135
		endloop
	endfacet
	facet normal 0.09936856890474625 0.3708478819806551 0.9233621910952846
		outer loop
			vertex -0.3591211438179016 3.00332277059555 3.1400000005960464
			vertex -0.18233059346675873 2.955951800346374 3.1400000005960464
			vertex -0.165140300989151 3.0534428262710565 3.0989949479699135
		endloop
	endfacet
	facet normal 0.033461622060610534 0.3824690527535887 0.9233621952055682
		outer loop
			vertex -0.165140300989151 3.0534428262710565 3.0989949479699135
			vertex -0.18233059346675873 2.955951800346374 3.1400000005960464
			vertex -1.746967998973858e-16 3.0389949584007256 3.0989949479699135
		endloop
	endfacet
	facet normal 0.03346150073431383 0.38246927570897715 0.9233621072511359
		outer loop
			vertex -0.18233059346675873 2.955951800346374 3.1400000005960464
			vertex -1.9288186935599659e-16 2.940000047683715 3.1400000005960464
			vertex -1.746967998973858e-16 3.0389949584007256 3.0989949479699135
		endloop
	endfacet
	facet normal -0.03346164140894334 0.38246927390660185 0.9233621028998191
		outer loop
			vertex -1.746967998973858e-16 3.0389949584007256 3.0989949479699135
			vertex -1.9288186935599659e-16 2.940000047683715 3.1400000005960464
			vertex 0.165140300989151 3.0534428262710565 3.0989949479699135
		endloop
	endfacet
	facet normal -0.03346148321023176 0.38246907540645625 0.9233621908542184
		outer loop
			vertex -1.9288186935599659e-16 2.940000047683715 3.1400000005960464
			vertex 0.18233059346675873 2.955951800346374 3.1400000005960464
			vertex 0.165140300989151 3.0534428262710565 3.0989949479699135
		endloop
	endfacet
	facet normal -0.09936844404692681 0.37084790564965875 0.9233621950258495
		outer loop
			vertex 0.165140300989151 3.0534428262710565 3.0989949479699135
			vertex 0.18233059346675873 2.955951800346374 3.1400000005960464
			vertex 0.3252628743648529 3.0963475608825677 3.0989949479699135
		endloop
	endfacet
	facet normal -0.09936861591255906 0.3708480574158859 0.9233621155768122
		outer loop
			vertex 0.18233059346675873 2.955951800346374 3.1400000005960464
			vertex 0.3591211438179016 3.00332277059555 3.1400000005960464
			vertex 0.3252628743648529 3.0963475608825677 3.0989949479699135
		endloop
	endfacet
	facet normal -0.16225597934763586 0.34795891727640493 0.9233621115541679
		outer loop
			vertex 0.3252628743648529 3.0963475608825677 3.0989949479699135
			vertex 0.3591211438179016 3.00332277059555 3.1400000005960464
			vertex 0.47550252079963684 3.166405489444732 3.0989949479699135
		endloop
	endfacet
	facet normal -0.16225584119408842 0.34795883279420875 0.9233621676671027
		outer loop
			vertex 0.3591211438179016 3.00332277059555 3.1400000005960464
			vertex 0.5249999761581421 3.080673327445983 3.1400000005960464
			vertex 0.47550252079963684 3.166405489444732 3.0989949479699135
		endloop
	endfacet
	facet normal -0.22021324947143348 0.3144971261264547 0.9233621621094472
		outer loop
			vertex 0.47550252079963684 3.166405489444732 3.0989949479699135
			vertex 0.5249999761581421 3.080673327445983 3.1400000005960464
			vertex 0.6112942695617676 3.261487891674041 3.0989949479699135
		endloop
	endfacet
	facet normal -0.2202131527133048 0.31449708811735666 0.9233621981312481
		outer loop
			vertex 0.5249999761581421 3.080673327445983 3.1400000005960464
			vertex 0.6749269962310791 3.185653319358825 3.1400000005960464
			vertex 0.6112942695617676 3.261487891674041 3.0989949479699135
		endloop
	endfacet
	facet normal -0.2714795197229272 0.2714795197229272 0.9233621936932536
		outer loop
			vertex 0.6112942695617676 3.261487891674041 3.0989949479699135
			vertex 0.6749269962310791 3.185653319358825 3.1400000005960464
			vertex 0.7285121083259583 3.3787057304382317 3.0989949479699135
		endloop
	endfacet
	facet normal -0.2714795197229272 0.2714795197229272 0.9233621936932536
		outer loop
			vertex 0.6749269962310791 3.185653319358825 3.1400000005960464
			vertex 0.8043466806411743 3.3150730037689202 3.1400000005960464
			vertex 0.7285121083259583 3.3787057304382317 3.0989949479699135
		endloop
	endfacet
	facet normal -0.31449705164965797 0.2202131973222211 0.9233621999133369
		outer loop
			vertex 0.7285121083259583 3.3787057304382317 3.0989949479699135
			vertex 0.8043466806411743 3.3150730037689202 3.1400000005960464
			vertex 0.8235945105552673 3.5144974792003625 3.0989949479699135
		endloop
	endfacet
	facet normal -0.31449715557241975 0.22021319994583152 0.923362163891544
		outer loop
			vertex 0.8043466806411743 3.3150730037689202 3.1400000005960464
			vertex 0.9093266725540161 3.4650000238418572 3.1400000005960464
			vertex 0.8235945105552673 3.5144974792003625 3.0989949479699135
		endloop
	endfacet
	facet normal -0.3479587889164564 0.1622559194923825 0.9233621704431444
		outer loop
			vertex 0.8235945105552673 3.5144974792003625 3.0989949479699135
			vertex 0.9093266725540161 3.4650000238418572 3.1400000005960464
			vertex 0.8936524391174316 3.6647371256351464 3.0989949479699135
		endloop
	endfacet
	facet normal -0.3479589490523064 0.16225589540612054 0.9233621143302191
		outer loop
			vertex 0.9093266725540161 3.4650000238418572 3.1400000005960464
			vertex 0.9866772294044495 3.6308788561820977 3.1400000005960464
			vertex 0.8936524391174316 3.6647371256351464 3.0989949479699135
		endloop
	endfacet
	facet normal -0.3708480993468735 0.09936849594796374 0.9233621116462659
		outer loop
			vertex 0.8936524391174316 3.6647371256351464 3.0989949479699135
			vertex 0.9866772294044495 3.6308788561820977 3.1400000005960464
			vertex 0.9365571737289429 3.8248596990108483 3.0989949479699135
		endloop
	endfacet
	facet normal -0.3708478819806551 0.09936856890474625 0.9233621910952846
		outer loop
			vertex 0.9866772294044495 3.6308788561820977 3.1400000005960464
			vertex 1.0340481996536255 3.8076694065332406 3.1400000005960464
			vertex 0.9365571737289429 3.8248596990108483 3.0989949479699135
		endloop
	endfacet
	facet normal -0.38246905275358856 0.03346162206061058 0.9233621952055681
		outer loop
			vertex 0.9365571737289429 3.8248596990108483 3.0989949479699135
			vertex 1.0340481996536255 3.8076694065332406 3.1400000005960464
			vertex 0.9510050415992737 3.989999999999999 3.0989949479699135
		endloop
	endfacet
	facet normal -0.3824692757089771 0.03346150073431387 0.9233621072511359
		outer loop
			vertex 1.0340481996536255 3.8076694065332406 3.1400000005960464
			vertex 1.0499999523162842 3.989999999999999 3.1400000005960464
			vertex 0.9510050415992737 3.989999999999999 3.0989949479699135
		endloop
	endfacet
	facet normal -0.9208763277615655 -0.08056655771047937 0.3814391416032941
		outer loop
			vertex 0.9100000262260437 3.9899999999999993 3
			vertex 0.9510050415992737 3.9899999999999993 3.0989949479699135
			vertex 0.8961750268936157 4.148019840717315 3
		endloop
	endfacet
	facet normal -0.9208760741660831 -0.08056601426065334 0.3814398686223228
		outer loop
			vertex 0.9510050415992737 3.9899999999999993 3.0989949479699135
			vertex 0.9365571737289429 4.15514030098915 3.0989949479699135
			vertex 0.8961750268936157 4.148019840717315 3
		endloop
	endfacet
	facet normal -0.8928957600349426 -0.23925045429635922 0.38143987970662974
		outer loop
			vertex 0.8961750268936157 4.148019840717315 3
			vertex 0.9365571737289429 4.15514030098915 3.0989949479699135
			vertex 0.8551203012466431 4.301238318681716 3
		endloop
	endfacet
	facet normal -0.8928958632729798 -0.23925083916529633 0.3814393966394945
		outer loop
			vertex 0.9365571737289429 4.15514030098915 3.0989949479699135
			vertex 0.8936524391174316 4.315262874364852 3.0989949479699135
			vertex 0.8551203012466431 4.301238318681716 3
		endloop
	endfacet
	facet normal -0.8377853722351002 -0.39066565397320246 0.3814394013137408
		outer loop
			vertex 0.8551203012466431 4.301238318681716 3
			vertex 0.8936524391174316 4.315262874364852 3.0989949479699135
			vertex 0.7880831360816956 4.445000013113021 3
		endloop
	endfacet
	facet normal -0.8377853953993748 -0.39066591791263083 0.38143908011240113
		outer loop
			vertex 0.8936524391174316 4.315262874364852 3.0989949479699135
			vertex 0.8235945105552673 4.465502520799636 3.0989949479699135
			vertex 0.7880831360816956 4.445000013113021 3
		endloop
	endfacet
	facet normal -0.757219213211768 -0.530210608663955 0.3814390824275215
		outer loop
			vertex 0.7880831360816956 4.445000013113021 3
			vertex 0.8235945105552673 4.465502520799636 3.0989949479699135
			vertex 0.6971004605293274 4.5749367380142205 3
		endloop
	endfacet
	facet normal -0.7572192156065384 -0.530210581205369 0.3814391158416818
		outer loop
			vertex 0.8235945105552673 4.465502520799636 3.0989949479699135
			vertex 0.7285121083259583 4.601294269561767 3.0989949479699135
			vertex 0.6971004605293274 4.5749367380142205 3
		endloop
	endfacet
	facet normal -0.6536452311987222 -0.6536452311987222 0.3814391477842016
		outer loop
			vertex 0.6971004605293274 4.5749367380142205 3
			vertex 0.7285121083259583 4.601294269561767 3.0989949479699135
			vertex 0.5849367380142212 4.687100460529327 3
		endloop
	endfacet
	facet normal -0.6536452311987222 -0.6536452311987222 0.3814391477842016
		outer loop
			vertex 0.7285121083259583 4.601294269561767 3.0989949479699135
			vertex 0.6112942695617676 4.718512108325958 3.0989949479699135
			vertex 0.5849367380142212 4.687100460529327 3
		endloop
	endfacet
	facet normal -0.530210600581277 -0.7572192016685076 0.38143911657792734
		outer loop
			vertex 0.5849367380142212 4.687100460529327 3
			vertex 0.6112942695617676 4.718512108325958 3.0989949479699135
			vertex 0.45500001311302185 4.778083136081695 3
		endloop
	endfacet
	facet normal -0.5302105889395407 -0.7572192266520804 0.38143908316376124
		outer loop
			vertex 0.6112942695617676 4.718512108325958 3.0989949479699135
			vertex 0.47550252079963684 4.813594510555267 3.0989949479699135
			vertex 0.45500001311302185 4.778083136081695 3
		endloop
	endfacet
	facet normal -0.39066571122104016 -0.8377854950035097 0.38143907303510877
		outer loop
			vertex 0.45500001311302185 4.778083136081695 3
			vertex 0.47550252079963684 4.813594510555267 3.0989949479699135
			vertex 0.3112383186817169 4.845120301246642 3
		endloop
	endfacet
	facet normal -0.3906658631331516 -0.8377852779244543 0.38143939423645584
		outer loop
			vertex 0.47550252079963684 4.813594510555267 3.0989949479699135
			vertex 0.3252628743648529 4.883652439117431 3.0989949479699135
			vertex 0.3112383186817169 4.845120301246642 3
		endloop
	endfacet
	facet normal -0.23925050702388748 -0.8928959568169573 0.38143938599565597
		outer loop
			vertex 0.3112383186817169 4.845120301246642 3
			vertex 0.3252628743648529 4.883652439117431 3.0989949479699135
			vertex 0.15801984071731567 4.886175026893615 3
		endloop
	endfacet
	facet normal -0.23925078871118544 -0.8928956749757639 0.38143986906280614
		outer loop
			vertex 0.3252628743648529 4.883652439117431 3.0989949479699135
			vertex 0.165140300989151 4.926557173728942 3.0989949479699135
			vertex 0.15801984071731567 4.886175026893615 3
		endloop
	endfacet
	facet normal -0.08056653098795948 -0.9208760223229726 0.38143988464132367
		outer loop
			vertex 0.15801984071731567 4.886175026893615 3
			vertex 0.165140300989151 4.926557173728942 3.0989949479699135
			vertex 5.572142716041371e-17 4.900000026226043 3
		endloop
	endfacet
	facet normal -0.08056603983079835 -0.9208763664349131 0.3814391576223057
		outer loop
			vertex 0.165140300989151 4.926557173728942 3.0989949479699135
			vertex 5.823226442664697e-17 4.941005041599273 3.0989949479699135
			vertex 5.572142716041371e-17 4.900000026226043 3
		endloop
	endfacet
	facet normal 0.08056655771047934 -0.9208763277615656 0.3814391416032941
		outer loop
			vertex 5.572142716041371e-17 4.900000026226043 3
			vertex 5.823226442664697e-17 4.941005041599273 3.0989949479699135
			vertex -0.15801984071731567 4.886175026893615 3
		endloop
	endfacet
	facet normal 0.08056601426065331 -0.9208760741660831 0.3814398686223228
		outer loop
			vertex 5.823226442664697e-17 4.941005041599273 3.0989949479699135
			vertex -0.165140300989151 4.926557173728942 3.0989949479699135
			vertex -0.15801984071731567 4.886175026893615 3
		endloop
	endfacet
	facet normal 0.23925045429635922 -0.8928957600349426 0.38143987970662974
		outer loop
			vertex -0.15801984071731567 4.886175026893615 3
			vertex -0.165140300989151 4.926557173728942 3.0989949479699135
			vertex -0.3112383186817169 4.845120301246642 3
		endloop
	endfacet
	facet normal 0.23925083916529633 -0.8928958632729798 0.3814393966394945
		outer loop
			vertex -0.165140300989151 4.926557173728942 3.0989949479699135
			vertex -0.3252628743648529 4.883652439117431 3.0989949479699135
			vertex -0.3112383186817169 4.845120301246642 3
		endloop
	endfacet
	facet normal 0.39066565397320246 -0.8377853722351002 0.3814394013137408
		outer loop
			vertex -0.3112383186817169 4.845120301246642 3
			vertex -0.3252628743648529 4.883652439117431 3.0989949479699135
			vertex -0.45500001311302185 4.778083136081695 3
		endloop
	endfacet
	facet normal 0.39066591791263083 -0.8377853953993748 0.38143908011240113
		outer loop
			vertex -0.3252628743648529 4.883652439117431 3.0989949479699135
			vertex -0.47550252079963684 4.813594510555267 3.0989949479699135
			vertex -0.45500001311302185 4.778083136081695 3
		endloop
	endfacet
	facet normal 0.530210608663955 -0.757219213211768 0.3814390824275215
		outer loop
			vertex -0.45500001311302185 4.778083136081695 3
			vertex -0.47550252079963684 4.813594510555267 3.0989949479699135
			vertex -0.5849367380142212 4.687100460529327 3
		endloop
	endfacet
	facet normal 0.530210581205369 -0.7572192156065384 0.3814391158416818
		outer loop
			vertex -0.47550252079963684 4.813594510555267 3.0989949479699135
			vertex -0.6112942695617676 4.718512108325958 3.0989949479699135
			vertex -0.5849367380142212 4.687100460529327 3
		endloop
	endfacet
	facet normal 0.6536452311987222 -0.6536452311987222 0.3814391477842016
		outer loop
			vertex -0.5849367380142212 4.687100460529327 3
			vertex -0.6112942695617676 4.718512108325958 3.0989949479699135
			vertex -0.6971004605293274 4.5749367380142205 3
		endloop
	endfacet
	facet normal 0.6536452311987222 -0.6536452311987222 0.3814391477842016
		outer loop
			vertex -0.6112942695617676 4.718512108325958 3.0989949479699135
			vertex -0.7285121083259583 4.601294269561767 3.0989949479699135
			vertex -0.6971004605293274 4.5749367380142205 3
		endloop
	endfacet
	facet normal 0.7572192016685076 -0.530210600581277 0.38143911657792734
		outer loop
			vertex -0.6971004605293274 4.5749367380142205 3
			vertex -0.7285121083259583 4.601294269561767 3.0989949479699135
			vertex -0.7880831360816956 4.445000013113021 3
		endloop
	endfacet
	facet normal 0.7572192266520804 -0.5302105889395407 0.38143908316376124
		outer loop
			vertex -0.7285121083259583 4.601294269561767 3.0989949479699135
			vertex -0.8235945105552673 4.465502520799636 3.0989949479699135
			vertex -0.7880831360816956 4.445000013113021 3
		endloop
	endfacet
	facet normal 0.8377854950035097 -0.39066571122104016 0.38143907303510877
		outer loop
			vertex -0.7880831360816956 4.445000013113021 3
			vertex -0.8235945105552673 4.465502520799636 3.0989949479699135
			vertex -0.8551203012466431 4.301238318681716 3
		endloop
	endfacet
	facet normal 0.8377852779244543 -0.3906658631331516 0.38143939423645584
		outer loop
			vertex -0.8235945105552673 4.465502520799636 3.0989949479699135
			vertex -0.8936524391174316 4.315262874364852 3.0989949479699135
			vertex -0.8551203012466431 4.301238318681716 3
		endloop
	endfacet
	facet normal 0.8928959568169573 -0.23925050702388748 0.38143938599565597
		outer loop
			vertex -0.8551203012466431 4.301238318681716 3
			vertex -0.8936524391174316 4.315262874364852 3.0989949479699135
			vertex -0.8961750268936157 4.148019840717315 3
		endloop
	endfacet
	facet normal 0.8928956749757639 -0.23925078871118544 0.38143986906280614
		outer loop
			vertex -0.8936524391174316 4.315262874364852 3.0989949479699135
			vertex -0.9365571737289429 4.15514030098915 3.0989949479699135
			vertex -0.8961750268936157 4.148019840717315 3
		endloop
	endfacet
	facet normal 0.9208760223229726 -0.08056653098795945 0.38143988464132367
		outer loop
			vertex -0.8961750268936157 4.148019840717315 3
			vertex -0.9365571737289429 4.15514030098915 3.0989949479699135
			vertex -0.9100000262260437 3.9899999999999993 3
		endloop
	endfacet
	facet normal 0.9208763664349131 -0.08056603983079831 0.3814391576223057
		outer loop
			vertex -0.9365571737289429 4.15514030098915 3.0989949479699135
			vertex -0.9510050415992737 3.9899999999999993 3.0989949479699135
			vertex -0.9100000262260437 3.9899999999999993 3
		endloop
	endfacet
	facet normal 0.9208763277615655 0.08056655771047937 0.3814391416032941
		outer loop
			vertex -0.9100000262260437 3.9899999999999993 3
			vertex -0.9510050415992737 3.9899999999999993 3.0989949479699135
			vertex -0.8961750268936157 3.8319801592826837 3
		endloop
	endfacet
	facet normal 0.9208760741660831 0.08056601426065334 0.3814398686223228
		outer loop
			vertex -0.9510050415992737 3.9899999999999993 3.0989949479699135
			vertex -0.9365571737289429 3.8248596990108483 3.0989949479699135
			vertex -0.8961750268936157 3.8319801592826837 3
		endloop
	endfacet
	facet normal 0.8928957600349426 0.23925045429635922 0.38143987970662974
		outer loop
			vertex -0.8961750268936157 3.8319801592826837 3
			vertex -0.9365571737289429 3.8248596990108483 3.0989949479699135
			vertex -0.8551203012466431 3.6787616813182824 3
		endloop
	endfacet
	facet normal 0.8928958632729798 0.23925083916529633 0.3814393966394945
		outer loop
			vertex -0.9365571737289429 3.8248596990108483 3.0989949479699135
			vertex -0.8936524391174316 3.6647371256351464 3.0989949479699135
			vertex -0.8551203012466431 3.6787616813182824 3
		endloop
	endfacet
	facet normal 0.8377853722351002 0.39066565397320246 0.3814394013137408
		outer loop
			vertex -0.8551203012466431 3.6787616813182824 3
			vertex -0.8936524391174316 3.6647371256351464 3.0989949479699135
			vertex -0.7880831360816956 3.5349999868869775 3
		endloop
	endfacet
	facet normal 0.8377853953993748 0.39066591791263083 0.38143908011240113
		outer loop
			vertex -0.8936524391174316 3.6647371256351464 3.0989949479699135
			vertex -0.8235945105552673 3.5144974792003625 3.0989949479699135
			vertex -0.7880831360816956 3.5349999868869775 3
		endloop
	endfacet
	facet normal 0.757219213211768 0.530210608663955 0.3814390824275215
		outer loop
			vertex -0.7880831360816956 3.5349999868869775 3
			vertex -0.8235945105552673 3.5144974792003625 3.0989949479699135
			vertex -0.6971004605293274 3.405063261985778 3
		endloop
	endfacet
	facet normal 0.7572192156065384 0.530210581205369 0.3814391158416818
		outer loop
			vertex -0.8235945105552673 3.5144974792003625 3.0989949479699135
			vertex -0.7285121083259583 3.3787057304382317 3.0989949479699135
			vertex -0.6971004605293274 3.405063261985778 3
		endloop
	endfacet
	facet normal 0.6536452311987222 0.6536452311987222 0.3814391477842016
		outer loop
			vertex -0.6971004605293274 3.405063261985778 3
			vertex -0.7285121083259583 3.3787057304382317 3.0989949479699135
			vertex -0.5849367380142212 3.292899539470672 3
		endloop
	endfacet
	facet normal 0.6536452311987222 0.6536452311987222 0.3814391477842016
		outer loop
			vertex -0.7285121083259583 3.3787057304382317 3.0989949479699135
			vertex -0.6112942695617676 3.261487891674041 3.0989949479699135
			vertex -0.5849367380142212 3.292899539470672 3
		endloop
	endfacet
	facet normal 0.530210600581277 0.7572192016685076 0.38143911657792734
		outer loop
			vertex -0.5849367380142212 3.292899539470672 3
			vertex -0.6112942695617676 3.261487891674041 3.0989949479699135
			vertex -0.45500001311302185 3.2019168639183038 3
		endloop
	endfacet
	facet normal 0.5302105889395407 0.7572192266520804 0.38143908316376124
		outer loop
			vertex -0.6112942695617676 3.261487891674041 3.0989949479699135
			vertex -0.47550252079963684 3.166405489444732 3.0989949479699135
			vertex -0.45500001311302185 3.2019168639183038 3
		endloop
	endfacet
	facet normal 0.39066571122104016 0.8377854950035097 0.38143907303510877
		outer loop
			vertex -0.45500001311302185 3.2019168639183038 3
			vertex -0.47550252079963684 3.166405489444732 3.0989949479699135
			vertex -0.3112383186817169 3.1348796987533563 3
		endloop
	endfacet
	facet normal 0.3906658631331516 0.8377852779244543 0.38143939423645584
		outer loop
			vertex -0.47550252079963684 3.166405489444732 3.0989949479699135
			vertex -0.3252628743648529 3.0963475608825677 3.0989949479699135
			vertex -0.3112383186817169 3.1348796987533563 3
		endloop
	endfacet
	facet normal 0.23925050702388748 0.8928959568169573 0.38143938599565597
		outer loop
			vertex -0.3112383186817169 3.1348796987533563 3
			vertex -0.3252628743648529 3.0963475608825677 3.0989949479699135
			vertex -0.15801984071731567 3.0938249731063836 3
		endloop
	endfacet
	facet normal 0.23925078871118544 0.8928956749757639 0.38143986906280614
		outer loop
			vertex -0.3252628743648529 3.0963475608825677 3.0989949479699135
			vertex -0.165140300989151 3.0534428262710565 3.0989949479699135
			vertex -0.15801984071731567 3.0938249731063836 3
		endloop
	endfacet
	facet normal 0.08056653098795954 0.9208760223229727 0.3814398846413237
		outer loop
			vertex -0.15801984071731567 3.0938249731063836 3
			vertex -0.165140300989151 3.0534428262710565 3.0989949479699135
			vertex -1.6716428148124112e-16 3.0799999737739556 3
		endloop
	endfacet
	facet normal 0.0805660398307984 0.9208763664349131 0.3814391576223057
		outer loop
			vertex -0.165140300989151 3.0534428262710565 3.0989949479699135
			vertex -1.746967998973858e-16 3.0389949584007256 3.0989949479699135
			vertex -1.6716428148124112e-16 3.0799999737739556 3
		endloop
	endfacet
	facet normal -0.0805665577104793 0.9208763277615656 0.3814391416032942
		outer loop
			vertex -1.6716428148124112e-16 3.0799999737739556 3
			vertex -1.746967998973858e-16 3.0389949584007256 3.0989949479699135
			vertex 0.15801984071731567 3.0938249731063836 3
		endloop
	endfacet
	facet normal -0.08056601426065325 0.9208760741660831 0.3814398686223228
		outer loop
			vertex -1.746967998973858e-16 3.0389949584007256 3.0989949479699135
			vertex 0.165140300989151 3.0534428262710565 3.0989949479699135
			vertex 0.15801984071731567 3.0938249731063836 3
		endloop
	endfacet
	facet normal -0.23925045429635922 0.8928957600349426 0.38143987970662974
		outer loop
			vertex 0.15801984071731567 3.0938249731063836 3
			vertex 0.165140300989151 3.0534428262710565 3.0989949479699135
			vertex 0.3112383186817169 3.1348796987533563 3
		endloop
	endfacet
	facet normal -0.23925083916529633 0.8928958632729798 0.3814393966394945
		outer loop
			vertex 0.165140300989151 3.0534428262710565 3.0989949479699135
			vertex 0.3252628743648529 3.0963475608825677 3.0989949479699135
			vertex 0.3112383186817169 3.1348796987533563 3
		endloop
	endfacet
	facet normal -0.39066565397320246 0.8377853722351002 0.3814394013137408
		outer loop
			vertex 0.3112383186817169 3.1348796987533563 3
			vertex 0.3252628743648529 3.0963475608825677 3.0989949479699135
			vertex 0.45500001311302185 3.2019168639183038 3
		endloop
	endfacet
	facet normal -0.39066591791263083 0.8377853953993748 0.38143908011240113
		outer loop
			vertex 0.3252628743648529 3.0963475608825677 3.0989949479699135
			vertex 0.47550252079963684 3.166405489444732 3.0989949479699135
			vertex 0.45500001311302185 3.2019168639183038 3
		endloop
	endfacet
	facet normal -0.530210608663955 0.757219213211768 0.3814390824275215
		outer loop
			vertex 0.45500001311302185 3.2019168639183038 3
			vertex 0.47550252079963684 3.166405489444732 3.0989949479699135
			vertex 0.5849367380142212 3.292899539470672 3
		endloop
	endfacet
	facet normal -0.530210581205369 0.7572192156065384 0.3814391158416818
		outer loop
			vertex 0.47550252079963684 3.166405489444732 3.0989949479699135
			vertex 0.6112942695617676 3.261487891674041 3.0989949479699135
			vertex 0.5849367380142212 3.292899539470672 3
		endloop
	endfacet
	facet normal -0.6536452311987222 0.6536452311987222 0.3814391477842016
		outer loop
			vertex 0.5849367380142212 3.292899539470672 3
			vertex 0.6112942695617676 3.261487891674041 3.0989949479699135
			vertex 0.6971004605293274 3.405063261985778 3
		endloop
	endfacet
	facet normal -0.6536452311987222 0.6536452311987222 0.3814391477842016
		outer loop
			vertex 0.6112942695617676 3.261487891674041 3.0989949479699135
			vertex 0.7285121083259583 3.3787057304382317 3.0989949479699135
			vertex 0.6971004605293274 3.405063261985778 3
		endloop
	endfacet
	facet normal -0.7572192016685076 0.530210600581277 0.38143911657792734
		outer loop
			vertex 0.6971004605293274 3.405063261985778 3
			vertex 0.7285121083259583 3.3787057304382317 3.0989949479699135
			vertex 0.7880831360816956 3.5349999868869775 3
		endloop
	endfacet
	facet normal -0.7572192266520804 0.5302105889395407 0.38143908316376124
		outer loop
			vertex 0.7285121083259583 3.3787057304382317 3.0989949479699135
			vertex 0.8235945105552673 3.5144974792003625 3.0989949479699135
			vertex 0.7880831360816956 3.5349999868869775 3
		endloop
	endfacet
	facet normal -0.8377854950035097 0.39066571122104016 0.38143907303510877
		outer loop
			vertex 0.7880831360816956 3.5349999868869775 3
			vertex 0.8235945105552673 3.5144974792003625 3.0989949479699135
			vertex 0.8551203012466431 3.6787616813182824 3
		endloop
	endfacet
	facet normal -0.8377852779244543 0.3906658631331516 0.38143939423645584
		outer loop
			vertex 0.8235945105552673 3.5144974792003625 3.0989949479699135
			vertex 0.8936524391174316 3.6647371256351464 3.0989949479699135
			vertex 0.8551203012466431 3.6787616813182824 3
		endloop
	endfacet
	facet normal -0.8928959568169573 0.23925050702388748 0.38143938599565597
		outer loop
			vertex 0.8551203012466431 3.6787616813182824 3
			vertex 0.8936524391174316 3.6647371256351464 3.0989949479699135
			vertex 0.8961750268936157 3.8319801592826837 3
		endloop
	endfacet
	facet normal -0.8928956749757639 0.23925078871118544 0.38143986906280614
		outer loop
			vertex 0.8936524391174316 3.6647371256351464 3.0989949479699135
			vertex 0.9365571737289429 3.8248596990108483 3.0989949479699135
			vertex 0.8961750268936157 3.8319801592826837 3
		endloop
	endfacet
	facet normal -0.9208760223229726 0.08056653098795968 0.3814398846413237
		outer loop
			vertex 0.8961750268936157 3.8319801592826837 3
			vertex 0.9365571737289429 3.8248596990108483 3.0989949479699135
			vertex 0.9100000262260437 3.989999999999999 3
		endloop
	endfacet
	facet normal -0.9208763664349131 0.08056603983079855 0.38143915762230574
		outer loop
			vertex 0.9365571737289429 3.8248596990108483 3.0989949479699135
			vertex 0.9510050415992737 3.989999999999999 3.0989949479699135
			vertex 0.9100000262260437 3.989999999999999 3
		endloop
	endfacet
	facet normal -0.9208763664349131 -0.08056603983079831 -0.3814391576223057
		outer loop
			vertex 0.9510050415992737 3.9899999999999993 2.9010050520300865
			vertex 0.9100000262260437 3.9899999999999993 3
			vertex 0.9365571737289429 4.15514030098915 2.9010050520300865
		endloop
	endfacet
	facet normal -0.9208760223229726 -0.08056653098795945 -0.38143988464132367
		outer loop
			vertex 0.9100000262260437 3.9899999999999993 3
			vertex 0.8961750268936157 4.148019840717315 3
			vertex 0.9365571737289429 4.15514030098915 2.9010050520300865
		endloop
	endfacet
	facet normal -0.8928956749757639 -0.23925078871118544 -0.38143986906280614
		outer loop
			vertex 0.9365571737289429 4.15514030098915 2.9010050520300865
			vertex 0.8961750268936157 4.148019840717315 3
			vertex 0.8936524391174316 4.315262874364852 2.9010050520300865
		endloop
	endfacet
	facet normal -0.8928959568169573 -0.23925050702388748 -0.38143938599565597
		outer loop
			vertex 0.8961750268936157 4.148019840717315 3
			vertex 0.8551203012466431 4.301238318681716 3
			vertex 0.8936524391174316 4.315262874364852 2.9010050520300865
		endloop
	endfacet
	facet normal -0.8377852779244543 -0.3906658631331516 -0.38143939423645584
		outer loop
			vertex 0.8936524391174316 4.315262874364852 2.9010050520300865
			vertex 0.8551203012466431 4.301238318681716 3
			vertex 0.8235945105552673 4.465502520799636 2.9010050520300865
		endloop
	endfacet
	facet normal -0.8377854950035097 -0.39066571122104016 -0.38143907303510877
		outer loop
			vertex 0.8551203012466431 4.301238318681716 3
			vertex 0.7880831360816956 4.445000013113021 3
			vertex 0.8235945105552673 4.465502520799636 2.9010050520300865
		endloop
	endfacet
	facet normal -0.7572192266520804 -0.5302105889395407 -0.38143908316376124
		outer loop
			vertex 0.8235945105552673 4.465502520799636 2.9010050520300865
			vertex 0.7880831360816956 4.445000013113021 3
			vertex 0.7285121083259583 4.601294269561767 2.9010050520300865
		endloop
	endfacet
	facet normal -0.7572192016685076 -0.530210600581277 -0.38143911657792734
		outer loop
			vertex 0.7880831360816956 4.445000013113021 3
			vertex 0.6971004605293274 4.5749367380142205 3
			vertex 0.7285121083259583 4.601294269561767 2.9010050520300865
		endloop
	endfacet
	facet normal -0.6536452311987222 -0.6536452311987222 -0.3814391477842016
		outer loop
			vertex 0.7285121083259583 4.601294269561767 2.9010050520300865
			vertex 0.6971004605293274 4.5749367380142205 3
			vertex 0.6112942695617676 4.718512108325958 2.9010050520300865
		endloop
	endfacet
	facet normal -0.6536452311987222 -0.6536452311987222 -0.3814391477842016
		outer loop
			vertex 0.6971004605293274 4.5749367380142205 3
			vertex 0.5849367380142212 4.687100460529327 3
			vertex 0.6112942695617676 4.718512108325958 2.9010050520300865
		endloop
	endfacet
	facet normal -0.530210581205369 -0.7572192156065384 -0.3814391158416818
		outer loop
			vertex 0.6112942695617676 4.718512108325958 2.9010050520300865
			vertex 0.5849367380142212 4.687100460529327 3
			vertex 0.47550252079963684 4.813594510555267 2.9010050520300865
		endloop
	endfacet
	facet normal -0.530210608663955 -0.757219213211768 -0.3814390824275215
		outer loop
			vertex 0.5849367380142212 4.687100460529327 3
			vertex 0.45500001311302185 4.778083136081695 3
			vertex 0.47550252079963684 4.813594510555267 2.9010050520300865
		endloop
	endfacet
	facet normal -0.39066591791263083 -0.8377853953993748 -0.38143908011240113
		outer loop
			vertex 0.47550252079963684 4.813594510555267 2.9010050520300865
			vertex 0.45500001311302185 4.778083136081695 3
			vertex 0.3252628743648529 4.883652439117431 2.9010050520300865
		endloop
	endfacet
	facet normal -0.39066565397320246 -0.8377853722351002 -0.3814394013137408
		outer loop
			vertex 0.45500001311302185 4.778083136081695 3
			vertex 0.3112383186817169 4.845120301246642 3
			vertex 0.3252628743648529 4.883652439117431 2.9010050520300865
		endloop
	endfacet
	facet normal -0.23925083916529633 -0.8928958632729798 -0.3814393966394945
		outer loop
			vertex 0.3252628743648529 4.883652439117431 2.9010050520300865
			vertex 0.3112383186817169 4.845120301246642 3
			vertex 0.165140300989151 4.926557173728942 2.9010050520300865
		endloop
	endfacet
	facet normal -0.23925045429635922 -0.8928957600349426 -0.38143987970662974
		outer loop
			vertex 0.3112383186817169 4.845120301246642 3
			vertex 0.15801984071731567 4.886175026893615 3
			vertex 0.165140300989151 4.926557173728942 2.9010050520300865
		endloop
	endfacet
	facet normal -0.08056601426065338 -0.9208760741660832 -0.38143986862232293
		outer loop
			vertex 0.165140300989151 4.926557173728942 2.9010050520300865
			vertex 0.15801984071731567 4.886175026893615 3
			vertex 5.823226442664697e-17 4.941005041599273 2.9010050520300865
		endloop
	endfacet
	facet normal -0.08056655771047941 -0.9208763277615656 -0.38143914160329423
		outer loop
			vertex 0.15801984071731567 4.886175026893615 3
			vertex 5.572142716041371e-17 4.900000026226043 3
			vertex 5.823226442664697e-17 4.941005041599273 2.9010050520300865
		endloop
	endfacet
	facet normal 0.08056603983079828 -0.9208763664349131 -0.3814391576223057
		outer loop
			vertex 5.823226442664697e-17 4.941005041599273 2.9010050520300865
			vertex 5.572142716041371e-17 4.900000026226043 3
			vertex -0.165140300989151 4.926557173728942 2.9010050520300865
		endloop
	endfacet
	facet normal 0.0805665309879594 -0.9208760223229726 -0.3814398846413236
		outer loop
			vertex 5.572142716041371e-17 4.900000026226043 3
			vertex -0.15801984071731567 4.886175026893615 3
			vertex -0.165140300989151 4.926557173728942 2.9010050520300865
		endloop
	endfacet
	facet normal 0.23925078871118544 -0.8928956749757639 -0.38143986906280614
		outer loop
			vertex -0.165140300989151 4.926557173728942 2.9010050520300865
			vertex -0.15801984071731567 4.886175026893615 3
			vertex -0.3252628743648529 4.883652439117431 2.9010050520300865
		endloop
	endfacet
	facet normal 0.23925050702388748 -0.8928959568169573 -0.38143938599565597
		outer loop
			vertex -0.15801984071731567 4.886175026893615 3
			vertex -0.3112383186817169 4.845120301246642 3
			vertex -0.3252628743648529 4.883652439117431 2.9010050520300865
		endloop
	endfacet
	facet normal 0.3906658631331516 -0.8377852779244543 -0.38143939423645584
		outer loop
			vertex -0.3252628743648529 4.883652439117431 2.9010050520300865
			vertex -0.3112383186817169 4.845120301246642 3
			vertex -0.47550252079963684 4.813594510555267 2.9010050520300865
		endloop
	endfacet
	facet normal 0.39066571122104016 -0.8377854950035097 -0.38143907303510877
		outer loop
			vertex -0.3112383186817169 4.845120301246642 3
			vertex -0.45500001311302185 4.778083136081695 3
			vertex -0.47550252079963684 4.813594510555267 2.9010050520300865
		endloop
	endfacet
	facet normal 0.5302105889395407 -0.7572192266520804 -0.38143908316376124
		outer loop
			vertex -0.47550252079963684 4.813594510555267 2.9010050520300865
			vertex -0.45500001311302185 4.778083136081695 3
			vertex -0.6112942695617676 4.718512108325958 2.9010050520300865
		endloop
	endfacet
	facet normal 0.530210600581277 -0.7572192016685076 -0.38143911657792734
		outer loop
			vertex -0.45500001311302185 4.778083136081695 3
			vertex -0.5849367380142212 4.687100460529327 3
			vertex -0.6112942695617676 4.718512108325958 2.9010050520300865
		endloop
	endfacet
	facet normal 0.6536452311987222 -0.6536452311987222 -0.3814391477842016
		outer loop
			vertex -0.6112942695617676 4.718512108325958 2.9010050520300865
			vertex -0.5849367380142212 4.687100460529327 3
			vertex -0.7285121083259583 4.601294269561767 2.9010050520300865
		endloop
	endfacet
	facet normal 0.6536452311987222 -0.6536452311987222 -0.3814391477842016
		outer loop
			vertex -0.5849367380142212 4.687100460529327 3
			vertex -0.6971004605293274 4.5749367380142205 3
			vertex -0.7285121083259583 4.601294269561767 2.9010050520300865
		endloop
	endfacet
	facet normal 0.7572192156065384 -0.530210581205369 -0.3814391158416818
		outer loop
			vertex -0.7285121083259583 4.601294269561767 2.9010050520300865
			vertex -0.6971004605293274 4.5749367380142205 3
			vertex -0.8235945105552673 4.465502520799636 2.9010050520300865
		endloop
	endfacet
	facet normal 0.757219213211768 -0.530210608663955 -0.3814390824275215
		outer loop
			vertex -0.6971004605293274 4.5749367380142205 3
			vertex -0.7880831360816956 4.445000013113021 3
			vertex -0.8235945105552673 4.465502520799636 2.9010050520300865
		endloop
	endfacet
	facet normal 0.8377853953993748 -0.39066591791263083 -0.38143908011240113
		outer loop
			vertex -0.8235945105552673 4.465502520799636 2.9010050520300865
			vertex -0.7880831360816956 4.445000013113021 3
			vertex -0.8936524391174316 4.315262874364852 2.9010050520300865
		endloop
	endfacet
	facet normal 0.8377853722351002 -0.39066565397320246 -0.3814394013137408
		outer loop
			vertex -0.7880831360816956 4.445000013113021 3
			vertex -0.8551203012466431 4.301238318681716 3
			vertex -0.8936524391174316 4.315262874364852 2.9010050520300865
		endloop
	endfacet
	facet normal 0.8928958632729798 -0.23925083916529633 -0.3814393966394945
		outer loop
			vertex -0.8936524391174316 4.315262874364852 2.9010050520300865
			vertex -0.8551203012466431 4.301238318681716 3
			vertex -0.9365571737289429 4.15514030098915 2.9010050520300865
		endloop
	endfacet
	facet normal 0.8928957600349426 -0.23925045429635922 -0.38143987970662974
		outer loop
			vertex -0.8551203012466431 4.301238318681716 3
			vertex -0.8961750268936157 4.148019840717315 3
			vertex -0.9365571737289429 4.15514030098915 2.9010050520300865
		endloop
	endfacet
	facet normal 0.9208760741660831 -0.08056601426065334 -0.3814398686223228
		outer loop
			vertex -0.9365571737289429 4.15514030098915 2.9010050520300865
			vertex -0.8961750268936157 4.148019840717315 3
			vertex -0.9510050415992737 3.9899999999999993 2.9010050520300865
		endloop
	endfacet
	facet normal 0.9208763277615655 -0.08056655771047937 -0.3814391416032941
		outer loop
			vertex -0.8961750268936157 4.148019840717315 3
			vertex -0.9100000262260437 3.9899999999999993 3
			vertex -0.9510050415992737 3.9899999999999993 2.9010050520300865
		endloop
	endfacet
	facet normal 0.9208763664349131 0.08056603983079831 -0.3814391576223057
		outer loop
			vertex -0.9510050415992737 3.9899999999999993 2.9010050520300865
			vertex -0.9100000262260437 3.9899999999999993 3
			vertex -0.9365571737289429 3.8248596990108483 2.9010050520300865
		endloop
	endfacet
	facet normal 0.9208760223229726 0.08056653098795945 -0.38143988464132367
		outer loop
			vertex -0.9100000262260437 3.9899999999999993 3
			vertex -0.8961750268936157 3.8319801592826837 3
			vertex -0.9365571737289429 3.8248596990108483 2.9010050520300865
		endloop
	endfacet
	facet normal 0.8928956749757639 0.23925078871118544 -0.38143986906280614
		outer loop
			vertex -0.9365571737289429 3.8248596990108483 2.9010050520300865
			vertex -0.8961750268936157 3.8319801592826837 3
			vertex -0.8936524391174316 3.6647371256351464 2.9010050520300865
		endloop
	endfacet
	facet normal 0.8928959568169573 0.23925050702388748 -0.38143938599565597
		outer loop
			vertex -0.8961750268936157 3.8319801592826837 3
			vertex -0.8551203012466431 3.6787616813182824 3
			vertex -0.8936524391174316 3.6647371256351464 2.9010050520300865
		endloop
	endfacet
	facet normal 0.8377852779244543 0.3906658631331516 -0.38143939423645584
		outer loop
			vertex -0.8936524391174316 3.6647371256351464 2.9010050520300865
			vertex -0.8551203012466431 3.6787616813182824 3
			vertex -0.8235945105552673 3.5144974792003625 2.9010050520300865
		endloop
	endfacet
	facet normal 0.8377854950035097 0.39066571122104016 -0.38143907303510877
		outer loop
			vertex -0.8551203012466431 3.6787616813182824 3
			vertex -0.7880831360816956 3.5349999868869775 3
			vertex -0.8235945105552673 3.5144974792003625 2.9010050520300865
		endloop
	endfacet
	facet normal 0.7572192266520804 0.5302105889395407 -0.38143908316376124
		outer loop
			vertex -0.8235945105552673 3.5144974792003625 2.9010050520300865
			vertex -0.7880831360816956 3.5349999868869775 3
			vertex -0.7285121083259583 3.3787057304382317 2.9010050520300865
		endloop
	endfacet
	facet normal 0.7572192016685076 0.530210600581277 -0.38143911657792734
		outer loop
			vertex -0.7880831360816956 3.5349999868869775 3
			vertex -0.6971004605293274 3.405063261985778 3
			vertex -0.7285121083259583 3.3787057304382317 2.9010050520300865
		endloop
	endfacet
	facet normal 0.6536452311987222 0.6536452311987222 -0.3814391477842016
		outer loop
			vertex -0.7285121083259583 3.3787057304382317 2.9010050520300865
			vertex -0.6971004605293274 3.405063261985778 3
			vertex -0.6112942695617676 3.261487891674041 2.9010050520300865
		endloop
	endfacet
	facet normal 0.6536452311987222 0.6536452311987222 -0.3814391477842016
		outer loop
			vertex -0.6971004605293274 3.405063261985778 3
			vertex -0.5849367380142212 3.292899539470672 3
			vertex -0.6112942695617676 3.261487891674041 2.9010050520300865
		endloop
	endfacet
	facet normal 0.530210581205369 0.7572192156065384 -0.3814391158416818
		outer loop
			vertex -0.6112942695617676 3.261487891674041 2.9010050520300865
			vertex -0.5849367380142212 3.292899539470672 3
			vertex -0.47550252079963684 3.166405489444732 2.9010050520300865
		endloop
	endfacet
	facet normal 0.530210608663955 0.757219213211768 -0.3814390824275215
		outer loop
			vertex -0.5849367380142212 3.292899539470672 3
			vertex -0.45500001311302185 3.2019168639183038 3
			vertex -0.47550252079963684 3.166405489444732 2.9010050520300865
		endloop
	endfacet
	facet normal 0.39066591791263083 0.8377853953993748 -0.38143908011240113
		outer loop
			vertex -0.47550252079963684 3.166405489444732 2.9010050520300865
			vertex -0.45500001311302185 3.2019168639183038 3
			vertex -0.3252628743648529 3.0963475608825677 2.9010050520300865
		endloop
	endfacet
	facet normal 0.39066565397320246 0.8377853722351002 -0.3814394013137408
		outer loop
			vertex -0.45500001311302185 3.2019168639183038 3
			vertex -0.3112383186817169 3.1348796987533563 3
			vertex -0.3252628743648529 3.0963475608825677 2.9010050520300865
		endloop
	endfacet
	facet normal 0.23925083916529633 0.8928958632729798 -0.3814393966394945
		outer loop
			vertex -0.3252628743648529 3.0963475608825677 2.9010050520300865
			vertex -0.3112383186817169 3.1348796987533563 3
			vertex -0.165140300989151 3.0534428262710565 2.9010050520300865
		endloop
	endfacet
	facet normal 0.23925045429635922 0.8928957600349426 -0.38143987970662974
		outer loop
			vertex -0.3112383186817169 3.1348796987533563 3
			vertex -0.15801984071731567 3.0938249731063836 3
			vertex -0.165140300989151 3.0534428262710565 2.9010050520300865
		endloop
	endfacet
	facet normal 0.08056601426065343 0.9208760741660832 -0.38143986862232293
		outer loop
			vertex -0.165140300989151 3.0534428262710565 2.9010050520300865
			vertex -0.15801984071731567 3.0938249731063836 3
			vertex -1.746967998973858e-16 3.0389949584007256 2.9010050520300865
		endloop
	endfacet
	facet normal 0.08056655771047946 0.9208763277615656 -0.3814391416032942
		outer loop
			vertex -0.15801984071731567 3.0938249731063836 3
			vertex -1.6716428148124112e-16 3.0799999737739556 3
			vertex -1.746967998973858e-16 3.0389949584007256 2.9010050520300865
		endloop
	endfacet
	facet normal -0.08056603983079823 0.920876366434913 -0.3814391576223056
		outer loop
			vertex -1.746967998973858e-16 3.0389949584007256 2.9010050520300865
			vertex -1.6716428148124112e-16 3.0799999737739556 3
			vertex 0.165140300989151 3.0534428262710565 2.9010050520300865
		endloop
	endfacet
	facet normal -0.08056653098795935 0.9208760223229726 -0.3814398846413236
		outer loop
			vertex -1.6716428148124112e-16 3.0799999737739556 3
			vertex 0.15801984071731567 3.0938249731063836 3
			vertex 0.165140300989151 3.0534428262710565 2.9010050520300865
		endloop
	endfacet
	facet normal -0.23925078871118544 0.8928956749757639 -0.38143986906280614
		outer loop
			vertex 0.165140300989151 3.0534428262710565 2.9010050520300865
			vertex 0.15801984071731567 3.0938249731063836 3
			vertex 0.3252628743648529 3.0963475608825677 2.9010050520300865
		endloop
	endfacet
	facet normal -0.23925050702388748 0.8928959568169573 -0.38143938599565597
		outer loop
			vertex 0.15801984071731567 3.0938249731063836 3
			vertex 0.3112383186817169 3.1348796987533563 3
			vertex 0.3252628743648529 3.0963475608825677 2.9010050520300865
		endloop
	endfacet
	facet normal -0.3906658631331516 0.8377852779244543 -0.38143939423645584
		outer loop
			vertex 0.3252628743648529 3.0963475608825677 2.9010050520300865
			vertex 0.3112383186817169 3.1348796987533563 3
			vertex 0.47550252079963684 3.166405489444732 2.9010050520300865
		endloop
	endfacet
	facet normal -0.39066571122104016 0.8377854950035097 -0.38143907303510877
		outer loop
			vertex 0.3112383186817169 3.1348796987533563 3
			vertex 0.45500001311302185 3.2019168639183038 3
			vertex 0.47550252079963684 3.166405489444732 2.9010050520300865
		endloop
	endfacet
	facet normal -0.5302105889395407 0.7572192266520804 -0.38143908316376124
		outer loop
			vertex 0.47550252079963684 3.166405489444732 2.9010050520300865
			vertex 0.45500001311302185 3.2019168639183038 3
			vertex 0.6112942695617676 3.261487891674041 2.9010050520300865
		endloop
	endfacet
	facet normal -0.530210600581277 0.7572192016685076 -0.38143911657792734
		outer loop
			vertex 0.45500001311302185 3.2019168639183038 3
			vertex 0.5849367380142212 3.292899539470672 3
			vertex 0.6112942695617676 3.261487891674041 2.9010050520300865
		endloop
	endfacet
	facet normal -0.6536452311987222 0.6536452311987222 -0.3814391477842016
		outer loop
			vertex 0.6112942695617676 3.261487891674041 2.9010050520300865
			vertex 0.5849367380142212 3.292899539470672 3
			vertex 0.7285121083259583 3.3787057304382317 2.9010050520300865
		endloop
	endfacet
	facet normal -0.6536452311987222 0.6536452311987222 -0.3814391477842016
		outer loop
			vertex 0.5849367380142212 3.292899539470672 3
			vertex 0.6971004605293274 3.405063261985778 3
			vertex 0.7285121083259583 3.3787057304382317 2.9010050520300865
		endloop
	endfacet
	facet normal -0.7572192156065384 0.530210581205369 -0.3814391158416818
		outer loop
			vertex 0.7285121083259583 3.3787057304382317 2.9010050520300865
			vertex 0.6971004605293274 3.405063261985778 3
			vertex 0.8235945105552673 3.5144974792003625 2.9010050520300865
		endloop
	endfacet
	facet normal -0.757219213211768 0.530210608663955 -0.3814390824275215
		outer loop
			vertex 0.6971004605293274 3.405063261985778 3
			vertex 0.7880831360816956 3.5349999868869775 3
			vertex 0.8235945105552673 3.5144974792003625 2.9010050520300865
		endloop
	endfacet
	facet normal -0.8377853953993748 0.39066591791263083 -0.38143908011240113
		outer loop
			vertex 0.8235945105552673 3.5144974792003625 2.9010050520300865
			vertex 0.7880831360816956 3.5349999868869775 3
			vertex 0.8936524391174316 3.6647371256351464 2.9010050520300865
		endloop
	endfacet
	facet normal -0.8377853722351002 0.39066565397320246 -0.3814394013137408
		outer loop
			vertex 0.7880831360816956 3.5349999868869775 3
			vertex 0.8551203012466431 3.6787616813182824 3
			vertex 0.8936524391174316 3.6647371256351464 2.9010050520300865
		endloop
	endfacet
	facet normal -0.8928958632729798 0.23925083916529633 -0.3814393966394945
		outer loop
			vertex 0.8936524391174316 3.6647371256351464 2.9010050520300865
			vertex 0.8551203012466431 3.6787616813182824 3
			vertex 0.9365571737289429 3.8248596990108483 2.9010050520300865
		endloop
	endfacet
	facet normal -0.8928957600349426 0.23925045429635922 -0.38143987970662974
		outer loop
			vertex 0.8551203012466431 3.6787616813182824 3
			vertex 0.8961750268936157 3.8319801592826837 3
			vertex 0.9365571737289429 3.8248596990108483 2.9010050520300865
		endloop
	endfacet
	facet normal -0.9208760741660831 0.08056601426065356 -0.3814398686223228
		outer loop
			vertex 0.9365571737289429 3.8248596990108483 2.9010050520300865
			vertex 0.8961750268936157 3.8319801592826837 3
			vertex 0.9510050415992737 3.989999999999999 2.9010050520300865
		endloop
	endfacet
	facet normal -0.9208763277615655 0.0805665577104796 -0.3814391416032941
		outer loop
			vertex 0.8961750268936157 3.8319801592826837 3
			vertex 0.9100000262260437 3.989999999999999 3
			vertex 0.9510050415992737 3.989999999999999 2.9010050520300865
		endloop
	endfacet
	facet normal -0.38246927570897704 -0.03346150073431379 -0.9233621072511359
		outer loop
			vertex 1.0499999523162842 3.9899999999999993 2.8599999994039536
			vertex 0.9510050415992737 3.9899999999999993 2.9010050520300865
			vertex 1.0340481996536255 4.172330593466758 2.8599999994039536
		endloop
	endfacet
	facet normal -0.38246905275358867 -0.0334616220606105 -0.9233621952055681
		outer loop
			vertex 0.9510050415992737 3.9899999999999993 2.9010050520300865
			vertex 0.9365571737289429 4.15514030098915 2.9010050520300865
			vertex 1.0340481996536255 4.172330593466758 2.8599999994039536
		endloop
	endfacet
	facet normal -0.3708478819806551 -0.09936856890474625 -0.9233621910952846
		outer loop
			vertex 1.0340481996536255 4.172330593466758 2.8599999994039536
			vertex 0.9365571737289429 4.15514030098915 2.9010050520300865
			vertex 0.9866772294044495 4.349121143817901 2.8599999994039536
		endloop
	endfacet
	facet normal -0.3708480993468735 -0.09936849594796374 -0.9233621116462659
		outer loop
			vertex 0.9365571737289429 4.15514030098915 2.9010050520300865
			vertex 0.8936524391174316 4.315262874364852 2.9010050520300865
			vertex 0.9866772294044495 4.349121143817901 2.8599999994039536
		endloop
	endfacet
	facet normal -0.3479589490523064 -0.16225589540612054 -0.9233621143302191
		outer loop
			vertex 0.9866772294044495 4.349121143817901 2.8599999994039536
			vertex 0.8936524391174316 4.315262874364852 2.9010050520300865
			vertex 0.9093266725540161 4.514999976158141 2.8599999994039536
		endloop
	endfacet
	facet normal -0.3479587889164564 -0.1622559194923825 -0.9233621704431444
		outer loop
			vertex 0.8936524391174316 4.315262874364852 2.9010050520300865
			vertex 0.8235945105552673 4.465502520799636 2.9010050520300865
			vertex 0.9093266725540161 4.514999976158141 2.8599999994039536
		endloop
	endfacet
	facet normal -0.31449715557241975 -0.22021319994583152 -0.923362163891544
		outer loop
			vertex 0.9093266725540161 4.514999976158141 2.8599999994039536
			vertex 0.8235945105552673 4.465502520799636 2.9010050520300865
			vertex 0.8043466806411743 4.664926996231078 2.8599999994039536
		endloop
	endfacet
	facet normal -0.31449705164965797 -0.2202131973222211 -0.9233621999133369
		outer loop
			vertex 0.8235945105552673 4.465502520799636 2.9010050520300865
			vertex 0.7285121083259583 4.601294269561767 2.9010050520300865
			vertex 0.8043466806411743 4.664926996231078 2.8599999994039536
		endloop
	endfacet
	facet normal -0.2714795197229272 -0.2714795197229272 -0.9233621936932536
		outer loop
			vertex 0.8043466806411743 4.664926996231078 2.8599999994039536
			vertex 0.7285121083259583 4.601294269561767 2.9010050520300865
			vertex 0.6749269962310791 4.794346680641174 2.8599999994039536
		endloop
	endfacet
	facet normal -0.2714795197229272 -0.2714795197229272 -0.9233621936932536
		outer loop
			vertex 0.7285121083259583 4.601294269561767 2.9010050520300865
			vertex 0.6112942695617676 4.718512108325958 2.9010050520300865
			vertex 0.6749269962310791 4.794346680641174 2.8599999994039536
		endloop
	endfacet
	facet normal -0.2202131527133048 -0.31449708811735666 -0.9233621981312481
		outer loop
			vertex 0.6749269962310791 4.794346680641174 2.8599999994039536
			vertex 0.6112942695617676 4.718512108325958 2.9010050520300865
			vertex 0.5249999761581421 4.899326672554015 2.8599999994039536
		endloop
	endfacet
	facet normal -0.22021324947143348 -0.3144971261264547 -0.9233621621094472
		outer loop
			vertex 0.6112942695617676 4.718512108325958 2.9010050520300865
			vertex 0.47550252079963684 4.813594510555267 2.9010050520300865
			vertex 0.5249999761581421 4.899326672554015 2.8599999994039536
		endloop
	endfacet
	facet normal -0.16225584119408842 -0.34795883279420875 -0.9233621676671027
		outer loop
			vertex 0.5249999761581421 4.899326672554015 2.8599999994039536
			vertex 0.47550252079963684 4.813594510555267 2.9010050520300865
			vertex 0.3591211438179016 4.976677229404449 2.8599999994039536
		endloop
	endfacet
	facet normal -0.16225597934763586 -0.34795891727640493 -0.9233621115541679
		outer loop
			vertex 0.47550252079963684 4.813594510555267 2.9010050520300865
			vertex 0.3252628743648529 4.883652439117431 2.9010050520300865
			vertex 0.3591211438179016 4.976677229404449 2.8599999994039536
		endloop
	endfacet
	facet normal -0.09936861591255906 -0.3708480574158859 -0.9233621155768122
		outer loop
			vertex 0.3591211438179016 4.976677229404449 2.8599999994039536
			vertex 0.3252628743648529 4.883652439117431 2.9010050520300865
			vertex 0.18233059346675873 5.024048199653625 2.8599999994039536
		endloop
	endfacet
	facet normal -0.09936844404692681 -0.37084790564965875 -0.9233621950258495
		outer loop
			vertex 0.3252628743648529 4.883652439117431 2.9010050520300865
			vertex 0.165140300989151 4.926557173728942 2.9010050520300865
			vertex 0.18233059346675873 5.024048199653625 2.8599999994039536
		endloop
	endfacet
	facet normal -0.033461483210231804 -0.3824690754064562 -0.9233621908542183
		outer loop
			vertex 0.18233059346675873 5.024048199653625 2.8599999994039536
			vertex 0.165140300989151 4.926557173728942 2.9010050520300865
			vertex 6.429395645199886e-17 5.0399999523162835 2.8599999994039536
		endloop
	endfacet
	facet normal -0.03346164140894339 -0.38246927390660196 -0.9233621028998192
		outer loop
			vertex 0.165140300989151 4.926557173728942 2.9010050520300865
			vertex 5.823226442664697e-17 4.941005041599273 2.9010050520300865
			vertex 6.429395645199886e-17 5.0399999523162835 2.8599999994039536
		endloop
	endfacet
	facet normal 0.03346150073431378 -0.38246927570897715 -0.923362107251136
		outer loop
			vertex 6.429395645199886e-17 5.0399999523162835 2.8599999994039536
			vertex 5.823226442664697e-17 4.941005041599273 2.9010050520300865
			vertex -0.18233059346675873 5.024048199653625 2.8599999994039536
		endloop
	endfacet
	facet normal 0.033461622060610485 -0.38246905275358867 -0.9233621952055682
		outer loop
			vertex 5.823226442664697e-17 4.941005041599273 2.9010050520300865
			vertex -0.165140300989151 4.926557173728942 2.9010050520300865
			vertex -0.18233059346675873 5.024048199653625 2.8599999994039536
		endloop
	endfacet
	facet normal 0.09936856890474625 -0.3708478819806551 -0.9233621910952846
		outer loop
			vertex -0.18233059346675873 5.024048199653625 2.8599999994039536
			vertex -0.165140300989151 4.926557173728942 2.9010050520300865
			vertex -0.3591211438179016 4.976677229404449 2.8599999994039536
		endloop
	endfacet
	facet normal 0.09936849594796374 -0.3708480993468735 -0.9233621116462659
		outer loop
			vertex -0.165140300989151 4.926557173728942 2.9010050520300865
			vertex -0.3252628743648529 4.883652439117431 2.9010050520300865
			vertex -0.3591211438179016 4.976677229404449 2.8599999994039536
		endloop
	endfacet
	facet normal 0.16225589540612054 -0.3479589490523064 -0.9233621143302191
		outer loop
			vertex -0.3591211438179016 4.976677229404449 2.8599999994039536
			vertex -0.3252628743648529 4.883652439117431 2.9010050520300865
			vertex -0.5249999761581421 4.899326672554015 2.8599999994039536
		endloop
	endfacet
	facet normal 0.1622559194923825 -0.3479587889164564 -0.9233621704431444
		outer loop
			vertex -0.3252628743648529 4.883652439117431 2.9010050520300865
			vertex -0.47550252079963684 4.813594510555267 2.9010050520300865
			vertex -0.5249999761581421 4.899326672554015 2.8599999994039536
		endloop
	endfacet
	facet normal 0.22021319994583152 -0.31449715557241975 -0.923362163891544
		outer loop
			vertex -0.5249999761581421 4.899326672554015 2.8599999994039536
			vertex -0.47550252079963684 4.813594510555267 2.9010050520300865
			vertex -0.6749269962310791 4.794346680641174 2.8599999994039536
		endloop
	endfacet
	facet normal 0.2202131973222211 -0.31449705164965797 -0.9233621999133369
		outer loop
			vertex -0.47550252079963684 4.813594510555267 2.9010050520300865
			vertex -0.6112942695617676 4.718512108325958 2.9010050520300865
			vertex -0.6749269962310791 4.794346680641174 2.8599999994039536
		endloop
	endfacet
	facet normal 0.2714795197229272 -0.2714795197229272 -0.9233621936932536
		outer loop
			vertex -0.6749269962310791 4.794346680641174 2.8599999994039536
			vertex -0.6112942695617676 4.718512108325958 2.9010050520300865
			vertex -0.8043466806411743 4.664926996231078 2.8599999994039536
		endloop
	endfacet
	facet normal 0.2714795197229272 -0.2714795197229272 -0.9233621936932536
		outer loop
			vertex -0.6112942695617676 4.718512108325958 2.9010050520300865
			vertex -0.7285121083259583 4.601294269561767 2.9010050520300865
			vertex -0.8043466806411743 4.664926996231078 2.8599999994039536
		endloop
	endfacet
	facet normal 0.31449708811735666 -0.2202131527133048 -0.9233621981312481
		outer loop
			vertex -0.8043466806411743 4.664926996231078 2.8599999994039536
			vertex -0.7285121083259583 4.601294269561767 2.9010050520300865
			vertex -0.9093266725540161 4.514999976158141 2.8599999994039536
		endloop
	endfacet
	facet normal 0.3144971261264547 -0.22021324947143348 -0.9233621621094472
		outer loop
			vertex -0.7285121083259583 4.601294269561767 2.9010050520300865
			vertex -0.8235945105552673 4.465502520799636 2.9010050520300865
			vertex -0.9093266725540161 4.514999976158141 2.8599999994039536
		endloop
	endfacet
	facet normal 0.34795883279420875 -0.16225584119408842 -0.9233621676671027
		outer loop
			vertex -0.9093266725540161 4.514999976158141 2.8599999994039536
			vertex -0.8235945105552673 4.465502520799636 2.9010050520300865
			vertex -0.9866772294044495 4.349121143817901 2.8599999994039536
		endloop
	endfacet
	facet normal 0.34795891727640493 -0.16225597934763586 -0.9233621115541679
		outer loop
			vertex -0.8235945105552673 4.465502520799636 2.9010050520300865
			vertex -0.8936524391174316 4.315262874364852 2.9010050520300865
			vertex -0.9866772294044495 4.349121143817901 2.8599999994039536
		endloop
	endfacet
	facet normal 0.3708480574158859 -0.09936861591255906 -0.9233621155768122
		outer loop
			vertex -0.9866772294044495 4.349121143817901 2.8599999994039536
			vertex -0.8936524391174316 4.315262874364852 2.9010050520300865
			vertex -1.0340481996536255 4.172330593466758 2.8599999994039536
		endloop
	endfacet
	facet normal 0.37084790564965875 -0.09936844404692681 -0.9233621950258495
		outer loop
			vertex -0.8936524391174316 4.315262874364852 2.9010050520300865
			vertex -0.9365571737289429 4.15514030098915 2.9010050520300865
			vertex -1.0340481996536255 4.172330593466758 2.8599999994039536
		endloop
	endfacet
	facet normal 0.38246907540645614 -0.03346148321023179 -0.9233621908542183
		outer loop
			vertex -1.0340481996536255 4.172330593466758 2.8599999994039536
			vertex -0.9365571737289429 4.15514030098915 2.9010050520300865
			vertex -1.0499999523162842 3.9899999999999993 2.8599999994039536
		endloop
	endfacet
	facet normal 0.38246927390660185 -0.03346164140894337 -0.9233621028998191
		outer loop
			vertex -0.9365571737289429 4.15514030098915 2.9010050520300865
			vertex -0.9510050415992737 3.9899999999999993 2.9010050520300865
			vertex -1.0499999523162842 3.9899999999999993 2.8599999994039536
		endloop
	endfacet
	facet normal 0.38246927570897704 0.03346150073431379 -0.9233621072511359
		outer loop
			vertex -1.0499999523162842 3.9899999999999993 2.8599999994039536
			vertex -0.9510050415992737 3.9899999999999993 2.9010050520300865
			vertex -1.0340481996536255 3.8076694065332406 2.8599999994039536
		endloop
	endfacet
	facet normal 0.38246905275358867 0.0334616220606105 -0.9233621952055681
		outer loop
			vertex -0.9510050415992737 3.9899999999999993 2.9010050520300865
			vertex -0.9365571737289429 3.8248596990108483 2.9010050520300865
			vertex -1.0340481996536255 3.8076694065332406 2.8599999994039536
		endloop
	endfacet
	facet normal 0.3708478819806551 0.09936856890474625 -0.9233621910952846
		outer loop
			vertex -1.0340481996536255 3.8076694065332406 2.8599999994039536
			vertex -0.9365571737289429 3.8248596990108483 2.9010050520300865
			vertex -0.9866772294044495 3.6308788561820977 2.8599999994039536
		endloop
	endfacet
	facet normal 0.3708480993468735 0.09936849594796374 -0.9233621116462659
		outer loop
			vertex -0.9365571737289429 3.8248596990108483 2.9010050520300865
			vertex -0.8936524391174316 3.6647371256351464 2.9010050520300865
			vertex -0.9866772294044495 3.6308788561820977 2.8599999994039536
		endloop
	endfacet
	facet normal 0.3479589490523064 0.16225589540612054 -0.9233621143302191
		outer loop
			vertex -0.9866772294044495 3.6308788561820977 2.8599999994039536
			vertex -0.8936524391174316 3.6647371256351464 2.9010050520300865
			vertex -0.9093266725540161 3.4650000238418572 2.8599999994039536
		endloop
	endfacet
	facet normal 0.3479587889164564 0.1622559194923825 -0.9233621704431444
		outer loop
			vertex -0.8936524391174316 3.6647371256351464 2.9010050520300865
			vertex -0.8235945105552673 3.5144974792003625 2.9010050520300865
			vertex -0.9093266725540161 3.4650000238418572 2.8599999994039536
		endloop
	endfacet
	facet normal 0.31449715557241975 0.22021319994583152 -0.923362163891544
		outer loop
			vertex -0.9093266725540161 3.4650000238418572 2.8599999994039536
			vertex -0.8235945105552673 3.5144974792003625 2.9010050520300865
			vertex -0.8043466806411743 3.3150730037689202 2.8599999994039536
		endloop
	endfacet
	facet normal 0.31449705164965797 0.2202131973222211 -0.9233621999133369
		outer loop
			vertex -0.8235945105552673 3.5144974792003625 2.9010050520300865
			vertex -0.7285121083259583 3.3787057304382317 2.9010050520300865
			vertex -0.8043466806411743 3.3150730037689202 2.8599999994039536
		endloop
	endfacet
	facet normal 0.2714795197229272 0.2714795197229272 -0.9233621936932536
		outer loop
			vertex -0.8043466806411743 3.3150730037689202 2.8599999994039536
			vertex -0.7285121083259583 3.3787057304382317 2.9010050520300865
			vertex -0.6749269962310791 3.185653319358825 2.8599999994039536
		endloop
	endfacet
	facet normal 0.2714795197229272 0.2714795197229272 -0.9233621936932536
		outer loop
			vertex -0.7285121083259583 3.3787057304382317 2.9010050520300865
			vertex -0.6112942695617676 3.261487891674041 2.9010050520300865
			vertex -0.6749269962310791 3.185653319358825 2.8599999994039536
		endloop
	endfacet
	facet normal 0.2202131527133048 0.31449708811735666 -0.9233621981312481
		outer loop
			vertex -0.6749269962310791 3.185653319358825 2.8599999994039536
			vertex -0.6112942695617676 3.261487891674041 2.9010050520300865
			vertex -0.5249999761581421 3.080673327445983 2.8599999994039536
		endloop
	endfacet
	facet normal 0.22021324947143348 0.3144971261264547 -0.9233621621094472
		outer loop
			vertex -0.6112942695617676 3.261487891674041 2.9010050520300865
			vertex -0.47550252079963684 3.166405489444732 2.9010050520300865
			vertex -0.5249999761581421 3.080673327445983 2.8599999994039536
		endloop
	endfacet
	facet normal 0.16225584119408842 0.34795883279420875 -0.9233621676671027
		outer loop
			vertex -0.5249999761581421 3.080673327445983 2.8599999994039536
			vertex -0.47550252079963684 3.166405489444732 2.9010050520300865
			vertex -0.3591211438179016 3.00332277059555 2.8599999994039536
		endloop
	endfacet
	facet normal 0.16225597934763586 0.34795891727640493 -0.9233621115541679
		outer loop
			vertex -0.47550252079963684 3.166405489444732 2.9010050520300865
			vertex -0.3252628743648529 3.0963475608825677 2.9010050520300865
			vertex -0.3591211438179016 3.00332277059555 2.8599999994039536
		endloop
	endfacet
	facet normal 0.09936861591255906 0.3708480574158859 -0.9233621155768122
		outer loop
			vertex -0.3591211438179016 3.00332277059555 2.8599999994039536
			vertex -0.3252628743648529 3.0963475608825677 2.9010050520300865
			vertex -0.18233059346675873 2.955951800346374 2.8599999994039536
		endloop
	endfacet
	facet normal 0.09936844404692681 0.37084790564965875 -0.9233621950258495
		outer loop
			vertex -0.3252628743648529 3.0963475608825677 2.9010050520300865
			vertex -0.165140300989151 3.0534428262710565 2.9010050520300865
			vertex -0.18233059346675873 2.955951800346374 2.8599999994039536
		endloop
	endfacet
	facet normal 0.03346148321023182 0.38246907540645614 -0.9233621908542183
		outer loop
			vertex -0.18233059346675873 2.955951800346374 2.8599999994039536
			vertex -0.165140300989151 3.0534428262710565 2.9010050520300865
			vertex -1.9288186935599659e-16 2.940000047683715 2.8599999994039536
		endloop
	endfacet
	facet normal 0.033461641408943414 0.38246927390660196 -0.9233621028998192
		outer loop
			vertex -0.165140300989151 3.0534428262710565 2.9010050520300865
			vertex -1.746967998973858e-16 3.0389949584007256 2.9010050520300865
			vertex -1.9288186935599659e-16 2.940000047683715 2.8599999994039536
		endloop
	endfacet
	facet normal -0.03346150073431376 0.38246927570897715 -0.9233621072511359
		outer loop
			vertex -1.9288186935599659e-16 2.940000047683715 2.8599999994039536
			vertex -1.746967998973858e-16 3.0389949584007256 2.9010050520300865
			vertex 0.18233059346675873 2.955951800346374 2.8599999994039536
		endloop
	endfacet
	facet normal -0.033461622060610464 0.38246905275358867 -0.9233621952055682
		outer loop
			vertex -1.746967998973858e-16 3.0389949584007256 2.9010050520300865
			vertex 0.165140300989151 3.0534428262710565 2.9010050520300865
			vertex 0.18233059346675873 2.955951800346374 2.8599999994039536
		endloop
	endfacet
	facet normal -0.09936856890474625 0.3708478819806551 -0.9233621910952846
		outer loop
			vertex 0.18233059346675873 2.955951800346374 2.8599999994039536
			vertex 0.165140300989151 3.0534428262710565 2.9010050520300865
			vertex 0.3591211438179016 3.00332277059555 2.8599999994039536
		endloop
	endfacet
	facet normal -0.09936849594796374 0.3708480993468735 -0.9233621116462659
		outer loop
			vertex 0.165140300989151 3.0534428262710565 2.9010050520300865
			vertex 0.3252628743648529 3.0963475608825677 2.9010050520300865
			vertex 0.3591211438179016 3.00332277059555 2.8599999994039536
		endloop
	endfacet
	facet normal -0.16225589540612054 0.3479589490523064 -0.9233621143302191
		outer loop
			vertex 0.3591211438179016 3.00332277059555 2.8599999994039536
			vertex 0.3252628743648529 3.0963475608825677 2.9010050520300865
			vertex 0.5249999761581421 3.080673327445983 2.8599999994039536
		endloop
	endfacet
	facet normal -0.1622559194923825 0.3479587889164564 -0.9233621704431444
		outer loop
			vertex 0.3252628743648529 3.0963475608825677 2.9010050520300865
			vertex 0.47550252079963684 3.166405489444732 2.9010050520300865
			vertex 0.5249999761581421 3.080673327445983 2.8599999994039536
		endloop
	endfacet
	facet normal -0.22021319994583152 0.31449715557241975 -0.923362163891544
		outer loop
			vertex 0.5249999761581421 3.080673327445983 2.8599999994039536
			vertex 0.47550252079963684 3.166405489444732 2.9010050520300865
			vertex 0.6749269962310791 3.185653319358825 2.8599999994039536
		endloop
	endfacet
	facet normal -0.2202131973222211 0.31449705164965797 -0.9233621999133369
		outer loop
			vertex 0.47550252079963684 3.166405489444732 2.9010050520300865
			vertex 0.6112942695617676 3.261487891674041 2.9010050520300865
			vertex 0.6749269962310791 3.185653319358825 2.8599999994039536
		endloop
	endfacet
	facet normal -0.2714795197229272 0.2714795197229272 -0.9233621936932536
		outer loop
			vertex 0.6749269962310791 3.185653319358825 2.8599999994039536
			vertex 0.6112942695617676 3.261487891674041 2.9010050520300865
			vertex 0.8043466806411743 3.3150730037689202 2.8599999994039536
		endloop
	endfacet
	facet normal -0.2714795197229272 0.2714795197229272 -0.9233621936932536
		outer loop
			vertex 0.6112942695617676 3.261487891674041 2.9010050520300865
			vertex 0.7285121083259583 3.3787057304382317 2.9010050520300865
			vertex 0.8043466806411743 3.3150730037689202 2.8599999994039536
		endloop
	endfacet
	facet normal -0.31449708811735666 0.2202131527133048 -0.9233621981312481
		outer loop
			vertex 0.8043466806411743 3.3150730037689202 2.8599999994039536
			vertex 0.7285121083259583 3.3787057304382317 2.9010050520300865
			vertex 0.9093266725540161 3.4650000238418572 2.8599999994039536
		endloop
	endfacet
	facet normal -0.3144971261264547 0.22021324947143348 -0.9233621621094472
		outer loop
			vertex 0.7285121083259583 3.3787057304382317 2.9010050520300865
			vertex 0.8235945105552673 3.5144974792003625 2.9010050520300865
			vertex 0.9093266725540161 3.4650000238418572 2.8599999994039536
		endloop
	endfacet
	facet normal -0.34795883279420875 0.16225584119408842 -0.9233621676671027
		outer loop
			vertex 0.9093266725540161 3.4650000238418572 2.8599999994039536
			vertex 0.8235945105552673 3.5144974792003625 2.9010050520300865
			vertex 0.9866772294044495 3.6308788561820977 2.8599999994039536
		endloop
	endfacet
	facet normal -0.34795891727640493 0.16225597934763586 -0.9233621115541679
		outer loop
			vertex 0.8235945105552673 3.5144974792003625 2.9010050520300865
			vertex 0.8936524391174316 3.6647371256351464 2.9010050520300865
			vertex 0.9866772294044495 3.6308788561820977 2.8599999994039536
		endloop
	endfacet
	facet normal -0.3708480574158859 0.09936861591255906 -0.9233621155768122
		outer loop
			vertex 0.9866772294044495 3.6308788561820977 2.8599999994039536
			vertex 0.8936524391174316 3.6647371256351464 2.9010050520300865
			vertex 1.0340481996536255 3.8076694065332406 2.8599999994039536
		endloop
	endfacet
	facet normal -0.37084790564965875 0.09936844404692681 -0.9233621950258495
		outer loop
			vertex 0.8936524391174316 3.6647371256351464 2.9010050520300865
			vertex 0.9365571737289429 3.8248596990108483 2.9010050520300865
			vertex 1.0340481996536255 3.8076694065332406 2.8599999994039536
		endloop
	endfacet
	facet normal -0.38246907540645614 0.03346148321023187 -0.9233621908542183
		outer loop
			vertex 1.0340481996536255 3.8076694065332406 2.8599999994039536
			vertex 0.9365571737289429 3.8248596990108483 2.9010050520300865
			vertex 1.0499999523162842 3.989999999999999 2.8599999994039536
		endloop
	endfacet
	facet normal -0.3824692739066019 0.03346164140894346 -0.9233621028998191
		outer loop
			vertex 0.9365571737289429 3.8248596990108483 2.9010050520300865
			vertex 0.9510050415992737 3.989999999999999 2.9010050520300865
			vertex 1.0499999523162842 3.989999999999999 2.8599999994039536
		endloop
	endfacet
	facet normal 0.38246907647442857 0.03346170951417625 -0.923362182210852
		outer loop
			vertex 1.1489949226379395 3.9899999999999993 2.9010050520300865
			vertex 1.0499999523162842 3.9899999999999993 2.8599999994039536
			vertex 1.1315391063690186 4.189520885944366 2.9010050520300865
		endloop
	endfacet
	facet normal 0.38246946808563387 0.03346151756497719 -0.9233620269561345
		outer loop
			vertex 1.0499999523162842 3.9899999999999993 2.8599999994039536
			vertex 1.0340481996536255 4.172330593466758 2.8599999994039536
			vertex 1.1315391063690186 4.189520885944366 2.9010050520300865
		endloop
	endfacet
	facet normal 0.37084827279445 0.09936855369840543 -0.9233620357699683
		outer loop
			vertex 1.1315391063690186 4.189520885944366 2.9010050520300865
			vertex 1.0340481996536255 4.172330593466758 2.8599999994039536
			vertex 1.0797020196914673 4.38297941327095 2.9010050520300865
		endloop
	endfacet
	facet normal 0.3708480574158859 0.09936861591255906 -0.9233621155768122
		outer loop
			vertex 1.0340481996536255 4.172330593466758 2.8599999994039536
			vertex 0.9866772294044495 4.349121143817901 2.8599999994039536
			vertex 1.0797020196914673 4.38297941327095 2.9010050520300865
		endloop
	endfacet
	facet normal 0.34795898392414165 0.1622558032861529 -0.9233621173767333
		outer loop
			vertex 1.0797020196914673 4.38297941327095 2.9010050520300865
			vertex 0.9866772294044495 4.349121143817901 2.8599999994039536
			vertex 0.9950588345527649 4.564497461318969 2.9010050520300865
		endloop
	endfacet
	facet normal 0.34795879490522363 0.16225582352616744 -0.9233621850498048
		outer loop
			vertex 0.9866772294044495 4.349121143817901 2.8599999994039536
			vertex 0.9093266725540161 4.514999976158141 2.8599999994039536
			vertex 0.9950588345527649 4.564497461318969 2.9010050520300865
		endloop
	endfacet
	facet normal 0.3144970687089855 0.22021323532708462 -0.9233621850391285
		outer loop
			vertex 0.9950588345527649 4.564497461318969 2.9010050520300865
			vertex 0.9093266725540161 4.514999976158141 2.8599999994039536
			vertex 0.8801811933517456 4.72855972290039 2.9010050520300865
		endloop
	endfacet
	facet normal 0.3144972208715494 0.2202132456687579 -0.9233621307461679
		outer loop
			vertex 0.9093266725540161 4.514999976158141 2.8599999994039536
			vertex 0.8043466806411743 4.664926996231078 2.8599999994039536
			vertex 0.8801811933517456 4.72855972290039 2.9010050520300865
		endloop
	endfacet
	facet normal 0.2714796186440662 0.2714796186440662 -0.9233621355252473
		outer loop
			vertex 0.8801811933517456 4.72855972290039 2.9010050520300865
			vertex 0.8043466806411743 4.664926996231078 2.8599999994039536
			vertex 0.7385597229003906 4.870181193351745 2.9010050520300865
		endloop
	endfacet
	facet normal 0.2714796186440662 0.2714796186440662 -0.9233621355252472
		outer loop
			vertex 0.8043466806411743 4.664926996231078 2.8599999994039536
			vertex 0.6749269962310791 4.794346680641174 2.8599999994039536
			vertex 0.7385597229003906 4.870181193351745 2.9010050520300865
		endloop
	endfacet
	facet normal 0.22021330685075172 0.3144971708553603 -0.9233621331903485
		outer loop
			vertex 0.7385597229003906 4.870181193351745 2.9010050520300865
			vertex 0.6749269962310791 4.794346680641174 2.8599999994039536
			vertex 0.5744974613189697 4.985058834552764 2.9010050520300865
		endloop
	endfacet
	facet normal 0.22021316740179295 0.3144971090946992 -0.9233621874833012
		outer loop
			vertex 0.6749269962310791 4.794346680641174 2.8599999994039536
			vertex 0.5249999761581421 4.899326672554015 2.8599999994039536
			vertex 0.5744974613189697 4.985058834552764 2.9010050520300865
		endloop
	endfacet
	facet normal 0.16225573759925455 0.3479588430580158 -0.9233621820032749
		outer loop
			vertex 0.5744974613189697 4.985058834552764 2.9010050520300865
			vertex 0.5249999761581421 4.899326672554015 2.8599999994039536
			vertex 0.3929794132709503 5.069702019691467 2.9010050520300865
		endloop
	endfacet
	facet normal 0.16225589540612054 0.3479589490523064 -0.9233621143302191
		outer loop
			vertex 0.5249999761581421 4.899326672554015 2.8599999994039536
			vertex 0.3591211438179016 4.976677229404449 2.8599999994039536
			vertex 0.3929794132709503 5.069702019691467 2.9010050520300865
		endloop
	endfacet
	facet normal 0.09936850625767571 0.37084809574334054 -0.923362111984056
		outer loop
			vertex 0.3929794132709503 5.069702019691467 2.9010050520300865
			vertex 0.3591211438179016 4.976677229404449 2.8599999994039536
			vertex 0.19952088594436646 5.121539106369018 2.9010050520300865
		endloop
	endfacet
	facet normal 0.09936866782609903 0.3708482511595067 -0.9233620321771965
		outer loop
			vertex 0.3591211438179016 4.976677229404449 2.8599999994039536
			vertex 0.18233059346675873 5.024048199653625 2.8599999994039536
			vertex 0.19952088594436646 5.121539106369018 2.9010050520300865
		endloop
	endfacet
	facet normal 0.033461740592352615 0.38246943169959724 -0.9233620339454711
		outer loop
			vertex 0.19952088594436646 5.121539106369018 2.9010050520300865
			vertex 0.18233059346675873 5.024048199653625 2.8599999994039536
			vertex 7.035564847735076e-17 5.138994922637939 2.9010050520300865
		endloop
	endfacet
	facet normal 0.033461483556948834 0.3824690793694766 -0.9233621892001173
		outer loop
			vertex 0.18233059346675873 5.024048199653625 2.8599999994039536
			vertex 6.429395645199886e-17 5.0399999523162835 2.8599999994039536
			vertex 7.035564847735076e-17 5.138994922637939 2.9010050520300865
		endloop
	endfacet
	facet normal -0.03346170951417624 0.38246907647442857 -0.923362182210852
		outer loop
			vertex 7.035564847735076e-17 5.138994922637939 2.9010050520300865
			vertex 6.429395645199886e-17 5.0399999523162835 2.8599999994039536
			vertex -0.19952088594436646 5.121539106369018 2.9010050520300865
		endloop
	endfacet
	facet normal -0.03346151756497718 0.3824694680856338 -0.9233620269561345
		outer loop
			vertex 6.429395645199886e-17 5.0399999523162835 2.8599999994039536
			vertex -0.18233059346675873 5.024048199653625 2.8599999994039536
			vertex -0.19952088594436646 5.121539106369018 2.9010050520300865
		endloop
	endfacet
	facet normal -0.09936855369840543 0.37084827279445 -0.9233620357699683
		outer loop
			vertex -0.19952088594436646 5.121539106369018 2.9010050520300865
			vertex -0.18233059346675873 5.024048199653625 2.8599999994039536
			vertex -0.3929794132709503 5.069702019691467 2.9010050520300865
		endloop
	endfacet
	facet normal -0.09936861591255906 0.3708480574158859 -0.9233621155768122
		outer loop
			vertex -0.18233059346675873 5.024048199653625 2.8599999994039536
			vertex -0.3591211438179016 4.976677229404449 2.8599999994039536
			vertex -0.3929794132709503 5.069702019691467 2.9010050520300865
		endloop
	endfacet
	facet normal -0.1622558032861529 0.34795898392414165 -0.9233621173767333
		outer loop
			vertex -0.3929794132709503 5.069702019691467 2.9010050520300865
			vertex -0.3591211438179016 4.976677229404449 2.8599999994039536
			vertex -0.5744974613189697 4.985058834552764 2.9010050520300865
		endloop
	endfacet
	facet normal -0.16225582352616744 0.34795879490522363 -0.9233621850498048
		outer loop
			vertex -0.3591211438179016 4.976677229404449 2.8599999994039536
			vertex -0.5249999761581421 4.899326672554015 2.8599999994039536
			vertex -0.5744974613189697 4.985058834552764 2.9010050520300865
		endloop
	endfacet
	facet normal -0.22021323532708462 0.3144970687089855 -0.9233621850391285
		outer loop
			vertex -0.5744974613189697 4.985058834552764 2.9010050520300865
			vertex -0.5249999761581421 4.899326672554015 2.8599999994039536
			vertex -0.7385597229003906 4.870181193351745 2.9010050520300865
		endloop
	endfacet
	facet normal -0.2202132456687579 0.3144972208715494 -0.9233621307461679
		outer loop
			vertex -0.5249999761581421 4.899326672554015 2.8599999994039536
			vertex -0.6749269962310791 4.794346680641174 2.8599999994039536
			vertex -0.7385597229003906 4.870181193351745 2.9010050520300865
		endloop
	endfacet
	facet normal -0.2714796186440662 0.2714796186440662 -0.9233621355252473
		outer loop
			vertex -0.7385597229003906 4.870181193351745 2.9010050520300865
			vertex -0.6749269962310791 4.794346680641174 2.8599999994039536
			vertex -0.8801811933517456 4.72855972290039 2.9010050520300865
		endloop
	endfacet
	facet normal -0.2714796186440662 0.2714796186440662 -0.9233621355252472
		outer loop
			vertex -0.6749269962310791 4.794346680641174 2.8599999994039536
			vertex -0.8043466806411743 4.664926996231078 2.8599999994039536
			vertex -0.8801811933517456 4.72855972290039 2.9010050520300865
		endloop
	endfacet
	facet normal -0.3144971708553603 0.22021330685075172 -0.9233621331903485
		outer loop
			vertex -0.8801811933517456 4.72855972290039 2.9010050520300865
			vertex -0.8043466806411743 4.664926996231078 2.8599999994039536
			vertex -0.9950588345527649 4.564497461318969 2.9010050520300865
		endloop
	endfacet
	facet normal -0.3144971090946992 0.22021316740179295 -0.9233621874833012
		outer loop
			vertex -0.8043466806411743 4.664926996231078 2.8599999994039536
			vertex -0.9093266725540161 4.514999976158141 2.8599999994039536
			vertex -0.9950588345527649 4.564497461318969 2.9010050520300865
		endloop
	endfacet
	facet normal -0.3479588430580158 0.16225573759925455 -0.9233621820032749
		outer loop
			vertex -0.9950588345527649 4.564497461318969 2.9010050520300865
			vertex -0.9093266725540161 4.514999976158141 2.8599999994039536
			vertex -1.0797020196914673 4.38297941327095 2.9010050520300865
		endloop
	endfacet
	facet normal -0.3479589490523064 0.16225589540612054 -0.9233621143302191
		outer loop
			vertex -0.9093266725540161 4.514999976158141 2.8599999994039536
			vertex -0.9866772294044495 4.349121143817901 2.8599999994039536
			vertex -1.0797020196914673 4.38297941327095 2.9010050520300865
		endloop
	endfacet
	facet normal -0.37084809574334054 0.09936850625767571 -0.923362111984056
		outer loop
			vertex -1.0797020196914673 4.38297941327095 2.9010050520300865
			vertex -0.9866772294044495 4.349121143817901 2.8599999994039536
			vertex -1.1315391063690186 4.189520885944366 2.9010050520300865
		endloop
	endfacet
	facet normal -0.3708482511595067 0.09936866782609903 -0.9233620321771965
		outer loop
			vertex -0.9866772294044495 4.349121143817901 2.8599999994039536
			vertex -1.0340481996536255 4.172330593466758 2.8599999994039536
			vertex -1.1315391063690186 4.189520885944366 2.9010050520300865
		endloop
	endfacet
	facet normal -0.38246943169959724 0.033461740592352594 -0.923362033945471
		outer loop
			vertex -1.1315391063690186 4.189520885944366 2.9010050520300865
			vertex -1.0340481996536255 4.172330593466758 2.8599999994039536
			vertex -1.1489949226379395 3.9899999999999993 2.9010050520300865
		endloop
	endfacet
	facet normal -0.38246907936947655 0.033461483556948814 -0.9233621892001171
		outer loop
			vertex -1.0340481996536255 4.172330593466758 2.8599999994039536
			vertex -1.0499999523162842 3.9899999999999993 2.8599999994039536
			vertex -1.1489949226379395 3.9899999999999993 2.9010050520300865
		endloop
	endfacet
	facet normal -0.38246907647442857 -0.03346170951417625 -0.923362182210852
		outer loop
			vertex -1.1489949226379395 3.9899999999999993 2.9010050520300865
			vertex -1.0499999523162842 3.9899999999999993 2.8599999994039536
			vertex -1.1315391063690186 3.790479114055633 2.9010050520300865
		endloop
	endfacet
	facet normal -0.38246946808563387 -0.03346151756497719 -0.9233620269561345
		outer loop
			vertex -1.0499999523162842 3.9899999999999993 2.8599999994039536
			vertex -1.0340481996536255 3.8076694065332406 2.8599999994039536
			vertex -1.1315391063690186 3.790479114055633 2.9010050520300865
		endloop
	endfacet
	facet normal -0.37084827279445 -0.09936855369840543 -0.9233620357699683
		outer loop
			vertex -1.1315391063690186 3.790479114055633 2.9010050520300865
			vertex -1.0340481996536255 3.8076694065332406 2.8599999994039536
			vertex -1.0797020196914673 3.597020586729049 2.9010050520300865
		endloop
	endfacet
	facet normal -0.3708480574158859 -0.09936861591255906 -0.9233621155768122
		outer loop
			vertex -1.0340481996536255 3.8076694065332406 2.8599999994039536
			vertex -0.9866772294044495 3.6308788561820977 2.8599999994039536
			vertex -1.0797020196914673 3.597020586729049 2.9010050520300865
		endloop
	endfacet
	facet normal -0.34795898392414165 -0.1622558032861529 -0.9233621173767333
		outer loop
			vertex -1.0797020196914673 3.597020586729049 2.9010050520300865
			vertex -0.9866772294044495 3.6308788561820977 2.8599999994039536
			vertex -0.9950588345527649 3.4155025386810296 2.9010050520300865
		endloop
	endfacet
	facet normal -0.34795879490522363 -0.16225582352616744 -0.9233621850498048
		outer loop
			vertex -0.9866772294044495 3.6308788561820977 2.8599999994039536
			vertex -0.9093266725540161 3.4650000238418572 2.8599999994039536
			vertex -0.9950588345527649 3.4155025386810296 2.9010050520300865
		endloop
	endfacet
	facet normal -0.3144970687089855 -0.22021323532708462 -0.9233621850391285
		outer loop
			vertex -0.9950588345527649 3.4155025386810296 2.9010050520300865
			vertex -0.9093266725540161 3.4650000238418572 2.8599999994039536
			vertex -0.8801811933517456 3.2514402770996087 2.9010050520300865
		endloop
	endfacet
	facet normal -0.3144972208715494 -0.2202132456687579 -0.9233621307461679
		outer loop
			vertex -0.9093266725540161 3.4650000238418572 2.8599999994039536
			vertex -0.8043466806411743 3.3150730037689202 2.8599999994039536
			vertex -0.8801811933517456 3.2514402770996087 2.9010050520300865
		endloop
	endfacet
	facet normal -0.2714796186440662 -0.2714796186440662 -0.9233621355252473
		outer loop
			vertex -0.8801811933517456 3.2514402770996087 2.9010050520300865
			vertex -0.8043466806411743 3.3150730037689202 2.8599999994039536
			vertex -0.7385597229003906 3.1098188066482537 2.9010050520300865
		endloop
	endfacet
	facet normal -0.2714796186440662 -0.2714796186440662 -0.9233621355252472
		outer loop
			vertex -0.8043466806411743 3.3150730037689202 2.8599999994039536
			vertex -0.6749269962310791 3.185653319358825 2.8599999994039536
			vertex -0.7385597229003906 3.1098188066482537 2.9010050520300865
		endloop
	endfacet
	facet normal -0.22021330685075172 -0.3144971708553603 -0.9233621331903485
		outer loop
			vertex -0.7385597229003906 3.1098188066482537 2.9010050520300865
			vertex -0.6749269962310791 3.185653319358825 2.8599999994039536
			vertex -0.5744974613189697 2.9949411654472344 2.9010050520300865
		endloop
	endfacet
	facet normal -0.22021316740179295 -0.3144971090946992 -0.9233621874833012
		outer loop
			vertex -0.6749269962310791 3.185653319358825 2.8599999994039536
			vertex -0.5249999761581421 3.080673327445983 2.8599999994039536
			vertex -0.5744974613189697 2.9949411654472344 2.9010050520300865
		endloop
	endfacet
	facet normal -0.16225573759925455 -0.3479588430580158 -0.9233621820032749
		outer loop
			vertex -0.5744974613189697 2.9949411654472344 2.9010050520300865
			vertex -0.5249999761581421 3.080673327445983 2.8599999994039536
			vertex -0.3929794132709503 2.910297980308532 2.9010050520300865
		endloop
	endfacet
	facet normal -0.16225589540612054 -0.3479589490523064 -0.9233621143302191
		outer loop
			vertex -0.5249999761581421 3.080673327445983 2.8599999994039536
			vertex -0.3591211438179016 3.00332277059555 2.8599999994039536
			vertex -0.3929794132709503 2.910297980308532 2.9010050520300865
		endloop
	endfacet
	facet normal -0.09936850625767571 -0.37084809574334054 -0.923362111984056
		outer loop
			vertex -0.3929794132709503 2.910297980308532 2.9010050520300865
			vertex -0.3591211438179016 3.00332277059555 2.8599999994039536
			vertex -0.19952088594436646 2.8584608936309808 2.9010050520300865
		endloop
	endfacet
	facet normal -0.09936866782609903 -0.3708482511595067 -0.9233620321771965
		outer loop
			vertex -0.3591211438179016 3.00332277059555 2.8599999994039536
			vertex -0.18233059346675873 2.955951800346374 2.8599999994039536
			vertex -0.19952088594436646 2.8584608936309808 2.9010050520300865
		endloop
	endfacet
	facet normal -0.033461740592352636 -0.38246943169959724 -0.923362033945471
		outer loop
			vertex -0.19952088594436646 2.8584608936309808 2.9010050520300865
			vertex -0.18233059346675873 2.955951800346374 2.8599999994039536
			vertex -2.1106695204949717e-16 2.84100507736206 2.9010050520300865
		endloop
	endfacet
	facet normal -0.03346148355694886 -0.3824690793694767 -0.9233621892001174
		outer loop
			vertex -0.18233059346675873 2.955951800346374 2.8599999994039536
			vertex -1.9288186935599659e-16 2.940000047683715 2.8599999994039536
			vertex -2.1106695204949717e-16 2.84100507736206 2.9010050520300865
		endloop
	endfacet
	facet normal 0.03346170951417622 -0.3824690764744286 -0.9233621822108521
		outer loop
			vertex -2.1106695204949717e-16 2.84100507736206 2.9010050520300865
			vertex -1.9288186935599659e-16 2.940000047683715 2.8599999994039536
			vertex 0.19952088594436646 2.8584608936309808 2.9010050520300865
		endloop
	endfacet
	facet normal 0.033461517564977165 -0.3824694680856339 -0.9233620269561346
		outer loop
			vertex -1.9288186935599659e-16 2.940000047683715 2.8599999994039536
			vertex 0.18233059346675873 2.955951800346374 2.8599999994039536
			vertex 0.19952088594436646 2.8584608936309808 2.9010050520300865
		endloop
	endfacet
	facet normal 0.09936855369840543 -0.37084827279445 -0.9233620357699683
		outer loop
			vertex 0.19952088594436646 2.8584608936309808 2.9010050520300865
			vertex 0.18233059346675873 2.955951800346374 2.8599999994039536
			vertex 0.3929794132709503 2.910297980308532 2.9010050520300865
		endloop
	endfacet
	facet normal 0.09936861591255906 -0.3708480574158859 -0.9233621155768122
		outer loop
			vertex 0.18233059346675873 2.955951800346374 2.8599999994039536
			vertex 0.3591211438179016 3.00332277059555 2.8599999994039536
			vertex 0.3929794132709503 2.910297980308532 2.9010050520300865
		endloop
	endfacet
	facet normal 0.1622558032861529 -0.34795898392414165 -0.9233621173767333
		outer loop
			vertex 0.3929794132709503 2.910297980308532 2.9010050520300865
			vertex 0.3591211438179016 3.00332277059555 2.8599999994039536
			vertex 0.5744974613189697 2.9949411654472344 2.9010050520300865
		endloop
	endfacet
	facet normal 0.16225582352616744 -0.34795879490522363 -0.9233621850498048
		outer loop
			vertex 0.3591211438179016 3.00332277059555 2.8599999994039536
			vertex 0.5249999761581421 3.080673327445983 2.8599999994039536
			vertex 0.5744974613189697 2.9949411654472344 2.9010050520300865
		endloop
	endfacet
	facet normal 0.22021323532708462 -0.3144970687089855 -0.9233621850391285
		outer loop
			vertex 0.5744974613189697 2.9949411654472344 2.9010050520300865
			vertex 0.5249999761581421 3.080673327445983 2.8599999994039536
			vertex 0.7385597229003906 3.1098188066482537 2.9010050520300865
		endloop
	endfacet
	facet normal 0.2202132456687579 -0.3144972208715494 -0.9233621307461679
		outer loop
			vertex 0.5249999761581421 3.080673327445983 2.8599999994039536
			vertex 0.6749269962310791 3.185653319358825 2.8599999994039536
			vertex 0.7385597229003906 3.1098188066482537 2.9010050520300865
		endloop
	endfacet
	facet normal 0.2714796186440662 -0.2714796186440662 -0.9233621355252473
		outer loop
			vertex 0.7385597229003906 3.1098188066482537 2.9010050520300865
			vertex 0.6749269962310791 3.185653319358825 2.8599999994039536
			vertex 0.8801811933517456 3.2514402770996087 2.9010050520300865
		endloop
	endfacet
	facet normal 0.2714796186440662 -0.2714796186440662 -0.9233621355252472
		outer loop
			vertex 0.6749269962310791 3.185653319358825 2.8599999994039536
			vertex 0.8043466806411743 3.3150730037689202 2.8599999994039536
			vertex 0.8801811933517456 3.2514402770996087 2.9010050520300865
		endloop
	endfacet
	facet normal 0.3144971708553603 -0.22021330685075172 -0.9233621331903485
		outer loop
			vertex 0.8801811933517456 3.2514402770996087 2.9010050520300865
			vertex 0.8043466806411743 3.3150730037689202 2.8599999994039536
			vertex 0.9950588345527649 3.4155025386810296 2.9010050520300865
		endloop
	endfacet
	facet normal 0.3144971090946992 -0.22021316740179295 -0.9233621874833012
		outer loop
			vertex 0.8043466806411743 3.3150730037689202 2.8599999994039536
			vertex 0.9093266725540161 3.4650000238418572 2.8599999994039536
			vertex 0.9950588345527649 3.4155025386810296 2.9010050520300865
		endloop
	endfacet
	facet normal 0.3479588430580158 -0.16225573759925455 -0.9233621820032749
		outer loop
			vertex 0.9950588345527649 3.4155025386810296 2.9010050520300865
			vertex 0.9093266725540161 3.4650000238418572 2.8599999994039536
			vertex 1.0797020196914673 3.597020586729049 2.9010050520300865
		endloop
	endfacet
	facet normal 0.3479589490523064 -0.16225589540612054 -0.9233621143302191
		outer loop
			vertex 0.9093266725540161 3.4650000238418572 2.8599999994039536
			vertex 0.9866772294044495 3.6308788561820977 2.8599999994039536
			vertex 1.0797020196914673 3.597020586729049 2.9010050520300865
		endloop
	endfacet
	facet normal 0.37084809574334054 -0.09936850625767571 -0.923362111984056
		outer loop
			vertex 1.0797020196914673 3.597020586729049 2.9010050520300865
			vertex 0.9866772294044495 3.6308788561820977 2.8599999994039536
			vertex 1.1315391063690186 3.790479114055633 2.9010050520300865
		endloop
	endfacet
	facet normal 0.3708482511595067 -0.09936866782609903 -0.9233620321771965
		outer loop
			vertex 0.9866772294044495 3.6308788561820977 2.8599999994039536
			vertex 1.0340481996536255 3.8076694065332406 2.8599999994039536
			vertex 1.1315391063690186 3.790479114055633 2.9010050520300865
		endloop
	endfacet
	facet normal 0.38246943169959724 -0.03346174059235267 -0.9233620339454711
		outer loop
			vertex 1.1315391063690186 3.790479114055633 2.9010050520300865
			vertex 1.0340481996536255 3.8076694065332406 2.8599999994039536
			vertex 1.1489949226379395 3.989999999999999 2.9010050520300865
		endloop
	endfacet
	facet normal 0.38246907936947655 -0.0334614835569489 -0.9233621892001171
		outer loop
			vertex 1.0340481996536255 3.8076694065332406 2.8599999994039536
			vertex 1.0499999523162842 3.989999999999999 2.8599999994039536
			vertex 1.1489949226379395 3.989999999999999 2.9010050520300865
		endloop
	endfacet
	facet normal 0.9208759519219948 0.08056634048958886 -0.3814400948404295
		outer loop
			vertex 1.190000057220459 3.9899999999999993 3
			vertex 1.1489949226379395 3.9899999999999993 2.9010050520300865
			vertex 1.1719212532043457 4.19664133131504 3
		endloop
	endfacet
	facet normal 0.9208760579809302 0.08056621841106625 -0.38143986457689893
		outer loop
			vertex 1.1489949226379395 3.9899999999999993 2.9010050520300865
			vertex 1.1315391063690186 4.189520885944366 2.9010050520300865
			vertex 1.1719212532043457 4.19664133131504 3
		endloop
	endfacet
	facet normal 0.8928957466929659 0.23925055826032493 -0.3814398457289614
		outer loop
			vertex 1.1719212532043457 4.19664133131504 3
			vertex 1.1315391063690186 4.189520885944366 2.9010050520300865
			vertex 1.1182342767715454 4.397003968954086 3
		endloop
	endfacet
	facet normal 0.892895489958391 0.2392507662835264 -0.3814403162287789
		outer loop
			vertex 1.1315391063690186 4.189520885944366 2.9010050520300865
			vertex 1.0797020196914673 4.38297941327095 2.9010050520300865
			vertex 1.1182342767715454 4.397003968954086 3
		endloop
	endfacet
	facet normal 0.8377850100028592 0.39066559198775835 -0.38144026039651846
		outer loop
			vertex 1.1182342767715454 4.397003968954086 3
			vertex 1.0797020196914673 4.38297941327095 2.9010050520300865
			vertex 1.0305702686309814 4.585000028610229 3
		endloop
	endfacet
	facet normal 0.8377853552749008 0.39066540046897963 -0.3814396982005412
		outer loop
			vertex 1.0797020196914673 4.38297941327095 2.9010050520300865
			vertex 0.9950588345527649 4.564497461318969 2.9010050520300865
			vertex 1.0305702686309814 4.585000028610229 3
		endloop
	endfacet
	facet normal 0.7572188992930443 0.5302105840133114 -0.3814397398720983
		outer loop
			vertex 1.0305702686309814 4.585000028610229 3
			vertex 0.9950588345527649 4.564497461318969 2.9010050520300865
			vertex 0.9115929007530212 4.754917254447936 3
		endloop
	endfacet
	facet normal 0.757219053905506 0.5302105307256281 -0.381439507012709
		outer loop
			vertex 0.9950588345527649 4.564497461318969 2.9010050520300865
			vertex 0.8801811933517456 4.72855972290039 2.9010050520300865
			vertex 0.9115929007530212 4.754917254447936 3
		endloop
	endfacet
	facet normal 0.6536451330744031 0.6536451330744031 -0.3814394840814093
		outer loop
			vertex 0.9115929007530212 4.754917254447936 3
			vertex 0.8801811933517456 4.72855972290039 2.9010050520300865
			vertex 0.764917254447937 4.901592900753021 3
		endloop
	endfacet
	facet normal 0.6536451330744031 0.6536451330744031 -0.3814394840814093
		outer loop
			vertex 0.8801811933517456 4.72855972290039 2.9010050520300865
			vertex 0.7385597229003906 4.870181193351745 2.9010050520300865
			vertex 0.764917254447937 4.901592900753021 3
		endloop
	endfacet
	facet normal 0.5302106381601174 0.7572189766226678 -0.38143951109495805
		outer loop
			vertex 0.764917254447937 4.901592900753021 3
			vertex 0.7385597229003906 4.870181193351745 2.9010050520300865
			vertex 0.5950000286102295 5.020570268630981 3
		endloop
	endfacet
	facet normal 0.5302104746464662 0.757218973816169 -0.3814397439543462
		outer loop
			vertex 0.7385597229003906 4.870181193351745 2.9010050520300865
			vertex 0.5744974613189697 4.985058834552764 2.9010050520300865
			vertex 0.5950000286102295 5.020570268630981 3
		endloop
	endfacet
	facet normal 0.3906656883094385 0.8377852165653551 -0.38143970805653393
		outer loop
			vertex 0.5950000286102295 5.020570268630981 3
			vertex 0.5744974613189697 4.985058834552764 2.9010050520300865
			vertex 0.4070039689540863 5.108234276771545 3
		endloop
	endfacet
	facet normal 0.39066530070983163 0.8377851413405386 -0.3814402702525136
		outer loop
			vertex 0.5744974613189697 4.985058834552764 2.9010050520300865
			vertex 0.3929794132709503 5.069702019691467 2.9010050520300865
			vertex 0.4070039689540863 5.108234276771545 3
		endloop
	endfacet
	facet normal 0.23925050889252683 0.8928955624497305 -0.38144030798048445
		outer loop
			vertex 0.4070039689540863 5.108234276771545 3
			vertex 0.3929794132709503 5.069702019691467 2.9010050520300865
			vertex 0.2066413313150406 5.161921253204345 3
		endloop
	endfacet
	facet normal 0.23925081741320411 0.8928956807768337 -0.38143983748055044
		outer loop
			vertex 0.3929794132709503 5.069702019691467 2.9010050520300865
			vertex 0.19952088594436646 5.121539106369018 2.9010050520300865
			vertex 0.2066413313150406 5.161921253204345 3
		endloop
	endfacet
	facet normal 0.08056634862557177 0.92087604491655 -0.38143986861364587
		outer loop
			vertex 0.2066413313150406 5.161921253204345 3
			vertex 0.19952088594436646 5.121539106369018 2.9010050520300865
			vertex 7.286648574358402e-17 5.180000057220458 3
		endloop
	endfacet
	facet normal 0.08056620998474225 0.9208759616676092 -0.3814400988772035
		outer loop
			vertex 0.19952088594436646 5.121539106369018 2.9010050520300865
			vertex 7.035564847735076e-17 5.138994922637939 2.9010050520300865
			vertex 7.286648574358402e-17 5.180000057220458 3
		endloop
	endfacet
	facet normal -0.08056634048958883 0.9208759519219948 -0.38144009484042957
		outer loop
			vertex 7.286648574358402e-17 5.180000057220458 3
			vertex 7.035564847735076e-17 5.138994922637939 2.9010050520300865
			vertex -0.2066413313150406 5.161921253204345 3
		endloop
	endfacet
	facet normal -0.0805662184110662 0.9208760579809301 -0.38143986457689893
		outer loop
			vertex 7.035564847735076e-17 5.138994922637939 2.9010050520300865
			vertex -0.19952088594436646 5.121539106369018 2.9010050520300865
			vertex -0.2066413313150406 5.161921253204345 3
		endloop
	endfacet
	facet normal -0.23925055826032493 0.8928957466929659 -0.3814398457289614
		outer loop
			vertex -0.2066413313150406 5.161921253204345 3
			vertex -0.19952088594436646 5.121539106369018 2.9010050520300865
			vertex -0.4070039689540863 5.108234276771545 3
		endloop
	endfacet
	facet normal -0.2392507662835264 0.892895489958391 -0.3814403162287789
		outer loop
			vertex -0.19952088594436646 5.121539106369018 2.9010050520300865
			vertex -0.3929794132709503 5.069702019691467 2.9010050520300865
			vertex -0.4070039689540863 5.108234276771545 3
		endloop
	endfacet
	facet normal -0.39066559198775835 0.8377850100028592 -0.38144026039651846
		outer loop
			vertex -0.4070039689540863 5.108234276771545 3
			vertex -0.3929794132709503 5.069702019691467 2.9010050520300865
			vertex -0.5950000286102295 5.020570268630981 3
		endloop
	endfacet
	facet normal -0.39066540046897963 0.8377853552749008 -0.3814396982005412
		outer loop
			vertex -0.3929794132709503 5.069702019691467 2.9010050520300865
			vertex -0.5744974613189697 4.985058834552764 2.9010050520300865
			vertex -0.5950000286102295 5.020570268630981 3
		endloop
	endfacet
	facet normal -0.5302105840133114 0.7572188992930443 -0.3814397398720983
		outer loop
			vertex -0.5950000286102295 5.020570268630981 3
			vertex -0.5744974613189697 4.985058834552764 2.9010050520300865
			vertex -0.764917254447937 4.901592900753021 3
		endloop
	endfacet
	facet normal -0.5302105307256281 0.757219053905506 -0.381439507012709
		outer loop
			vertex -0.5744974613189697 4.985058834552764 2.9010050520300865
			vertex -0.7385597229003906 4.870181193351745 2.9010050520300865
			vertex -0.764917254447937 4.901592900753021 3
		endloop
	endfacet
	facet normal -0.6536451330744031 0.6536451330744031 -0.3814394840814093
		outer loop
			vertex -0.764917254447937 4.901592900753021 3
			vertex -0.7385597229003906 4.870181193351745 2.9010050520300865
			vertex -0.9115929007530212 4.754917254447936 3
		endloop
	endfacet
	facet normal -0.6536451330744031 0.6536451330744031 -0.3814394840814093
		outer loop
			vertex -0.7385597229003906 4.870181193351745 2.9010050520300865
			vertex -0.8801811933517456 4.72855972290039 2.9010050520300865
			vertex -0.9115929007530212 4.754917254447936 3
		endloop
	endfacet
	facet normal -0.7572189766226678 0.5302106381601174 -0.38143951109495805
		outer loop
			vertex -0.9115929007530212 4.754917254447936 3
			vertex -0.8801811933517456 4.72855972290039 2.9010050520300865
			vertex -1.0305702686309814 4.585000028610229 3
		endloop
	endfacet
	facet normal -0.757218973816169 0.5302104746464662 -0.3814397439543462
		outer loop
			vertex -0.8801811933517456 4.72855972290039 2.9010050520300865
			vertex -0.9950588345527649 4.564497461318969 2.9010050520300865
			vertex -1.0305702686309814 4.585000028610229 3
		endloop
	endfacet
	facet normal -0.8377852165653551 0.3906656883094385 -0.38143970805653393
		outer loop
			vertex -1.0305702686309814 4.585000028610229 3
			vertex -0.9950588345527649 4.564497461318969 2.9010050520300865
			vertex -1.1182342767715454 4.397003968954086 3
		endloop
	endfacet
	facet normal -0.8377851413405386 0.39066530070983163 -0.3814402702525136
		outer loop
			vertex -0.9950588345527649 4.564497461318969 2.9010050520300865
			vertex -1.0797020196914673 4.38297941327095 2.9010050520300865
			vertex -1.1182342767715454 4.397003968954086 3
		endloop
	endfacet
	facet normal -0.8928955624497305 0.23925050889252683 -0.38144030798048445
		outer loop
			vertex -1.1182342767715454 4.397003968954086 3
			vertex -1.0797020196914673 4.38297941327095 2.9010050520300865
			vertex -1.1719212532043457 4.19664133131504 3
		endloop
	endfacet
	facet normal -0.8928956807768337 0.23925081741320411 -0.38143983748055044
		outer loop
			vertex -1.0797020196914673 4.38297941327095 2.9010050520300865
			vertex -1.1315391063690186 4.189520885944366 2.9010050520300865
			vertex -1.1719212532043457 4.19664133131504 3
		endloop
	endfacet
	facet normal -0.92087604491655 0.08056634862557174 -0.3814398686136459
		outer loop
			vertex -1.1719212532043457 4.19664133131504 3
			vertex -1.1315391063690186 4.189520885944366 2.9010050520300865
			vertex -1.190000057220459 3.9899999999999993 3
		endloop
	endfacet
	facet normal -0.9208759616676092 0.08056620998474222 -0.38144009887720354
		outer loop
			vertex -1.1315391063690186 4.189520885944366 2.9010050520300865
			vertex -1.1489949226379395 3.9899999999999993 2.9010050520300865
			vertex -1.190000057220459 3.9899999999999993 3
		endloop
	endfacet
	facet normal -0.9208759519219948 -0.08056634048958886 -0.3814400948404295
		outer loop
			vertex -1.190000057220459 3.9899999999999993 3
			vertex -1.1489949226379395 3.9899999999999993 2.9010050520300865
			vertex -1.1719212532043457 3.7833586686849587 3
		endloop
	endfacet
	facet normal -0.9208760579809302 -0.08056621841106625 -0.38143986457689893
		outer loop
			vertex -1.1489949226379395 3.9899999999999993 2.9010050520300865
			vertex -1.1315391063690186 3.790479114055633 2.9010050520300865
			vertex -1.1719212532043457 3.7833586686849587 3
		endloop
	endfacet
	facet normal -0.8928957466929659 -0.23925055826032493 -0.3814398457289614
		outer loop
			vertex -1.1719212532043457 3.7833586686849587 3
			vertex -1.1315391063690186 3.790479114055633 2.9010050520300865
			vertex -1.1182342767715454 3.582996031045913 3
		endloop
	endfacet
	facet normal -0.892895489958391 -0.2392507662835264 -0.3814403162287789
		outer loop
			vertex -1.1315391063690186 3.790479114055633 2.9010050520300865
			vertex -1.0797020196914673 3.597020586729049 2.9010050520300865
			vertex -1.1182342767715454 3.582996031045913 3
		endloop
	endfacet
	facet normal -0.8377850100028592 -0.39066559198775835 -0.38144026039651846
		outer loop
			vertex -1.1182342767715454 3.582996031045913 3
			vertex -1.0797020196914673 3.597020586729049 2.9010050520300865
			vertex -1.0305702686309814 3.39499997138977 3
		endloop
	endfacet
	facet normal -0.8377853552749008 -0.39066540046897963 -0.3814396982005412
		outer loop
			vertex -1.0797020196914673 3.597020586729049 2.9010050520300865
			vertex -0.9950588345527649 3.4155025386810296 2.9010050520300865
			vertex -1.0305702686309814 3.39499997138977 3
		endloop
	endfacet
	facet normal -0.7572188992930443 -0.5302105840133114 -0.3814397398720983
		outer loop
			vertex -1.0305702686309814 3.39499997138977 3
			vertex -0.9950588345527649 3.4155025386810296 2.9010050520300865
			vertex -0.9115929007530212 3.2250827455520623 3
		endloop
	endfacet
	facet normal -0.757219053905506 -0.5302105307256281 -0.381439507012709
		outer loop
			vertex -0.9950588345527649 3.4155025386810296 2.9010050520300865
			vertex -0.8801811933517456 3.2514402770996087 2.9010050520300865
			vertex -0.9115929007530212 3.2250827455520623 3
		endloop
	endfacet
	facet normal -0.6536451330744031 -0.6536451330744031 -0.3814394840814093
		outer loop
			vertex -0.9115929007530212 3.2250827455520623 3
			vertex -0.8801811933517456 3.2514402770996087 2.9010050520300865
			vertex -0.764917254447937 3.078407099246978 3
		endloop
	endfacet
	facet normal -0.6536451330744031 -0.6536451330744031 -0.3814394840814093
		outer loop
			vertex -0.8801811933517456 3.2514402770996087 2.9010050520300865
			vertex -0.7385597229003906 3.1098188066482537 2.9010050520300865
			vertex -0.764917254447937 3.078407099246978 3
		endloop
	endfacet
	facet normal -0.5302106381601174 -0.7572189766226678 -0.38143951109495805
		outer loop
			vertex -0.764917254447937 3.078407099246978 3
			vertex -0.7385597229003906 3.1098188066482537 2.9010050520300865
			vertex -0.5950000286102295 2.959429731369018 3
		endloop
	endfacet
	facet normal -0.5302104746464662 -0.757218973816169 -0.3814397439543462
		outer loop
			vertex -0.7385597229003906 3.1098188066482537 2.9010050520300865
			vertex -0.5744974613189697 2.9949411654472344 2.9010050520300865
			vertex -0.5950000286102295 2.959429731369018 3
		endloop
	endfacet
	facet normal -0.3906656883094385 -0.8377852165653551 -0.38143970805653393
		outer loop
			vertex -0.5950000286102295 2.959429731369018 3
			vertex -0.5744974613189697 2.9949411654472344 2.9010050520300865
			vertex -0.4070039689540863 2.871765723228454 3
		endloop
	endfacet
	facet normal -0.39066530070983163 -0.8377851413405386 -0.3814402702525136
		outer loop
			vertex -0.5744974613189697 2.9949411654472344 2.9010050520300865
			vertex -0.3929794132709503 2.910297980308532 2.9010050520300865
			vertex -0.4070039689540863 2.871765723228454 3
		endloop
	endfacet
	facet normal -0.23925050889252683 -0.8928955624497305 -0.38144030798048445
		outer loop
			vertex -0.4070039689540863 2.871765723228454 3
			vertex -0.3929794132709503 2.910297980308532 2.9010050520300865
			vertex -0.2066413313150406 2.8180787467956536 3
		endloop
	endfacet
	facet normal -0.23925081741320411 -0.8928956807768337 -0.38143983748055044
		outer loop
			vertex -0.3929794132709503 2.910297980308532 2.9010050520300865
			vertex -0.19952088594436646 2.8584608936309808 2.9010050520300865
			vertex -0.2066413313150406 2.8180787467956536 3
		endloop
	endfacet
	facet normal -0.08056634862557183 -0.9208760449165498 -0.3814398686136458
		outer loop
			vertex -0.2066413313150406 2.8180787467956536 3
			vertex -0.19952088594436646 2.8584608936309808 2.9010050520300865
			vertex -2.1859945723075205e-16 2.7999999427795403 3
		endloop
	endfacet
	facet normal -0.08056620998474229 -0.9208759616676091 -0.3814400988772034
		outer loop
			vertex -0.19952088594436646 2.8584608936309808 2.9010050520300865
			vertex -2.1106695204949717e-16 2.84100507736206 2.9010050520300865
			vertex -2.1859945723075205e-16 2.7999999427795403 3
		endloop
	endfacet
	facet normal 0.08056634048958877 -0.9208759519219949 -0.3814400948404295
		outer loop
			vertex -2.1859945723075205e-16 2.7999999427795403 3
			vertex -2.1106695204949717e-16 2.84100507736206 2.9010050520300865
			vertex 0.2066413313150406 2.8180787467956536 3
		endloop
	endfacet
	facet normal 0.08056621841106616 -0.9208760579809302 -0.38143986457689893
		outer loop
			vertex -2.1106695204949717e-16 2.84100507736206 2.9010050520300865
			vertex 0.19952088594436646 2.8584608936309808 2.9010050520300865
			vertex 0.2066413313150406 2.8180787467956536 3
		endloop
	endfacet
	facet normal 0.23925055826032493 -0.8928957466929659 -0.3814398457289614
		outer loop
			vertex 0.2066413313150406 2.8180787467956536 3
			vertex 0.19952088594436646 2.8584608936309808 2.9010050520300865
			vertex 0.4070039689540863 2.871765723228454 3
		endloop
	endfacet
	facet normal 0.2392507662835264 -0.892895489958391 -0.3814403162287789
		outer loop
			vertex 0.19952088594436646 2.8584608936309808 2.9010050520300865
			vertex 0.3929794132709503 2.910297980308532 2.9010050520300865
			vertex 0.4070039689540863 2.871765723228454 3
		endloop
	endfacet
	facet normal 0.39066559198775835 -0.8377850100028592 -0.38144026039651846
		outer loop
			vertex 0.4070039689540863 2.871765723228454 3
			vertex 0.3929794132709503 2.910297980308532 2.9010050520300865
			vertex 0.5950000286102295 2.959429731369018 3
		endloop
	endfacet
	facet normal 0.39066540046897963 -0.8377853552749008 -0.3814396982005412
		outer loop
			vertex 0.3929794132709503 2.910297980308532 2.9010050520300865
			vertex 0.5744974613189697 2.9949411654472344 2.9010050520300865
			vertex 0.5950000286102295 2.959429731369018 3
		endloop
	endfacet
	facet normal 0.5302105840133114 -0.7572188992930443 -0.3814397398720983
		outer loop
			vertex 0.5950000286102295 2.959429731369018 3
			vertex 0.5744974613189697 2.9949411654472344 2.9010050520300865
			vertex 0.764917254447937 3.078407099246978 3
		endloop
	endfacet
	facet normal 0.5302105307256281 -0.757219053905506 -0.381439507012709
		outer loop
			vertex 0.5744974613189697 2.9949411654472344 2.9010050520300865
			vertex 0.7385597229003906 3.1098188066482537 2.9010050520300865
			vertex 0.764917254447937 3.078407099246978 3
		endloop
	endfacet
	facet normal 0.6536451330744031 -0.6536451330744031 -0.3814394840814093
		outer loop
			vertex 0.764917254447937 3.078407099246978 3
			vertex 0.7385597229003906 3.1098188066482537 2.9010050520300865
			vertex 0.9115929007530212 3.2250827455520623 3
		endloop
	endfacet
	facet normal 0.6536451330744031 -0.6536451330744031 -0.3814394840814093
		outer loop
			vertex 0.7385597229003906 3.1098188066482537 2.9010050520300865
			vertex 0.8801811933517456 3.2514402770996087 2.9010050520300865
			vertex 0.9115929007530212 3.2250827455520623 3
		endloop
	endfacet
	facet normal 0.7572189766226678 -0.5302106381601174 -0.38143951109495805
		outer loop
			vertex 0.9115929007530212 3.2250827455520623 3
			vertex 0.8801811933517456 3.2514402770996087 2.9010050520300865
			vertex 1.0305702686309814 3.39499997138977 3
		endloop
	endfacet
	facet normal 0.757218973816169 -0.5302104746464662 -0.3814397439543462
		outer loop
			vertex 0.8801811933517456 3.2514402770996087 2.9010050520300865
			vertex 0.9950588345527649 3.4155025386810296 2.9010050520300865
			vertex 1.0305702686309814 3.39499997138977 3
		endloop
	endfacet
	facet normal 0.8377852165653551 -0.3906656883094385 -0.38143970805653393
		outer loop
			vertex 1.0305702686309814 3.39499997138977 3
			vertex 0.9950588345527649 3.4155025386810296 2.9010050520300865
			vertex 1.1182342767715454 3.582996031045913 3
		endloop
	endfacet
	facet normal 0.8377851413405386 -0.39066530070983163 -0.3814402702525136
		outer loop
			vertex 0.9950588345527649 3.4155025386810296 2.9010050520300865
			vertex 1.0797020196914673 3.597020586729049 2.9010050520300865
			vertex 1.1182342767715454 3.582996031045913 3
		endloop
	endfacet
	facet normal 0.8928955624497305 -0.23925050889252683 -0.38144030798048445
		outer loop
			vertex 1.1182342767715454 3.582996031045913 3
			vertex 1.0797020196914673 3.597020586729049 2.9010050520300865
			vertex 1.1719212532043457 3.7833586686849587 3
		endloop
	endfacet
	facet normal 0.8928956807768337 -0.23925081741320411 -0.38143983748055044
		outer loop
			vertex 1.0797020196914673 3.597020586729049 2.9010050520300865
			vertex 1.1315391063690186 3.790479114055633 2.9010050520300865
			vertex 1.1719212532043457 3.7833586686849587 3
		endloop
	endfacet
	facet normal 0.9208760449165497 -0.08056634862557191 -0.38143986861364587
		outer loop
			vertex 1.1719212532043457 3.7833586686849587 3
			vertex 1.1315391063690186 3.790479114055633 2.9010050520300865
			vertex 1.190000057220459 3.989999999999999 3
		endloop
	endfacet
	facet normal 0.920875961667609 -0.08056620998474238 -0.3814400988772035
		outer loop
			vertex 1.1315391063690186 3.790479114055633 2.9010050520300865
			vertex 1.1489949226379395 3.989999999999999 2.9010050520300865
			vertex 1.190000057220459 3.989999999999999 3
		endloop
	endfacet
	facet normal 1 0 0
		outer loop
			vertex -1.5599999964237212 0.899999988079071 -3.4099999964237213
			vertex -1.5599999964237212 1.1920928966180355e-8 -3.4099999964237213
			vertex -1.5599999964237212 0.899999988079071 -3.5900000035762787
		endloop
	endfacet
	facet normal 1 0 0
		outer loop
			vertex -1.5599999964237212 1.1920928966180355e-8 -3.4099999964237213
			vertex -1.5599999964237212 1.1920928966180355e-8 -3.5900000035762787
			vertex -1.5599999964237212 0.899999988079071 -3.5900000035762787
		endloop
	endfacet
	facet normal -1 0 0
		outer loop
			vertex -1.7400000035762786 0.899999988079071 -3.5900000035762787
			vertex -1.7400000035762786 1.1920928966180355e-8 -3.5900000035762787
			vertex -1.7400000035762786 0.899999988079071 -3.4099999964237213
		endloop
	endfacet
	facet normal -1 0 0
		outer loop
			vertex -1.7400000035762786 1.1920928966180355e-8 -3.5900000035762787
			vertex -1.7400000035762786 1.1920928966180355e-8 -3.4099999964237213
			vertex -1.7400000035762786 0.899999988079071 -3.4099999964237213
		endloop
	endfacet
	facet normal 0 1 0
		outer loop
			vertex -1.7400000035762786 0.899999988079071 -3.5900000035762787
			vertex -1.7400000035762786 0.899999988079071 -3.4099999964237213
			vertex -1.5599999964237212 0.899999988079071 -3.5900000035762787
		endloop
	endfacet
	facet normal 0 1 0
		outer loop
			vertex -1.7400000035762786 0.899999988079071 -3.4099999964237213
			vertex -1.5599999964237212 0.899999988079071 -3.4099999964237213
			vertex -1.5599999964237212 0.899999988079071 -3.5900000035762787
		endloop
	endfacet
	facet normal 0 -1 0
		outer loop
			vertex -1.7400000035762786 1.1920928966180355e-8 -3.4099999964237213
			vertex -1.7400000035762786 1.1920928966180355e-8 -3.5900000035762787
			vertex -1.5599999964237212 1.1920928966180355e-8 -3.4099999964237213
		endloop
	endfacet
	facet normal 0 -1 0
		outer loop
			vertex -1.7400000035762786 1.1920928966180355e-8 -3.5900000035762787
			vertex -1.5599999964237212 1.1920928966180355e-8 -3.5900000035762787
			vertex -1.5599999964237212 1.1920928966180355e-8 -3.4099999964237213
		endloop
	endfacet
	facet normal 0 0 1
		outer loop
			vertex -1.7400000035762786 0.899999988079071 -3.4099999964237213
			vertex -1.7400000035762786 1.1920928966180355e-8 -3.4099999964237213
			vertex -1.5599999964237212 0.899999988079071 -3.4099999964237213
		endloop
	endfacet
	facet normal 0 0 1
		outer loop
			vertex -1.7400000035762786 1.1920928966180355e-8 -3.4099999964237213
			vertex -1.5599999964237212 1.1920928966180355e-8 -3.4099999964237213
			vertex -1.5599999964237212 0.899999988079071 -3.4099999964237213
		endloop
	endfacet
	facet normal 0 0 -1
		outer loop
			vertex -1.5599999964237212 0.899999988079071 -3.5900000035762787
			vertex -1.5599999964237212 1.1920928966180355e-8 -3.5900000035762787
			vertex -1.7400000035762786 0.899999988079071 -3.5900000035762787
		endloop
	endfacet
	facet normal 0 0 -1
		outer loop
			vertex -1.5599999964237212 1.1920928966180355e-8 -3.5900000035762787
			vertex -1.7400000035762786 1.1920928966180355e-8 -3.5900000035762787
			vertex -1.7400000035762786 0.899999988079071 -3.5900000035762787
		endloop
	endfacet
	facet normal 1 0 0
		outer loop
			vertex 1.7400000035762786 0.899999988079071 -3.4099999964237213
			vertex 1.7400000035762786 1.1920928966180355e-8 -3.4099999964237213
			vertex 1.7400000035762786 0.899999988079071 -3.5900000035762787
		endloop
	endfacet
	facet normal 1 0 0
		outer loop
			vertex 1.7400000035762786 1.1920928966180355e-8 -3.4099999964237213
			vertex 1.7400000035762786 1.1920928966180355e-8 -3.5900000035762787
			vertex 1.7400000035762786 0.899999988079071 -3.5900000035762787
		endloop
	endfacet
	facet normal -1 0 0
		outer loop
			vertex 1.5599999964237212 0.899999988079071 -3.5900000035762787
			vertex 1.5599999964237212 1.1920928966180355e-8 -3.5900000035762787
			vertex 1.5599999964237212 0.899999988079071 -3.4099999964237213
		endloop
	endfacet
	facet normal -1 0 0
		outer loop
			vertex 1.5599999964237212 1.1920928966180355e-8 -3.5900000035762787
			vertex 1.5599999964237212 1.1920928966180355e-8 -3.4099999964237213
			vertex 1.5599999964237212 0.899999988079071 -3.4099999964237213
		endloop
	endfacet
	facet normal 0 1 0
		outer loop
			vertex 1.5599999964237212 0.899999988079071 -3.5900000035762787
			vertex 1.5599999964237212 0.899999988079071 -3.4099999964237213
			vertex 1.7400000035762786 0.899999988079071 -3.5900000035762787
		endloop
	endfacet
	facet normal 0 1 0
		outer loop
			vertex 1.5599999964237212 0.899999988079071 -3.4099999964237213
			vertex 1.7400000035762786 0.899999988079071 -3.4099999964237213
			vertex 1.7400000035762786 0.899999988079071 -3.5900000035762787
		endloop
	endfacet
	facet normal 0 -1 0
		outer loop
			vertex 1.5599999964237212 1.1920928966180355e-8 -3.4099999964237213
			vertex 1.5599999964237212 1.1920928966180355e-8 -3.5900000035762787
			vertex 1.7400000035762786 1.1920928966180355e-8 -3.4099999964237213
		endloop
	endfacet
	facet normal 0 -1 0
		outer loop
			vertex 1.5599999964237212 1.1920928966180355e-8 -3.5900000035762787
			vertex 1.7400000035762786 1.1920928966180355e-8 -3.5900000035762787
			vertex 1.7400000035762786 1.1920928966180355e-8 -3.4099999964237213
		endloop
	endfacet
	facet normal 0 0 1
		outer loop
			vertex 1.5599999964237212 0.899999988079071 -3.4099999964237213
			vertex 1.5599999964237212 1.1920928966180355e-8 -3.4099999964237213
			vertex 1.7400000035762786 0.899999988079071 -3.4099999964237213
		endloop
	endfacet
	facet normal 0 0 1
		outer loop
			vertex 1.5599999964237212 1.1920928966180355e-8 -3.4099999964237213
			vertex 1.7400000035762786 1.1920928966180355e-8 -3.4099999964237213
			vertex 1.7400000035762786 0.899999988079071 -3.4099999964237213
		endloop
	endfacet
	facet normal 0 0 -1
		outer loop
			vertex 1.7400000035762786 0.899999988079071 -3.5900000035762787
			vertex 1.7400000035762786 1.1920928966180355e-8 -3.5900000035762787
			vertex 1.5599999964237212 0.899999988079071 -3.5900000035762787
		endloop
	endfacet
	facet normal 0 0 -1
		outer loop
			vertex 1.7400000035762786 1.1920928966180355e-8 -3.5900000035762787
			vertex 1.5599999964237212 1.1920928966180355e-8 -3.5900000035762787
			vertex 1.5599999964237212 0.899999988079071 -3.5900000035762787
		endloop
	endfacet
endsolid exported
